scenario_id,project_id,rank,student_id
teacher_rank,1,1,207
teacher_rank,1,2,182
teacher_rank,1,3,146
teacher_rank,1,4,141
teacher_rank,1,5,192
teacher_rank,1,6,210
teacher_rank,1,7,213
teacher_rank,1,8,171
teacher_rank,1,9,248
teacher_rank,1,10,216
teacher_rank,1,11,256
teacher_rank,1,12,265
teacher_rank,1,13,242
teacher_rank,1,14,272
teacher_rank,1,15,184
teacher_rank,1,16,215
teacher_rank,1,17,165
teacher_rank,1,18,166
teacher_rank,1,19,238
teacher_rank,1,20,270
teacher_rank,1,21,244
teacher_rank,1,22,241
teacher_rank,1,23,151
teacher_rank,1,24,173
teacher_rank,1,25,240
teacher_rank,1,26,249
teacher_rank,1,27,243
teacher_rank,1,28,262
teacher_rank,1,29,197
teacher_rank,1,30,200
teacher_rank,1,31,189
teacher_rank,1,32,236
teacher_rank,1,33,251
teacher_rank,1,34,258
teacher_rank,1,35,178
teacher_rank,1,36,221
teacher_rank,1,37,253
teacher_rank,1,38,174
teacher_rank,1,39,234
teacher_rank,1,40,224
teacher_rank,1,41,246
teacher_rank,1,42,211
teacher_rank,1,43,275
teacher_rank,1,44,162
teacher_rank,1,45,247
teacher_rank,1,46,152
teacher_rank,1,47,164
teacher_rank,1,48,202
teacher_rank,1,49,159
teacher_rank,1,50,160
teacher_rank,1,51,208
teacher_rank,1,52,271
teacher_rank,1,53,190
teacher_rank,1,54,144
teacher_rank,1,55,194
teacher_rank,1,56,254
teacher_rank,1,57,148
teacher_rank,1,58,176
teacher_rank,1,59,255
teacher_rank,1,60,257
teacher_rank,1,61,220
teacher_rank,1,62,195
teacher_rank,1,63,196
teacher_rank,1,64,147
teacher_rank,1,65,233
teacher_rank,1,66,266
teacher_rank,1,67,235
teacher_rank,1,68,133
teacher_rank,1,69,156
teacher_rank,1,70,175
teacher_rank,1,71,136
teacher_rank,1,72,158
teacher_rank,1,73,239
teacher_rank,1,74,226
teacher_rank,1,75,193
teacher_rank,1,76,218
teacher_rank,1,77,191
teacher_rank,1,78,183
teacher_rank,1,79,229
teacher_rank,1,80,260
teacher_rank,1,81,142
teacher_rank,1,82,231
teacher_rank,1,83,278
teacher_rank,1,84,188
teacher_rank,1,85,222
teacher_rank,1,86,223
teacher_rank,1,87,209
teacher_rank,1,88,232
teacher_rank,1,89,267
teacher_rank,1,90,177
teacher_rank,1,91,245
teacher_rank,1,92,186
teacher_rank,1,93,263
teacher_rank,1,94,157
teacher_rank,1,95,161
teacher_rank,1,96,280
teacher_rank,1,97,172
teacher_rank,1,98,169
teacher_rank,1,99,139
teacher_rank,1,100,252
teacher_rank,1,101,198
teacher_rank,1,102,179
teacher_rank,1,103,273
teacher_rank,1,104,201
teacher_rank,1,105,219
teacher_rank,1,106,153
teacher_rank,1,107,134
teacher_rank,1,108,276
teacher_rank,1,109,206
teacher_rank,1,110,199
teacher_rank,1,111,145
teacher_rank,1,112,143
teacher_rank,1,113,150
teacher_rank,1,114,180
teacher_rank,1,115,264
teacher_rank,1,116,187
teacher_rank,1,117,140
teacher_rank,1,118,155
teacher_rank,1,119,131
teacher_rank,1,120,217
teacher_rank,1,121,269
teacher_rank,1,122,181
teacher_rank,1,123,227
teacher_rank,1,124,274
teacher_rank,1,125,167
teacher_rank,1,126,212
teacher_rank,1,127,154
teacher_rank,1,128,261
teacher_rank,1,129,185
teacher_rank,1,130,205
teacher_rank,1,131,250
teacher_rank,1,132,204
teacher_rank,1,133,279
teacher_rank,1,134,237
teacher_rank,1,135,230
teacher_rank,1,136,170
teacher_rank,1,137,259
teacher_rank,1,138,135
teacher_rank,1,139,214
teacher_rank,1,140,168
teacher_rank,1,141,203
teacher_rank,1,142,138
teacher_rank,1,143,137
teacher_rank,1,144,268
teacher_rank,1,145,132
teacher_rank,1,146,277
teacher_rank,1,147,225
teacher_rank,1,148,163
teacher_rank,1,149,149
teacher_rank,1,150,228
teacher_rank,2,1,207
teacher_rank,2,2,146
teacher_rank,2,3,182
teacher_rank,2,4,272
teacher_rank,2,5,141
teacher_rank,2,6,221
teacher_rank,2,7,249
teacher_rank,2,8,171
teacher_rank,2,9,242
teacher_rank,2,10,248
teacher_rank,2,11,184
teacher_rank,2,12,192
teacher_rank,2,13,210
teacher_rank,2,14,173
teacher_rank,2,15,265
teacher_rank,2,16,174
teacher_rank,2,17,256
teacher_rank,2,18,200
teacher_rank,2,19,213
teacher_rank,2,20,270
teacher_rank,2,21,165
teacher_rank,2,22,183
teacher_rank,2,23,258
teacher_rank,2,24,189
teacher_rank,2,25,241
teacher_rank,2,26,244
teacher_rank,2,27,197
teacher_rank,2,28,238
teacher_rank,2,29,215
teacher_rank,2,30,243
teacher_rank,2,31,166
teacher_rank,2,32,240
teacher_rank,2,33,259
teacher_rank,2,34,253
teacher_rank,2,35,216
teacher_rank,2,36,188
teacher_rank,2,37,246
teacher_rank,2,38,194
teacher_rank,2,39,264
teacher_rank,2,40,262
teacher_rank,2,41,164
teacher_rank,2,42,266
teacher_rank,2,43,271
teacher_rank,2,44,223
teacher_rank,2,45,150
teacher_rank,2,46,208
teacher_rank,2,47,275
teacher_rank,2,48,172
teacher_rank,2,49,228
teacher_rank,2,50,147
teacher_rank,2,51,254
teacher_rank,2,52,190
teacher_rank,2,53,159
teacher_rank,2,54,158
teacher_rank,2,55,148
teacher_rank,2,56,251
teacher_rank,2,57,176
teacher_rank,2,58,191
teacher_rank,2,59,195
teacher_rank,2,60,201
teacher_rank,2,61,181
teacher_rank,2,62,178
teacher_rank,2,63,196
teacher_rank,2,64,229
teacher_rank,2,65,220
teacher_rank,2,66,211
teacher_rank,2,67,160
teacher_rank,2,68,202
teacher_rank,2,69,144
teacher_rank,2,70,134
teacher_rank,2,71,227
teacher_rank,2,72,175
teacher_rank,2,73,245
teacher_rank,2,74,161
teacher_rank,2,75,151
teacher_rank,2,76,233
teacher_rank,2,77,157
teacher_rank,2,78,152
teacher_rank,2,79,219
teacher_rank,2,80,193
teacher_rank,2,81,209
teacher_rank,2,82,236
teacher_rank,2,83,133
teacher_rank,2,84,239
teacher_rank,2,85,142
teacher_rank,2,86,247
teacher_rank,2,87,234
teacher_rank,2,88,180
teacher_rank,2,89,205
teacher_rank,2,90,143
teacher_rank,2,91,177
teacher_rank,2,92,139
teacher_rank,2,93,237
teacher_rank,2,94,260
teacher_rank,2,95,257
teacher_rank,2,96,169
teacher_rank,2,97,269
teacher_rank,2,98,179
teacher_rank,2,99,267
teacher_rank,2,100,280
teacher_rank,2,101,136
teacher_rank,2,102,252
teacher_rank,2,103,155
teacher_rank,2,104,279
teacher_rank,2,105,226
teacher_rank,2,106,276
teacher_rank,2,107,225
teacher_rank,2,108,140
teacher_rank,2,109,170
teacher_rank,2,110,224
teacher_rank,2,111,231
teacher_rank,2,112,186
teacher_rank,2,113,263
teacher_rank,2,114,154
teacher_rank,2,115,198
teacher_rank,2,116,145
teacher_rank,2,117,156
teacher_rank,2,118,162
teacher_rank,2,119,135
teacher_rank,2,120,268
teacher_rank,2,121,273
teacher_rank,2,122,153
teacher_rank,2,123,217
teacher_rank,2,124,232
teacher_rank,2,125,187
teacher_rank,2,126,212
teacher_rank,2,127,261
teacher_rank,2,128,199
teacher_rank,2,129,137
teacher_rank,2,130,278
teacher_rank,2,131,167
teacher_rank,2,132,206
teacher_rank,2,133,131
teacher_rank,2,134,185
teacher_rank,2,135,235
teacher_rank,2,136,149
teacher_rank,2,137,218
teacher_rank,2,138,168
teacher_rank,2,139,230
teacher_rank,2,140,255
teacher_rank,2,141,203
teacher_rank,2,142,163
teacher_rank,2,143,222
teacher_rank,2,144,138
teacher_rank,2,145,204
teacher_rank,2,146,132
teacher_rank,2,147,277
teacher_rank,2,148,214
teacher_rank,2,149,250
teacher_rank,2,150,274
teacher_rank,3,1,151
teacher_rank,3,2,231
teacher_rank,3,3,257
teacher_rank,3,4,222
teacher_rank,3,5,250
teacher_rank,3,6,278
teacher_rank,3,7,199
teacher_rank,3,8,136
teacher_rank,3,9,161
teacher_rank,3,10,234
teacher_rank,3,11,141
teacher_rank,3,12,232
teacher_rank,3,13,179
teacher_rank,3,14,162
teacher_rank,3,15,217
teacher_rank,3,16,218
teacher_rank,3,17,243
teacher_rank,3,18,164
teacher_rank,3,19,235
teacher_rank,3,20,213
teacher_rank,3,21,211
teacher_rank,3,22,132
teacher_rank,3,23,253
teacher_rank,3,24,173
teacher_rank,3,25,208
teacher_rank,3,26,262
teacher_rank,3,27,220
teacher_rank,3,28,138
teacher_rank,3,29,212
teacher_rank,3,30,236
teacher_rank,3,31,255
teacher_rank,3,32,240
teacher_rank,3,33,247
teacher_rank,3,34,186
teacher_rank,3,35,226
teacher_rank,3,36,169
teacher_rank,3,37,174
teacher_rank,3,38,194
teacher_rank,3,39,139
teacher_rank,3,40,134
teacher_rank,3,41,187
teacher_rank,3,42,160
teacher_rank,3,43,224
teacher_rank,3,44,200
teacher_rank,3,45,274
teacher_rank,3,46,206
teacher_rank,3,47,267
teacher_rank,3,48,156
teacher_rank,3,49,178
teacher_rank,3,50,148
teacher_rank,3,51,233
teacher_rank,3,52,146
teacher_rank,3,53,251
teacher_rank,3,54,167
teacher_rank,3,55,143
teacher_rank,3,56,182
teacher_rank,3,57,189
teacher_rank,3,58,198
teacher_rank,3,59,163
teacher_rank,3,60,153
teacher_rank,3,61,237
teacher_rank,3,62,166
teacher_rank,3,63,223
teacher_rank,3,64,273
teacher_rank,3,65,133
teacher_rank,3,66,258
teacher_rank,3,67,192
teacher_rank,3,68,275
teacher_rank,3,69,269
teacher_rank,3,70,176
teacher_rank,3,71,277
teacher_rank,3,72,202
teacher_rank,3,73,142
teacher_rank,3,74,248
teacher_rank,3,75,204
teacher_rank,3,76,140
teacher_rank,3,77,175
teacher_rank,3,78,152
teacher_rank,3,79,221
teacher_rank,3,80,145
teacher_rank,3,81,209
teacher_rank,3,82,216
teacher_rank,3,83,201
teacher_rank,3,84,266
teacher_rank,3,85,254
teacher_rank,3,86,168
teacher_rank,3,87,150
teacher_rank,3,88,239
teacher_rank,3,89,159
teacher_rank,3,90,171
teacher_rank,3,91,131
teacher_rank,3,92,154
teacher_rank,3,93,280
teacher_rank,3,94,210
teacher_rank,3,95,144
teacher_rank,3,96,155
teacher_rank,3,97,172
teacher_rank,3,98,259
teacher_rank,3,99,193
teacher_rank,3,100,252
teacher_rank,3,101,137
teacher_rank,3,102,249
teacher_rank,3,103,157
teacher_rank,3,104,244
teacher_rank,3,105,188
teacher_rank,3,106,197
teacher_rank,3,107,147
teacher_rank,3,108,264
teacher_rank,3,109,268
teacher_rank,3,110,185
teacher_rank,3,111,183
teacher_rank,3,112,135
teacher_rank,3,113,238
teacher_rank,3,114,215
teacher_rank,3,115,181
teacher_rank,3,116,272
teacher_rank,3,117,165
teacher_rank,3,118,191
teacher_rank,3,119,260
teacher_rank,3,120,207
teacher_rank,3,121,271
teacher_rank,3,122,242
teacher_rank,3,123,227
teacher_rank,3,124,256
teacher_rank,3,125,196
teacher_rank,3,126,246
teacher_rank,3,127,230
teacher_rank,3,128,228
teacher_rank,3,129,170
teacher_rank,3,130,263
teacher_rank,3,131,276
teacher_rank,3,132,241
teacher_rank,3,133,261
teacher_rank,3,134,245
teacher_rank,3,135,225
teacher_rank,3,136,265
teacher_rank,3,137,229
teacher_rank,3,138,180
teacher_rank,3,139,195
teacher_rank,3,140,149
teacher_rank,3,141,190
teacher_rank,3,142,279
teacher_rank,3,143,177
teacher_rank,3,144,270
teacher_rank,3,145,158
teacher_rank,3,146,214
teacher_rank,3,147,205
teacher_rank,3,148,219
teacher_rank,3,149,184
teacher_rank,3,150,203
teacher_rank,9,1,189
teacher_rank,9,2,174
teacher_rank,9,3,173
teacher_rank,9,4,194
teacher_rank,9,5,243
teacher_rank,9,6,249
teacher_rank,9,7,236
teacher_rank,9,8,258
teacher_rank,9,9,271
teacher_rank,9,10,164
teacher_rank,9,11,172
teacher_rank,9,12,210
teacher_rank,9,13,178
teacher_rank,9,14,188
teacher_rank,9,15,196
teacher_rank,9,16,221
teacher_rank,9,17,182
teacher_rank,9,18,253
teacher_rank,9,19,207
teacher_rank,9,20,150
teacher_rank,9,21,256
teacher_rank,9,22,228
teacher_rank,9,23,266
teacher_rank,9,24,171
teacher_rank,9,25,141
teacher_rank,9,26,248
teacher_rank,9,27,223
teacher_rank,9,28,265
teacher_rank,9,29,146
teacher_rank,9,30,259
teacher_rank,9,31,192
teacher_rank,9,32,165
teacher_rank,9,33,213
teacher_rank,9,34,242
teacher_rank,9,35,216
teacher_rank,9,36,272
teacher_rank,9,37,280
teacher_rank,9,38,184
teacher_rank,9,39,215
teacher_rank,9,40,241
teacher_rank,9,41,166
teacher_rank,9,42,270
teacher_rank,9,43,238
teacher_rank,9,44,200
teacher_rank,9,45,244
teacher_rank,9,46,262
teacher_rank,9,47,151
teacher_rank,9,48,240
teacher_rank,9,49,275
teacher_rank,9,50,197
teacher_rank,9,51,175
teacher_rank,9,52,247
teacher_rank,9,53,183
teacher_rank,9,54,239
teacher_rank,9,55,185
teacher_rank,9,56,148
teacher_rank,9,57,246
teacher_rank,9,58,162
teacher_rank,9,59,232
teacher_rank,9,60,257
teacher_rank,9,61,251
teacher_rank,9,62,159
teacher_rank,9,63,252
teacher_rank,9,64,263
teacher_rank,9,65,139
teacher_rank,9,66,154
teacher_rank,9,67,233
teacher_rank,9,68,180
teacher_rank,9,69,160
teacher_rank,9,70,208
teacher_rank,9,71,177
teacher_rank,9,72,264
teacher_rank,9,73,273
teacher_rank,9,74,211
teacher_rank,9,75,220
teacher_rank,9,76,276
teacher_rank,9,77,201
teacher_rank,9,78,234
teacher_rank,9,79,254
teacher_rank,9,80,190
teacher_rank,9,81,143
teacher_rank,9,82,268
teacher_rank,9,83,209
teacher_rank,9,84,218
teacher_rank,9,85,202
teacher_rank,9,86,156
teacher_rank,9,87,152
teacher_rank,9,88,137
teacher_rank,9,89,260
teacher_rank,9,90,219
teacher_rank,9,91,155
teacher_rank,9,92,186
teacher_rank,9,93,136
teacher_rank,9,94,191
teacher_rank,9,95,224
teacher_rank,9,96,225
teacher_rank,9,97,226
teacher_rank,9,98,142
teacher_rank,9,99,237
teacher_rank,9,100,229
teacher_rank,9,101,134
teacher_rank,9,102,227
teacher_rank,9,103,161
teacher_rank,9,104,235
teacher_rank,9,105,144
teacher_rank,9,106,278
teacher_rank,9,107,206
teacher_rank,9,108,187
teacher_rank,9,109,230
teacher_rank,9,110,131
teacher_rank,9,111,231
teacher_rank,9,112,157
teacher_rank,9,113,133
teacher_rank,9,114,145
teacher_rank,9,115,222
teacher_rank,9,116,147
teacher_rank,9,117,269
teacher_rank,9,118,250
teacher_rank,9,119,179
teacher_rank,9,120,195
teacher_rank,9,121,204
teacher_rank,9,122,168
teacher_rank,9,123,267
teacher_rank,9,124,261
teacher_rank,9,125,138
teacher_rank,9,126,140
teacher_rank,9,127,158
teacher_rank,9,128,245
teacher_rank,9,129,167
teacher_rank,9,130,181
teacher_rank,9,131,198
teacher_rank,9,132,176
teacher_rank,9,133,212
teacher_rank,9,134,170
teacher_rank,9,135,255
teacher_rank,9,136,169
teacher_rank,9,137,153
teacher_rank,9,138,217
teacher_rank,9,139,279
teacher_rank,9,140,199
teacher_rank,9,141,277
teacher_rank,9,142,135
teacher_rank,9,143,163
teacher_rank,9,144,132
teacher_rank,9,145,193
teacher_rank,9,146,205
teacher_rank,9,147,274
teacher_rank,9,148,214
teacher_rank,9,149,203
teacher_rank,9,150,149
teacher_rank,10,1,207
teacher_rank,10,2,183
teacher_rank,10,3,269
teacher_rank,10,4,173
teacher_rank,10,5,221
teacher_rank,10,6,182
teacher_rank,10,7,200
teacher_rank,10,8,174
teacher_rank,10,9,146
teacher_rank,10,10,141
teacher_rank,10,11,248
teacher_rank,10,12,213
teacher_rank,10,13,249
teacher_rank,10,14,175
teacher_rank,10,15,184
teacher_rank,10,16,181
teacher_rank,10,17,258
teacher_rank,10,18,148
teacher_rank,10,19,242
teacher_rank,10,20,201
teacher_rank,10,21,243
teacher_rank,10,22,233
teacher_rank,10,23,171
teacher_rank,10,24,277
teacher_rank,10,25,238
teacher_rank,10,26,240
teacher_rank,10,27,210
teacher_rank,10,28,197
teacher_rank,10,29,259
teacher_rank,10,30,272
teacher_rank,10,31,188
teacher_rank,10,32,212
teacher_rank,10,33,189
teacher_rank,10,34,223
teacher_rank,10,35,265
teacher_rank,10,36,216
teacher_rank,10,37,192
teacher_rank,10,38,253
teacher_rank,10,39,139
teacher_rank,10,40,256
teacher_rank,10,41,246
teacher_rank,10,42,194
teacher_rank,10,43,264
teacher_rank,10,44,165
teacher_rank,10,45,235
teacher_rank,10,46,215
teacher_rank,10,47,154
teacher_rank,10,48,241
teacher_rank,10,49,270
teacher_rank,10,50,271
teacher_rank,10,51,166
teacher_rank,10,52,131
teacher_rank,10,53,164
teacher_rank,10,54,262
teacher_rank,10,55,205
teacher_rank,10,56,266
teacher_rank,10,57,150
teacher_rank,10,58,142
teacher_rank,10,59,214
teacher_rank,10,60,156
teacher_rank,10,61,208
teacher_rank,10,62,162
teacher_rank,10,63,244
teacher_rank,10,64,172
teacher_rank,10,65,153
teacher_rank,10,66,275
teacher_rank,10,67,228
teacher_rank,10,68,147
teacher_rank,10,69,155
teacher_rank,10,70,237
teacher_rank,10,71,191
teacher_rank,10,72,234
teacher_rank,10,73,176
teacher_rank,10,74,151
teacher_rank,10,75,254
teacher_rank,10,76,251
teacher_rank,10,77,229
teacher_rank,10,78,255
teacher_rank,10,79,247
teacher_rank,10,80,190
teacher_rank,10,81,227
teacher_rank,10,82,159
teacher_rank,10,83,136
teacher_rank,10,84,144
teacher_rank,10,85,202
teacher_rank,10,86,134
teacher_rank,10,87,222
teacher_rank,10,88,218
teacher_rank,10,89,245
teacher_rank,10,90,193
teacher_rank,10,91,160
teacher_rank,10,92,236
teacher_rank,10,93,196
teacher_rank,10,94,152
teacher_rank,10,95,195
teacher_rank,10,96,158
teacher_rank,10,97,211
teacher_rank,10,98,257
teacher_rank,10,99,226
teacher_rank,10,100,180
teacher_rank,10,101,161
teacher_rank,10,102,220
teacher_rank,10,103,178
teacher_rank,10,104,260
teacher_rank,10,105,145
teacher_rank,10,106,225
teacher_rank,10,107,133
teacher_rank,10,108,198
teacher_rank,10,109,157
teacher_rank,10,110,177
teacher_rank,10,111,199
teacher_rank,10,112,239
teacher_rank,10,113,232
teacher_rank,10,114,206
teacher_rank,10,115,219
teacher_rank,10,116,140
teacher_rank,10,117,179
teacher_rank,10,118,169
teacher_rank,10,119,263
teacher_rank,10,120,252
teacher_rank,10,121,279
teacher_rank,10,122,143
teacher_rank,10,123,276
teacher_rank,10,124,231
teacher_rank,10,125,209
teacher_rank,10,126,280
teacher_rank,10,127,204
teacher_rank,10,128,267
teacher_rank,10,129,261
teacher_rank,10,130,217
teacher_rank,10,131,250
teacher_rank,10,132,273
teacher_rank,10,133,268
teacher_rank,10,134,224
teacher_rank,10,135,186
teacher_rank,10,136,137
teacher_rank,10,137,274
teacher_rank,10,138,168
teacher_rank,10,139,163
teacher_rank,10,140,170
teacher_rank,10,141,278
teacher_rank,10,142,167
teacher_rank,10,143,185
teacher_rank,10,144,187
teacher_rank,10,145,203
teacher_rank,10,146,138
teacher_rank,10,147,132
teacher_rank,10,148,230
teacher_rank,10,149,135
teacher_rank,10,150,149
teacher_rank,11,1,182
teacher_rank,11,2,146
teacher_rank,11,3,207
teacher_rank,11,4,248
teacher_rank,11,5,210
teacher_rank,11,6,192
teacher_rank,11,7,141
teacher_rank,11,8,184
teacher_rank,11,9,171
teacher_rank,11,10,213
teacher_rank,11,11,242
teacher_rank,11,12,272
teacher_rank,11,13,216
teacher_rank,11,14,256
teacher_rank,11,15,265
teacher_rank,11,16,165
teacher_rank,11,17,215
teacher_rank,11,18,270
teacher_rank,11,19,241
teacher_rank,11,20,244
teacher_rank,11,21,238
teacher_rank,11,22,166
teacher_rank,11,23,243
teacher_rank,11,24,173
teacher_rank,11,25,189
teacher_rank,11,26,151
teacher_rank,11,27,174
teacher_rank,11,28,200
teacher_rank,11,29,197
teacher_rank,11,30,221
teacher_rank,11,31,249
teacher_rank,11,32,164
teacher_rank,11,33,224
teacher_rank,11,34,236
teacher_rank,11,35,262
teacher_rank,11,36,220
teacher_rank,11,37,251
teacher_rank,11,38,258
teacher_rank,11,39,254
teacher_rank,11,40,178
teacher_rank,11,41,162
teacher_rank,11,42,234
teacher_rank,11,43,176
teacher_rank,11,44,271
teacher_rank,11,45,240
teacher_rank,11,46,144
teacher_rank,11,47,247
teacher_rank,11,48,275
teacher_rank,11,49,266
teacher_rank,11,50,156
teacher_rank,11,51,190
teacher_rank,11,52,231
teacher_rank,11,53,143
teacher_rank,11,54,139
teacher_rank,11,55,253
teacher_rank,11,56,218
teacher_rank,11,57,175
teacher_rank,11,58,257
teacher_rank,11,59,147
teacher_rank,11,60,148
teacher_rank,11,61,159
teacher_rank,11,62,194
teacher_rank,11,63,160
teacher_rank,11,64,133
teacher_rank,11,65,211
teacher_rank,11,66,183
teacher_rank,11,67,195
teacher_rank,11,68,152
teacher_rank,11,69,209
teacher_rank,11,70,193
teacher_rank,11,71,196
teacher_rank,11,72,246
teacher_rank,11,73,239
teacher_rank,11,74,158
teacher_rank,11,75,202
teacher_rank,11,76,186
teacher_rank,11,77,232
teacher_rank,11,78,233
teacher_rank,11,79,264
teacher_rank,11,80,245
teacher_rank,11,81,142
teacher_rank,11,82,169
teacher_rank,11,83,153
teacher_rank,11,84,191
teacher_rank,11,85,223
teacher_rank,11,86,222
teacher_rank,11,87,208
teacher_rank,11,88,134
teacher_rank,11,89,205
teacher_rank,11,90,235
teacher_rank,11,91,199
teacher_rank,11,92,226
teacher_rank,11,93,280
teacher_rank,11,94,136
teacher_rank,11,95,227
teacher_rank,11,96,161
teacher_rank,11,97,229
teacher_rank,11,98,181
teacher_rank,11,99,252
teacher_rank,11,100,273
teacher_rank,11,101,263
teacher_rank,11,102,180
teacher_rank,11,103,255
teacher_rank,11,104,212
teacher_rank,11,105,187
teacher_rank,11,106,261
teacher_rank,11,107,154
teacher_rank,11,108,279
teacher_rank,11,109,278
teacher_rank,11,110,155
teacher_rank,11,111,177
teacher_rank,11,112,201
teacher_rank,11,113,217
teacher_rank,11,114,276
teacher_rank,11,115,206
teacher_rank,11,116,267
teacher_rank,11,117,268
teacher_rank,11,118,157
teacher_rank,11,119,135
teacher_rank,11,120,260
teacher_rank,11,121,172
teacher_rank,11,122,198
teacher_rank,11,123,250
teacher_rank,11,124,167
teacher_rank,11,125,219
teacher_rank,11,126,204
teacher_rank,11,127,179
teacher_rank,11,128,225
teacher_rank,11,129,137
teacher_rank,11,130,188
teacher_rank,11,131,170
teacher_rank,11,132,131
teacher_rank,11,133,237
teacher_rank,11,134,145
teacher_rank,11,135,269
teacher_rank,11,136,150
teacher_rank,11,137,259
teacher_rank,11,138,230
teacher_rank,11,139,132
teacher_rank,11,140,163
teacher_rank,11,141,138
teacher_rank,11,142,149
teacher_rank,11,143,203
teacher_rank,11,144,140
teacher_rank,11,145,277
teacher_rank,11,146,214
teacher_rank,11,147,185
teacher_rank,11,148,228
teacher_rank,11,149,168
teacher_rank,11,150,274
teacher_rank,12,1,176
teacher_rank,12,2,193
teacher_rank,12,3,255
teacher_rank,12,4,274
teacher_rank,12,5,179
teacher_rank,12,6,257
teacher_rank,12,7,278
teacher_rank,12,8,232
teacher_rank,12,9,170
teacher_rank,12,10,234
teacher_rank,12,11,199
teacher_rank,12,12,132
teacher_rank,12,13,163
teacher_rank,12,14,134
teacher_rank,12,15,250
teacher_rank,12,16,231
teacher_rank,12,17,222
teacher_rank,12,18,267
teacher_rank,12,19,218
teacher_rank,12,20,140
teacher_rank,12,21,166
teacher_rank,12,22,206
teacher_rank,12,23,150
teacher_rank,12,24,226
teacher_rank,12,25,192
teacher_rank,12,26,187
teacher_rank,12,27,168
teacher_rank,12,28,162
teacher_rank,12,29,235
teacher_rank,12,30,171
teacher_rank,12,31,254
teacher_rank,12,32,191
teacher_rank,12,33,164
teacher_rank,12,34,141
teacher_rank,12,35,136
teacher_rank,12,36,208
teacher_rank,12,37,243
teacher_rank,12,38,189
teacher_rank,12,39,139
teacher_rank,12,40,159
teacher_rank,12,41,268
teacher_rank,12,42,188
teacher_rank,12,43,143
teacher_rank,12,44,239
teacher_rank,12,45,182
teacher_rank,12,46,160
teacher_rank,12,47,210
teacher_rank,12,48,269
teacher_rank,12,49,236
teacher_rank,12,50,262
teacher_rank,12,51,154
teacher_rank,12,52,177
teacher_rank,12,53,249
teacher_rank,12,54,173
teacher_rank,12,55,272
teacher_rank,12,56,245
teacher_rank,12,57,174
teacher_rank,12,58,240
teacher_rank,12,59,146
teacher_rank,12,60,165
teacher_rank,12,61,220
teacher_rank,12,62,251
teacher_rank,12,63,260
teacher_rank,12,64,152
teacher_rank,12,65,252
teacher_rank,12,66,175
teacher_rank,12,67,183
teacher_rank,12,68,144
teacher_rank,12,69,248
teacher_rank,12,70,180
teacher_rank,12,71,207
teacher_rank,12,72,151
teacher_rank,12,73,265
teacher_rank,12,74,169
teacher_rank,12,75,161
teacher_rank,12,76,167
teacher_rank,12,77,196
teacher_rank,12,78,155
teacher_rank,12,79,178
teacher_rank,12,80,181
teacher_rank,12,81,200
teacher_rank,12,82,271
teacher_rank,12,83,233
teacher_rank,12,84,258
teacher_rank,12,85,137
teacher_rank,12,86,190
teacher_rank,12,87,276
teacher_rank,12,88,253
teacher_rank,12,89,148
teacher_rank,12,90,230
teacher_rank,12,91,221
teacher_rank,12,92,185
teacher_rank,12,93,133
teacher_rank,12,94,217
teacher_rank,12,95,172
teacher_rank,12,96,142
teacher_rank,12,97,273
teacher_rank,12,98,201
teacher_rank,12,99,263
teacher_rank,12,100,209
teacher_rank,12,101,156
teacher_rank,12,102,197
teacher_rank,12,103,215
teacher_rank,12,104,195
teacher_rank,12,105,242
teacher_rank,12,106,256
teacher_rank,12,107,202
teacher_rank,12,108,157
teacher_rank,12,109,280
teacher_rank,12,110,147
teacher_rank,12,111,145
teacher_rank,12,112,247
teacher_rank,12,113,211
teacher_rank,12,114,264
teacher_rank,12,115,204
teacher_rank,12,116,216
teacher_rank,12,117,194
teacher_rank,12,118,198
teacher_rank,12,119,213
teacher_rank,12,120,279
teacher_rank,12,121,131
teacher_rank,12,122,270
teacher_rank,12,123,261
teacher_rank,12,124,229
teacher_rank,12,125,158
teacher_rank,12,126,153
teacher_rank,12,127,138
teacher_rank,12,128,259
teacher_rank,12,129,205
teacher_rank,12,130,227
teacher_rank,12,131,225
teacher_rank,12,132,223
teacher_rank,12,133,275
teacher_rank,12,134,135
teacher_rank,12,135,238
teacher_rank,12,136,266
teacher_rank,12,137,244
teacher_rank,12,138,186
teacher_rank,12,139,184
teacher_rank,12,140,149
teacher_rank,12,141,246
teacher_rank,12,142,219
teacher_rank,12,143,203
teacher_rank,12,144,214
teacher_rank,12,145,241
teacher_rank,12,146,237
teacher_rank,12,147,212
teacher_rank,12,148,277
teacher_rank,12,149,224
teacher_rank,12,150,228
teacher_rank,15,1,269
teacher_rank,15,2,183
teacher_rank,15,3,181
teacher_rank,15,4,173
teacher_rank,15,5,201
teacher_rank,15,6,233
teacher_rank,15,7,174
teacher_rank,15,8,175
teacher_rank,15,9,259
teacher_rank,15,10,200
teacher_rank,15,11,249
teacher_rank,15,12,148
teacher_rank,15,13,221
teacher_rank,15,14,277
teacher_rank,15,15,243
teacher_rank,15,16,258
teacher_rank,15,17,212
teacher_rank,15,18,188
teacher_rank,15,19,139
teacher_rank,15,20,197
teacher_rank,15,21,240
teacher_rank,15,22,253
teacher_rank,15,23,223
teacher_rank,15,24,194
teacher_rank,15,25,156
teacher_rank,15,26,235
teacher_rank,15,27,154
teacher_rank,15,28,131
teacher_rank,15,29,189
teacher_rank,15,30,205
teacher_rank,15,31,264
teacher_rank,15,32,164
teacher_rank,15,33,150
teacher_rank,15,34,246
teacher_rank,15,35,214
teacher_rank,15,36,142
teacher_rank,15,37,162
teacher_rank,15,38,208
teacher_rank,15,39,271
teacher_rank,15,40,266
teacher_rank,15,41,262
teacher_rank,15,42,153
teacher_rank,15,43,228
teacher_rank,15,44,172
teacher_rank,15,45,275
teacher_rank,15,46,237
teacher_rank,15,47,213
teacher_rank,15,48,238
teacher_rank,15,49,229
teacher_rank,15,50,171
teacher_rank,15,51,272
teacher_rank,15,52,251
teacher_rank,15,53,207
teacher_rank,15,54,270
teacher_rank,15,55,182
teacher_rank,15,56,248
teacher_rank,15,57,141
teacher_rank,15,58,234
teacher_rank,15,59,190
teacher_rank,15,60,146
teacher_rank,15,61,191
teacher_rank,15,62,202
teacher_rank,15,63,157
teacher_rank,15,64,155
teacher_rank,15,65,161
teacher_rank,15,66,165
teacher_rank,15,67,255
teacher_rank,15,68,215
teacher_rank,15,69,159
teacher_rank,15,70,216
teacher_rank,15,71,143
teacher_rank,15,72,176
teacher_rank,15,73,184
teacher_rank,15,74,254
teacher_rank,15,75,166
teacher_rank,15,76,242
teacher_rank,15,77,227
teacher_rank,15,78,218
teacher_rank,15,79,134
teacher_rank,15,80,160
teacher_rank,15,81,247
teacher_rank,15,82,265
teacher_rank,15,83,198
teacher_rank,15,84,144
teacher_rank,15,85,133
teacher_rank,15,86,136
teacher_rank,15,87,178
teacher_rank,15,88,147
teacher_rank,15,89,245
teacher_rank,15,90,220
teacher_rank,15,91,193
teacher_rank,15,92,222
teacher_rank,15,93,169
teacher_rank,15,94,195
teacher_rank,15,95,231
teacher_rank,15,96,211
teacher_rank,15,97,226
teacher_rank,15,98,257
teacher_rank,15,99,152
teacher_rank,15,100,158
teacher_rank,15,101,180
teacher_rank,15,102,244
teacher_rank,15,103,204
teacher_rank,15,104,279
teacher_rank,15,105,250
teacher_rank,15,106,145
teacher_rank,15,107,192
teacher_rank,15,108,196
teacher_rank,15,109,260
teacher_rank,15,110,137
teacher_rank,15,111,151
teacher_rank,15,112,199
teacher_rank,15,113,232
teacher_rank,15,114,168
teacher_rank,15,115,236
teacher_rank,15,116,179
teacher_rank,15,117,209
teacher_rank,15,118,140
teacher_rank,15,119,252
teacher_rank,15,120,263
teacher_rank,15,121,177
teacher_rank,15,122,239
teacher_rank,15,123,217
teacher_rank,15,124,219
teacher_rank,15,125,225
teacher_rank,15,126,241
teacher_rank,15,127,187
teacher_rank,15,128,132
teacher_rank,15,129,268
teacher_rank,15,130,267
teacher_rank,15,131,206
teacher_rank,15,132,138
teacher_rank,15,133,273
teacher_rank,15,134,256
teacher_rank,15,135,186
teacher_rank,15,136,163
teacher_rank,15,137,278
teacher_rank,15,138,210
teacher_rank,15,139,185
teacher_rank,15,140,170
teacher_rank,15,141,167
teacher_rank,15,142,261
teacher_rank,15,143,135
teacher_rank,15,144,276
teacher_rank,15,145,149
teacher_rank,15,146,274
teacher_rank,15,147,230
teacher_rank,15,148,280
teacher_rank,15,149,224
teacher_rank,15,150,203
teacher_rank,17,1,175
teacher_rank,17,2,233
teacher_rank,17,3,269
teacher_rank,17,4,148
teacher_rank,17,5,277
teacher_rank,17,6,181
teacher_rank,17,7,235
teacher_rank,17,8,212
teacher_rank,17,9,139
teacher_rank,17,10,142
teacher_rank,17,11,201
teacher_rank,17,12,131
teacher_rank,17,13,156
teacher_rank,17,14,153
teacher_rank,17,15,205
teacher_rank,17,16,162
teacher_rank,17,17,154
teacher_rank,17,18,214
teacher_rank,17,19,247
teacher_rank,17,20,144
teacher_rank,17,21,152
teacher_rank,17,22,160
teacher_rank,17,23,234
teacher_rank,17,24,254
teacher_rank,17,25,176
teacher_rank,17,26,220
teacher_rank,17,27,178
teacher_rank,17,28,189
teacher_rank,17,29,155
teacher_rank,17,30,174
teacher_rank,17,31,206
teacher_rank,17,32,173
teacher_rank,17,33,211
teacher_rank,17,34,180
teacher_rank,17,35,258
teacher_rank,17,36,159
teacher_rank,17,37,208
teacher_rank,17,38,238
teacher_rank,17,39,221
teacher_rank,17,40,200
teacher_rank,17,41,207
teacher_rank,17,42,197
teacher_rank,17,43,209
teacher_rank,17,44,193
teacher_rank,17,45,249
teacher_rank,17,46,177
teacher_rank,17,47,195
teacher_rank,17,48,183
teacher_rank,17,49,260
teacher_rank,17,50,270
teacher_rank,17,51,158
teacher_rank,17,52,134
teacher_rank,17,53,186
teacher_rank,17,54,145
teacher_rank,17,55,245
teacher_rank,17,56,218
teacher_rank,17,57,257
teacher_rank,17,58,182
teacher_rank,17,59,255
teacher_rank,17,60,169
teacher_rank,17,61,243
teacher_rank,17,62,239
teacher_rank,17,63,194
teacher_rank,17,64,256
teacher_rank,17,65,146
teacher_rank,17,66,216
teacher_rank,17,67,140
teacher_rank,17,68,225
teacher_rank,17,69,222
teacher_rank,17,70,151
teacher_rank,17,71,231
teacher_rank,17,72,161
teacher_rank,17,73,223
teacher_rank,17,74,263
teacher_rank,17,75,229
teacher_rank,17,76,171
teacher_rank,17,77,199
teacher_rank,17,78,240
teacher_rank,17,79,164
teacher_rank,17,80,213
teacher_rank,17,81,147
teacher_rank,17,82,179
teacher_rank,17,83,163
teacher_rank,17,84,259
teacher_rank,17,85,237
teacher_rank,17,86,232
teacher_rank,17,87,271
teacher_rank,17,88,251
teacher_rank,17,89,226
teacher_rank,17,90,168
teacher_rank,17,91,279
teacher_rank,17,92,188
teacher_rank,17,93,248
teacher_rank,17,94,242
teacher_rank,17,95,236
teacher_rank,17,96,136
teacher_rank,17,97,224
teacher_rank,17,98,202
teacher_rank,17,99,184
teacher_rank,17,100,165
teacher_rank,17,101,253
teacher_rank,17,102,217
teacher_rank,17,103,192
teacher_rank,17,104,262
teacher_rank,17,105,133
teacher_rank,17,106,198
teacher_rank,17,107,150
teacher_rank,17,108,219
teacher_rank,17,109,261
teacher_rank,17,110,138
teacher_rank,17,111,143
teacher_rank,17,112,252
teacher_rank,17,113,172
teacher_rank,17,114,275
teacher_rank,17,115,196
teacher_rank,17,116,157
teacher_rank,17,117,266
teacher_rank,17,118,272
teacher_rank,17,119,276
teacher_rank,17,120,190
teacher_rank,17,121,191
teacher_rank,17,122,204
teacher_rank,17,123,137
teacher_rank,17,124,185
teacher_rank,17,125,267
teacher_rank,17,126,170
teacher_rank,17,127,215
teacher_rank,17,128,268
teacher_rank,17,129,135
teacher_rank,17,130,149
teacher_rank,17,131,166
teacher_rank,17,132,250
teacher_rank,17,133,210
teacher_rank,17,134,141
teacher_rank,17,135,246
teacher_rank,17,136,227
teacher_rank,17,137,265
teacher_rank,17,138,230
teacher_rank,17,139,273
teacher_rank,17,140,167
teacher_rank,17,141,187
teacher_rank,17,142,244
teacher_rank,17,143,203
teacher_rank,17,144,132
teacher_rank,17,145,264
teacher_rank,17,146,278
teacher_rank,17,147,280
teacher_rank,17,148,274
teacher_rank,17,149,228
teacher_rank,17,150,241
teacher_rank,18,1,175
teacher_rank,18,2,233
teacher_rank,18,3,269
teacher_rank,18,4,148
teacher_rank,18,5,131
teacher_rank,18,6,139
teacher_rank,18,7,154
teacher_rank,18,8,277
teacher_rank,18,9,156
teacher_rank,18,10,212
teacher_rank,18,11,162
teacher_rank,18,12,235
teacher_rank,18,13,201
teacher_rank,18,14,181
teacher_rank,18,15,142
teacher_rank,18,16,153
teacher_rank,18,17,214
teacher_rank,18,18,205
teacher_rank,18,19,247
teacher_rank,18,20,152
teacher_rank,18,21,234
teacher_rank,18,22,160
teacher_rank,18,23,220
teacher_rank,18,24,218
teacher_rank,18,25,173
teacher_rank,18,26,189
teacher_rank,18,27,145
teacher_rank,18,28,144
teacher_rank,18,29,180
teacher_rank,18,30,185
teacher_rank,18,31,171
teacher_rank,18,32,262
teacher_rank,18,33,250
teacher_rank,18,34,182
teacher_rank,18,35,194
teacher_rank,18,36,177
teacher_rank,18,37,200
teacher_rank,18,38,216
teacher_rank,18,39,263
teacher_rank,18,40,243
teacher_rank,18,41,232
teacher_rank,18,42,239
teacher_rank,18,43,151
teacher_rank,18,44,174
teacher_rank,18,45,257
teacher_rank,18,46,253
teacher_rank,18,47,164
teacher_rank,18,48,238
teacher_rank,18,49,222
teacher_rank,18,50,206
teacher_rank,18,51,256
teacher_rank,18,52,231
teacher_rank,18,53,209
teacher_rank,18,54,183
teacher_rank,18,55,237
teacher_rank,18,56,215
teacher_rank,18,57,163
teacher_rank,18,58,204
teacher_rank,18,59,275
teacher_rank,18,60,258
teacher_rank,18,61,178
teacher_rank,18,62,155
teacher_rank,18,63,165
teacher_rank,18,64,252
teacher_rank,18,65,176
teacher_rank,18,66,254
teacher_rank,18,67,248
teacher_rank,18,68,230
teacher_rank,18,69,249
teacher_rank,18,70,140
teacher_rank,18,71,242
teacher_rank,18,72,137
teacher_rank,18,73,213
teacher_rank,18,74,260
teacher_rank,18,75,172
teacher_rank,18,76,240
teacher_rank,18,77,192
teacher_rank,18,78,169
teacher_rank,18,79,159
teacher_rank,18,80,186
teacher_rank,18,81,268
teacher_rank,18,82,168
teacher_rank,18,83,199
teacher_rank,18,84,188
teacher_rank,18,85,251
teacher_rank,18,86,211
teacher_rank,18,87,210
teacher_rank,18,88,224
teacher_rank,18,89,138
teacher_rank,18,90,208
teacher_rank,18,91,196
teacher_rank,18,92,255
teacher_rank,18,93,207
teacher_rank,18,94,197
teacher_rank,18,95,136
teacher_rank,18,96,147
teacher_rank,18,97,278
teacher_rank,18,98,259
teacher_rank,18,99,184
teacher_rank,18,100,236
teacher_rank,18,101,226
teacher_rank,18,102,143
teacher_rank,18,103,221
teacher_rank,18,104,217
teacher_rank,18,105,264
teacher_rank,18,106,271
teacher_rank,18,107,266
teacher_rank,18,108,270
teacher_rank,18,109,166
teacher_rank,18,110,146
teacher_rank,18,111,261
teacher_rank,18,112,187
teacher_rank,18,113,193
teacher_rank,18,114,179
teacher_rank,18,115,223
teacher_rank,18,116,132
teacher_rank,18,117,245
teacher_rank,18,118,135
teacher_rank,18,119,265
teacher_rank,18,120,276
teacher_rank,18,121,267
teacher_rank,18,122,161
teacher_rank,18,123,272
teacher_rank,18,124,198
teacher_rank,18,125,141
teacher_rank,18,126,273
teacher_rank,18,127,202
teacher_rank,18,128,170
teacher_rank,18,129,225
teacher_rank,18,130,229
teacher_rank,18,131,195
teacher_rank,18,132,134
teacher_rank,18,133,191
teacher_rank,18,134,133
teacher_rank,18,135,150
teacher_rank,18,136,227
teacher_rank,18,137,149
teacher_rank,18,138,246
teacher_rank,18,139,167
teacher_rank,18,140,279
teacher_rank,18,141,244
teacher_rank,18,142,280
teacher_rank,18,143,203
teacher_rank,18,144,228
teacher_rank,18,145,157
teacher_rank,18,146,219
teacher_rank,18,147,190
teacher_rank,18,148,158
teacher_rank,18,149,241
teacher_rank,18,150,274
teacher_rank,19,1,146
teacher_rank,19,2,248
teacher_rank,19,3,216
teacher_rank,19,4,207
teacher_rank,19,5,175
teacher_rank,19,6,233
teacher_rank,19,7,269
teacher_rank,19,8,171
teacher_rank,19,9,242
teacher_rank,19,10,184
teacher_rank,19,11,210
teacher_rank,19,12,182
teacher_rank,19,13,148
teacher_rank,19,14,277
teacher_rank,19,15,213
teacher_rank,19,16,212
teacher_rank,19,17,141
teacher_rank,19,18,201
teacher_rank,19,19,272
teacher_rank,19,20,181
teacher_rank,19,21,139
teacher_rank,19,22,192
teacher_rank,19,23,156
teacher_rank,19,24,256
teacher_rank,19,25,235
teacher_rank,19,26,131
teacher_rank,19,27,162
teacher_rank,19,28,270
teacher_rank,19,29,142
teacher_rank,19,30,205
teacher_rank,19,31,154
teacher_rank,19,32,238
teacher_rank,19,33,265
teacher_rank,19,34,165
teacher_rank,19,35,214
teacher_rank,19,36,215
teacher_rank,19,37,244
teacher_rank,19,38,241
teacher_rank,19,39,153
teacher_rank,19,40,166
teacher_rank,19,41,247
teacher_rank,19,42,144
teacher_rank,19,43,221
teacher_rank,19,44,243
teacher_rank,19,45,152
teacher_rank,19,46,220
teacher_rank,19,47,231
teacher_rank,19,48,234
teacher_rank,19,49,206
teacher_rank,19,50,254
teacher_rank,19,51,178
teacher_rank,19,52,222
teacher_rank,19,53,258
teacher_rank,19,54,176
teacher_rank,19,55,189
teacher_rank,19,56,173
teacher_rank,19,57,160
teacher_rank,19,58,218
teacher_rank,19,59,164
teacher_rank,19,60,249
teacher_rank,19,61,211
teacher_rank,19,62,275
teacher_rank,19,63,174
teacher_rank,19,64,198
teacher_rank,19,65,250
teacher_rank,19,66,200
teacher_rank,19,67,147
teacher_rank,19,68,257
teacher_rank,19,69,262
teacher_rank,19,70,143
teacher_rank,19,71,169
teacher_rank,19,72,209
teacher_rank,19,73,239
teacher_rank,19,74,224
teacher_rank,19,75,159
teacher_rank,19,76,251
teacher_rank,19,77,136
teacher_rank,19,78,245
teacher_rank,19,79,197
teacher_rank,19,80,253
teacher_rank,19,81,158
teacher_rank,19,82,223
teacher_rank,19,83,186
teacher_rank,19,84,236
teacher_rank,19,85,193
teacher_rank,19,86,195
teacher_rank,19,87,145
teacher_rank,19,88,180
teacher_rank,19,89,259
teacher_rank,19,90,266
teacher_rank,19,91,183
teacher_rank,19,92,225
teacher_rank,19,93,134
teacher_rank,19,94,161
teacher_rank,19,95,240
teacher_rank,19,96,208
teacher_rank,19,97,135
teacher_rank,19,98,155
teacher_rank,19,99,252
teacher_rank,19,100,199
teacher_rank,19,101,204
teacher_rank,19,102,279
teacher_rank,19,103,255
teacher_rank,19,104,217
teacher_rank,19,105,194
teacher_rank,19,106,177
teacher_rank,19,107,163
teacher_rank,19,108,151
teacher_rank,19,109,264
teacher_rank,19,110,278
teacher_rank,19,111,232
teacher_rank,19,112,196
teacher_rank,19,113,237
teacher_rank,19,114,263
teacher_rank,19,115,202
teacher_rank,19,116,137
teacher_rank,19,117,268
teacher_rank,19,118,157
teacher_rank,19,119,226
teacher_rank,19,120,261
teacher_rank,19,121,230
teacher_rank,19,122,260
teacher_rank,19,123,187
teacher_rank,19,124,271
teacher_rank,19,125,167
teacher_rank,19,126,227
teacher_rank,19,127,179
teacher_rank,19,128,133
teacher_rank,19,129,140
teacher_rank,19,130,273
teacher_rank,19,131,132
teacher_rank,19,132,267
teacher_rank,19,133,150
teacher_rank,19,134,229
teacher_rank,19,135,190
teacher_rank,19,136,172
teacher_rank,19,137,185
teacher_rank,19,138,246
teacher_rank,19,139,203
teacher_rank,19,140,280
teacher_rank,19,141,276
teacher_rank,19,142,149
teacher_rank,19,143,168
teacher_rank,19,144,191
teacher_rank,19,145,170
teacher_rank,19,146,219
teacher_rank,19,147,188
teacher_rank,19,148,138
teacher_rank,19,149,228
teacher_rank,19,150,274
teacher_rank,20,1,277
teacher_rank,20,2,269
teacher_rank,20,3,146
teacher_rank,20,4,148
teacher_rank,20,5,181
teacher_rank,20,6,216
teacher_rank,20,7,207
teacher_rank,20,8,248
teacher_rank,20,9,175
teacher_rank,20,10,214
teacher_rank,20,11,201
teacher_rank,20,12,233
teacher_rank,20,13,212
teacher_rank,20,14,242
teacher_rank,20,15,131
teacher_rank,20,16,184
teacher_rank,20,17,156
teacher_rank,20,18,141
teacher_rank,20,19,182
teacher_rank,20,20,139
teacher_rank,20,21,171
teacher_rank,20,22,213
teacher_rank,20,23,265
teacher_rank,20,24,142
teacher_rank,20,25,210
teacher_rank,20,26,192
teacher_rank,20,27,238
teacher_rank,20,28,256
teacher_rank,20,29,272
teacher_rank,20,30,244
teacher_rank,20,31,205
teacher_rank,20,32,241
teacher_rank,20,33,153
teacher_rank,20,34,270
teacher_rank,20,35,235
teacher_rank,20,36,154
teacher_rank,20,37,166
teacher_rank,20,38,215
teacher_rank,20,39,162
teacher_rank,20,40,165
teacher_rank,20,41,144
teacher_rank,20,42,152
teacher_rank,20,43,247
teacher_rank,20,44,220
teacher_rank,20,45,211
teacher_rank,20,46,160
teacher_rank,20,47,204
teacher_rank,20,48,234
teacher_rank,20,49,254
teacher_rank,20,50,168
teacher_rank,20,51,208
teacher_rank,20,52,209
teacher_rank,20,53,169
teacher_rank,20,54,217
teacher_rank,20,55,275
teacher_rank,20,56,147
teacher_rank,20,57,202
teacher_rank,20,58,173
teacher_rank,20,59,159
teacher_rank,20,60,161
teacher_rank,20,61,278
teacher_rank,20,62,225
teacher_rank,20,63,258
teacher_rank,20,64,267
teacher_rank,20,65,206
teacher_rank,20,66,150
teacher_rank,20,67,179
teacher_rank,20,68,136
teacher_rank,20,69,194
teacher_rank,20,70,140
teacher_rank,20,71,245
teacher_rank,20,72,195
teacher_rank,20,73,253
teacher_rank,20,74,188
teacher_rank,20,75,198
teacher_rank,20,76,135
teacher_rank,20,77,266
teacher_rank,20,78,221
teacher_rank,20,79,222
teacher_rank,20,80,261
teacher_rank,20,81,158
teacher_rank,20,82,134
teacher_rank,20,83,163
teacher_rank,20,84,263
teacher_rank,20,85,132
teacher_rank,20,86,133
teacher_rank,20,87,180
teacher_rank,20,88,259
teacher_rank,20,89,264
teacher_rank,20,90,226
teacher_rank,20,91,186
teacher_rank,20,92,145
teacher_rank,20,93,249
teacher_rank,20,94,229
teacher_rank,20,95,224
teacher_rank,20,96,231
teacher_rank,20,97,191
teacher_rank,20,98,189
teacher_rank,20,99,178
teacher_rank,20,100,185
teacher_rank,20,101,260
teacher_rank,20,102,227
teacher_rank,20,103,239
teacher_rank,20,104,203
teacher_rank,20,105,251
teacher_rank,20,106,155
teacher_rank,20,107,228
teacher_rank,20,108,170
teacher_rank,20,109,279
teacher_rank,20,110,176
teacher_rank,20,111,137
teacher_rank,20,112,276
teacher_rank,20,113,196
teacher_rank,20,114,138
teacher_rank,20,115,199
teacher_rank,20,116,280
teacher_rank,20,117,240
teacher_rank,20,118,271
teacher_rank,20,119,197
teacher_rank,20,120,257
teacher_rank,20,121,174
teacher_rank,20,122,164
teacher_rank,20,123,243
teacher_rank,20,124,177
teacher_rank,20,125,157
teacher_rank,20,126,193
teacher_rank,20,127,223
teacher_rank,20,128,273
teacher_rank,20,129,143
teacher_rank,20,130,252
teacher_rank,20,131,149
teacher_rank,20,132,274
teacher_rank,20,133,183
teacher_rank,20,134,246
teacher_rank,20,135,151
teacher_rank,20,136,237
teacher_rank,20,137,255
teacher_rank,20,138,187
teacher_rank,20,139,236
teacher_rank,20,140,219
teacher_rank,20,141,218
teacher_rank,20,142,167
teacher_rank,20,143,200
teacher_rank,20,144,250
teacher_rank,20,145,230
teacher_rank,20,146,190
teacher_rank,20,147,262
teacher_rank,20,148,268
teacher_rank,20,149,172
teacher_rank,20,150,232
teacher_rank,22,1,189
teacher_rank,22,2,174
teacher_rank,22,3,178
teacher_rank,22,4,200
teacher_rank,22,5,249
teacher_rank,22,6,173
teacher_rank,22,7,243
teacher_rank,22,8,258
teacher_rank,22,9,236
teacher_rank,22,10,221
teacher_rank,22,11,194
teacher_rank,22,12,164
teacher_rank,22,13,223
teacher_rank,22,14,183
teacher_rank,22,15,253
teacher_rank,22,16,259
teacher_rank,22,17,240
teacher_rank,22,18,196
teacher_rank,22,19,271
teacher_rank,22,20,262
teacher_rank,22,21,150
teacher_rank,22,22,197
teacher_rank,22,23,188
teacher_rank,22,24,228
teacher_rank,22,25,266
teacher_rank,22,26,264
teacher_rank,22,27,172
teacher_rank,22,28,208
teacher_rank,22,29,246
teacher_rank,22,30,275
teacher_rank,22,31,280
teacher_rank,22,32,171
teacher_rank,22,33,254
teacher_rank,22,34,165
teacher_rank,22,35,220
teacher_rank,22,36,182
teacher_rank,22,37,139
teacher_rank,22,38,148
teacher_rank,22,39,175
teacher_rank,22,40,159
teacher_rank,22,41,160
teacher_rank,22,42,247
teacher_rank,22,43,162
teacher_rank,22,44,211
teacher_rank,22,45,154
teacher_rank,22,46,209
teacher_rank,22,47,234
teacher_rank,22,48,207
teacher_rank,22,49,239
teacher_rank,22,50,144
teacher_rank,22,51,233
teacher_rank,22,52,229
teacher_rank,22,53,270
teacher_rank,22,54,152
teacher_rank,22,55,146
teacher_rank,22,56,151
teacher_rank,22,57,252
teacher_rank,22,58,176
teacher_rank,22,59,263
teacher_rank,22,60,256
teacher_rank,22,61,242
teacher_rank,22,62,177
teacher_rank,22,63,232
teacher_rank,22,64,147
teacher_rank,22,65,143
teacher_rank,22,66,192
teacher_rank,22,67,248
teacher_rank,22,68,272
teacher_rank,22,69,251
teacher_rank,22,70,265
teacher_rank,22,71,180
teacher_rank,22,72,201
teacher_rank,22,73,158
teacher_rank,22,74,210
teacher_rank,22,75,142
teacher_rank,22,76,195
teacher_rank,22,77,186
teacher_rank,22,78,268
teacher_rank,22,79,257
teacher_rank,22,80,181
teacher_rank,22,81,141
teacher_rank,22,82,260
teacher_rank,22,83,273
teacher_rank,22,84,156
teacher_rank,22,85,261
teacher_rank,22,86,215
teacher_rank,22,87,276
teacher_rank,22,88,185
teacher_rank,22,89,237
teacher_rank,22,90,219
teacher_rank,22,91,235
teacher_rank,22,92,137
teacher_rank,22,93,245
teacher_rank,22,94,226
teacher_rank,22,95,190
teacher_rank,22,96,134
teacher_rank,22,97,155
teacher_rank,22,98,153
teacher_rank,22,99,187
teacher_rank,22,100,193
teacher_rank,22,101,227
teacher_rank,22,102,161
teacher_rank,22,103,216
teacher_rank,22,104,184
teacher_rank,22,105,231
teacher_rank,22,106,169
teacher_rank,22,107,267
teacher_rank,22,108,191
teacher_rank,22,109,244
teacher_rank,22,110,212
teacher_rank,22,111,218
teacher_rank,22,112,238
teacher_rank,22,113,145
teacher_rank,22,114,157
teacher_rank,22,115,136
teacher_rank,22,116,166
teacher_rank,22,117,269
teacher_rank,22,118,202
teacher_rank,22,119,170
teacher_rank,22,120,140
teacher_rank,22,121,224
teacher_rank,22,122,225
teacher_rank,22,123,278
teacher_rank,22,124,206
teacher_rank,22,125,279
teacher_rank,22,126,222
teacher_rank,22,127,205
teacher_rank,22,128,198
teacher_rank,22,129,179
teacher_rank,22,130,230
teacher_rank,22,131,217
teacher_rank,22,132,167
teacher_rank,22,133,131
teacher_rank,22,134,135
teacher_rank,22,135,199
teacher_rank,22,136,133
teacher_rank,22,137,203
teacher_rank,22,138,213
teacher_rank,22,139,149
teacher_rank,22,140,163
teacher_rank,22,141,250
teacher_rank,22,142,241
teacher_rank,22,143,255
teacher_rank,22,144,168
teacher_rank,22,145,138
teacher_rank,22,146,214
teacher_rank,22,147,277
teacher_rank,22,148,204
teacher_rank,22,149,132
teacher_rank,22,150,274
teacher_rank,26,1,173
teacher_rank,26,2,249
teacher_rank,26,3,174
teacher_rank,26,4,183
teacher_rank,26,5,221
teacher_rank,26,6,200
teacher_rank,26,7,207
teacher_rank,26,8,182
teacher_rank,26,9,258
teacher_rank,26,10,141
teacher_rank,26,11,243
teacher_rank,26,12,146
teacher_rank,26,13,240
teacher_rank,26,14,184
teacher_rank,26,15,188
teacher_rank,26,16,264
teacher_rank,26,17,248
teacher_rank,26,18,194
teacher_rank,26,19,259
teacher_rank,26,20,253
teacher_rank,26,21,189
teacher_rank,26,22,197
teacher_rank,26,23,246
teacher_rank,26,24,272
teacher_rank,26,25,242
teacher_rank,26,26,192
teacher_rank,26,27,223
teacher_rank,26,28,266
teacher_rank,26,29,171
teacher_rank,26,30,271
teacher_rank,26,31,164
teacher_rank,26,32,213
teacher_rank,26,33,210
teacher_rank,26,34,150
teacher_rank,26,35,216
teacher_rank,26,36,270
teacher_rank,26,37,265
teacher_rank,26,38,165
teacher_rank,26,39,262
teacher_rank,26,40,208
teacher_rank,26,41,241
teacher_rank,26,42,166
teacher_rank,26,43,244
teacher_rank,26,44,275
teacher_rank,26,45,256
teacher_rank,26,46,238
teacher_rank,26,47,215
teacher_rank,26,48,172
teacher_rank,26,49,228
teacher_rank,26,50,147
teacher_rank,26,51,176
teacher_rank,26,52,191
teacher_rank,26,53,254
teacher_rank,26,54,251
teacher_rank,26,55,202
teacher_rank,26,56,234
teacher_rank,26,57,134
teacher_rank,26,58,229
teacher_rank,26,59,133
teacher_rank,26,60,148
teacher_rank,26,61,158
teacher_rank,26,62,195
teacher_rank,26,63,159
teacher_rank,26,64,211
teacher_rank,26,65,181
teacher_rank,26,66,178
teacher_rank,26,67,196
teacher_rank,26,68,136
teacher_rank,26,69,190
teacher_rank,26,70,161
teacher_rank,26,71,144
teacher_rank,26,72,193
teacher_rank,26,73,227
teacher_rank,26,74,201
teacher_rank,26,75,226
teacher_rank,26,76,255
teacher_rank,26,77,231
teacher_rank,26,78,220
teacher_rank,26,79,151
teacher_rank,26,80,179
teacher_rank,26,81,205
teacher_rank,26,82,235
teacher_rank,26,83,245
teacher_rank,26,84,239
teacher_rank,26,85,142
teacher_rank,26,86,280
teacher_rank,26,87,218
teacher_rank,26,88,169
teacher_rank,26,89,157
teacher_rank,26,90,199
teacher_rank,26,91,257
teacher_rank,26,92,222
teacher_rank,26,93,186
teacher_rank,26,94,236
teacher_rank,26,95,143
teacher_rank,26,96,273
teacher_rank,26,97,152
teacher_rank,26,98,140
teacher_rank,26,99,167
teacher_rank,26,100,187
teacher_rank,26,101,237
teacher_rank,26,102,162
teacher_rank,26,103,269
teacher_rank,26,104,225
teacher_rank,26,105,267
teacher_rank,26,106,160
teacher_rank,26,107,155
teacher_rank,26,108,219
teacher_rank,26,109,209
teacher_rank,26,110,135
teacher_rank,26,111,175
teacher_rank,26,112,279
teacher_rank,26,113,232
teacher_rank,26,114,139
teacher_rank,26,115,156
teacher_rank,26,116,247
teacher_rank,26,117,153
teacher_rank,26,118,217
teacher_rank,26,119,170
teacher_rank,26,120,224
teacher_rank,26,121,198
teacher_rank,26,122,206
teacher_rank,26,123,252
teacher_rank,26,124,263
teacher_rank,26,125,261
teacher_rank,26,126,260
teacher_rank,26,127,278
teacher_rank,26,128,233
teacher_rank,26,129,154
teacher_rank,26,130,276
teacher_rank,26,131,180
teacher_rank,26,132,212
teacher_rank,26,133,268
teacher_rank,26,134,274
teacher_rank,26,135,203
teacher_rank,26,136,149
teacher_rank,26,137,177
teacher_rank,26,138,145
teacher_rank,26,139,214
teacher_rank,26,140,138
teacher_rank,26,141,131
teacher_rank,26,142,168
teacher_rank,26,143,137
teacher_rank,26,144,277
teacher_rank,26,145,163
teacher_rank,26,146,250
teacher_rank,26,147,132
teacher_rank,26,148,204
teacher_rank,26,149,230
teacher_rank,26,150,185
teacher_rank,27,1,221
teacher_rank,27,2,249
teacher_rank,27,3,174
teacher_rank,27,4,173
teacher_rank,27,5,200
teacher_rank,27,6,259
teacher_rank,27,7,183
teacher_rank,27,8,243
teacher_rank,27,9,197
teacher_rank,27,10,258
teacher_rank,27,11,188
teacher_rank,27,12,164
teacher_rank,27,13,240
teacher_rank,27,14,189
teacher_rank,27,15,246
teacher_rank,27,16,253
teacher_rank,27,17,223
teacher_rank,27,18,194
teacher_rank,27,19,264
teacher_rank,27,20,266
teacher_rank,27,21,150
teacher_rank,27,22,271
teacher_rank,27,23,262
teacher_rank,27,24,172
teacher_rank,27,25,208
teacher_rank,27,26,228
teacher_rank,27,27,275
teacher_rank,27,28,272
teacher_rank,27,29,229
teacher_rank,27,30,171
teacher_rank,27,31,213
teacher_rank,27,32,146
teacher_rank,27,33,251
teacher_rank,27,34,190
teacher_rank,27,35,207
teacher_rank,27,36,270
teacher_rank,27,37,141
teacher_rank,27,38,237
teacher_rank,27,39,157
teacher_rank,27,40,248
teacher_rank,27,41,143
teacher_rank,27,42,182
teacher_rank,27,43,191
teacher_rank,27,44,165
teacher_rank,27,45,161
teacher_rank,27,46,176
teacher_rank,27,47,159
teacher_rank,27,48,254
teacher_rank,27,49,231
teacher_rank,27,50,181
teacher_rank,27,51,265
teacher_rank,27,52,202
teacher_rank,27,53,133
teacher_rank,27,54,193
teacher_rank,27,55,158
teacher_rank,27,56,201
teacher_rank,27,57,241
teacher_rank,27,58,220
teacher_rank,27,59,218
teacher_rank,27,60,166
teacher_rank,27,61,233
teacher_rank,27,62,178
teacher_rank,27,63,160
teacher_rank,27,64,215
teacher_rank,27,65,255
teacher_rank,27,66,279
teacher_rank,27,67,227
teacher_rank,27,68,245
teacher_rank,27,69,134
teacher_rank,27,70,144
teacher_rank,27,71,238
teacher_rank,27,72,242
teacher_rank,27,73,195
teacher_rank,27,74,244
teacher_rank,27,75,148
teacher_rank,27,76,234
teacher_rank,27,77,216
teacher_rank,27,78,257
teacher_rank,27,79,198
teacher_rank,27,80,211
teacher_rank,27,81,236
teacher_rank,27,82,226
teacher_rank,27,83,162
teacher_rank,27,84,179
teacher_rank,27,85,184
teacher_rank,27,86,136
teacher_rank,27,87,196
teacher_rank,27,88,152
teacher_rank,27,89,267
teacher_rank,27,90,142
teacher_rank,27,91,139
teacher_rank,27,92,180
teacher_rank,27,93,205
teacher_rank,27,94,232
teacher_rank,27,95,169
teacher_rank,27,96,199
teacher_rank,27,97,147
teacher_rank,27,98,219
teacher_rank,27,99,151
teacher_rank,27,100,175
teacher_rank,27,101,192
teacher_rank,27,102,269
teacher_rank,27,103,235
teacher_rank,27,104,154
teacher_rank,27,105,177
teacher_rank,27,106,239
teacher_rank,27,107,209
teacher_rank,27,108,260
teacher_rank,27,109,187
teacher_rank,27,110,263
teacher_rank,27,111,156
teacher_rank,27,112,247
teacher_rank,27,113,222
teacher_rank,27,114,273
teacher_rank,27,115,145
teacher_rank,27,116,204
teacher_rank,27,117,278
teacher_rank,27,118,217
teacher_rank,27,119,252
teacher_rank,27,120,210
teacher_rank,27,121,140
teacher_rank,27,122,274
teacher_rank,27,123,256
teacher_rank,27,124,167
teacher_rank,27,125,276
teacher_rank,27,126,185
teacher_rank,27,127,268
teacher_rank,27,128,137
teacher_rank,27,129,155
teacher_rank,27,130,250
teacher_rank,27,131,277
teacher_rank,27,132,206
teacher_rank,27,133,132
teacher_rank,27,134,230
teacher_rank,27,135,168
teacher_rank,27,136,212
teacher_rank,27,137,138
teacher_rank,27,138,153
teacher_rank,27,139,186
teacher_rank,27,140,131
teacher_rank,27,141,280
teacher_rank,27,142,135
teacher_rank,27,143,261
teacher_rank,27,144,225
teacher_rank,27,145,170
teacher_rank,27,146,214
teacher_rank,27,147,149
teacher_rank,27,148,224
teacher_rank,27,149,203
teacher_rank,27,150,163
teacher_rank,31,1,174
teacher_rank,31,2,200
teacher_rank,31,3,249
teacher_rank,31,4,221
teacher_rank,31,5,173
teacher_rank,31,6,243
teacher_rank,31,7,183
teacher_rank,31,8,258
teacher_rank,31,9,189
teacher_rank,31,10,240
teacher_rank,31,11,164
teacher_rank,31,12,197
teacher_rank,31,13,223
teacher_rank,31,14,253
teacher_rank,31,15,208
teacher_rank,31,16,194
teacher_rank,31,17,188
teacher_rank,31,18,259
teacher_rank,31,19,264
teacher_rank,31,20,262
teacher_rank,31,21,150
teacher_rank,31,22,266
teacher_rank,31,23,246
teacher_rank,31,24,275
teacher_rank,31,25,271
teacher_rank,31,26,228
teacher_rank,31,27,172
teacher_rank,31,28,176
teacher_rank,31,29,220
teacher_rank,31,30,178
teacher_rank,31,31,235
teacher_rank,31,32,147
teacher_rank,31,33,162
teacher_rank,31,34,144
teacher_rank,31,35,141
teacher_rank,31,36,193
teacher_rank,31,37,181
teacher_rank,31,38,242
teacher_rank,31,39,192
teacher_rank,31,40,187
teacher_rank,31,41,156
teacher_rank,31,42,231
teacher_rank,31,43,254
teacher_rank,31,44,248
teacher_rank,31,45,146
teacher_rank,31,46,171
teacher_rank,31,47,211
teacher_rank,31,48,136
teacher_rank,31,49,165
teacher_rank,31,50,234
teacher_rank,31,51,182
teacher_rank,31,52,160
teacher_rank,31,53,151
teacher_rank,31,54,191
teacher_rank,31,55,179
teacher_rank,31,56,255
teacher_rank,31,57,186
teacher_rank,31,58,169
teacher_rank,31,59,209
teacher_rank,31,60,152
teacher_rank,31,61,153
teacher_rank,31,62,139
teacher_rank,31,63,142
teacher_rank,31,64,247
teacher_rank,31,65,238
teacher_rank,31,66,148
teacher_rank,31,67,226
teacher_rank,31,68,236
teacher_rank,31,69,272
teacher_rank,31,70,167
teacher_rank,31,71,161
teacher_rank,31,72,205
teacher_rank,31,73,232
teacher_rank,31,74,207
teacher_rank,31,75,159
teacher_rank,31,76,251
teacher_rank,31,77,199
teacher_rank,31,78,143
teacher_rank,31,79,218
teacher_rank,31,80,278
teacher_rank,31,81,133
teacher_rank,31,82,233
teacher_rank,31,83,175
teacher_rank,31,84,206
teacher_rank,31,85,166
teacher_rank,31,86,184
teacher_rank,31,87,140
teacher_rank,31,88,157
teacher_rank,31,89,245
teacher_rank,31,90,201
teacher_rank,31,91,270
teacher_rank,31,92,265
teacher_rank,31,93,190
teacher_rank,31,94,134
teacher_rank,31,95,158
teacher_rank,31,96,222
teacher_rank,31,97,217
teacher_rank,31,98,137
teacher_rank,31,99,261
teacher_rank,31,100,195
teacher_rank,31,101,267
teacher_rank,31,102,196
teacher_rank,31,103,274
teacher_rank,31,104,229
teacher_rank,31,105,273
teacher_rank,31,106,154
teacher_rank,31,107,227
teacher_rank,31,108,269
teacher_rank,31,109,257
teacher_rank,31,110,224
teacher_rank,31,111,237
teacher_rank,31,112,213
teacher_rank,31,113,202
teacher_rank,31,114,268
teacher_rank,31,115,252
teacher_rank,31,116,244
teacher_rank,31,117,239
teacher_rank,31,118,163
teacher_rank,31,119,210
teacher_rank,31,120,198
teacher_rank,31,121,260
teacher_rank,31,122,215
teacher_rank,31,123,250
teacher_rank,31,124,212
teacher_rank,31,125,241
teacher_rank,31,126,276
teacher_rank,31,127,256
teacher_rank,31,128,149
teacher_rank,31,129,225
teacher_rank,31,130,177
teacher_rank,31,131,216
teacher_rank,31,132,155
teacher_rank,31,133,279
teacher_rank,31,134,132
teacher_rank,31,135,204
teacher_rank,31,136,135
teacher_rank,31,137,168
teacher_rank,31,138,180
teacher_rank,31,139,280
teacher_rank,31,140,263
teacher_rank,31,141,277
teacher_rank,31,142,203
teacher_rank,31,143,131
teacher_rank,31,144,170
teacher_rank,31,145,219
teacher_rank,31,146,185
teacher_rank,31,147,138
teacher_rank,31,148,145
teacher_rank,31,149,214
teacher_rank,31,150,230
teacher_rank,32,1,189
teacher_rank,32,2,174
teacher_rank,32,3,194
teacher_rank,32,4,236
teacher_rank,32,5,164
teacher_rank,32,6,178
teacher_rank,32,7,271
teacher_rank,32,8,173
teacher_rank,32,9,249
teacher_rank,32,10,258
teacher_rank,32,11,243
teacher_rank,32,12,150
teacher_rank,32,13,228
teacher_rank,32,14,223
teacher_rank,32,15,259
teacher_rank,32,16,172
teacher_rank,32,17,253
teacher_rank,32,18,196
teacher_rank,32,19,188
teacher_rank,32,20,221
teacher_rank,32,21,266
teacher_rank,32,22,280
teacher_rank,32,23,200
teacher_rank,32,24,154
teacher_rank,32,25,139
teacher_rank,32,26,143
teacher_rank,32,27,162
teacher_rank,32,28,262
teacher_rank,32,29,218
teacher_rank,32,30,232
teacher_rank,32,31,171
teacher_rank,32,32,160
teacher_rank,32,33,263
teacher_rank,32,34,252
teacher_rank,32,35,209
teacher_rank,32,36,165
teacher_rank,32,37,137
teacher_rank,32,38,187
teacher_rank,32,39,220
teacher_rank,32,40,185
teacher_rank,32,41,268
teacher_rank,32,42,151
teacher_rank,32,43,182
teacher_rank,32,44,264
teacher_rank,32,45,180
teacher_rank,32,46,210
teacher_rank,32,47,234
teacher_rank,32,48,175
teacher_rank,32,49,257
teacher_rank,32,50,233
teacher_rank,32,51,247
teacher_rank,32,52,141
teacher_rank,32,53,199
teacher_rank,32,54,231
teacher_rank,32,55,192
teacher_rank,32,56,240
teacher_rank,32,57,183
teacher_rank,32,58,208
teacher_rank,32,59,275
teacher_rank,32,60,159
teacher_rank,32,61,156
teacher_rank,32,62,273
teacher_rank,32,63,197
teacher_rank,32,64,272
teacher_rank,32,65,256
teacher_rank,32,66,276
teacher_rank,32,67,148
teacher_rank,32,68,167
teacher_rank,32,69,142
teacher_rank,32,70,250
teacher_rank,32,71,239
teacher_rank,32,72,251
teacher_rank,32,73,176
teacher_rank,32,74,161
teacher_rank,32,75,155
teacher_rank,32,76,211
teacher_rank,32,77,146
teacher_rank,32,78,132
teacher_rank,32,79,242
teacher_rank,32,80,198
teacher_rank,32,81,265
teacher_rank,32,82,170
teacher_rank,32,83,222
teacher_rank,32,84,166
teacher_rank,32,85,202
teacher_rank,32,86,227
teacher_rank,32,87,226
teacher_rank,32,88,279
teacher_rank,32,89,246
teacher_rank,32,90,230
teacher_rank,32,91,186
teacher_rank,32,92,144
teacher_rank,32,93,177
teacher_rank,32,94,152
teacher_rank,32,95,235
teacher_rank,32,96,261
teacher_rank,32,97,216
teacher_rank,32,98,149
teacher_rank,32,99,136
teacher_rank,32,100,204
teacher_rank,32,101,181
teacher_rank,32,102,267
teacher_rank,32,103,193
teacher_rank,32,104,207
teacher_rank,32,105,135
teacher_rank,32,106,153
teacher_rank,32,107,168
teacher_rank,32,108,254
teacher_rank,32,109,157
teacher_rank,32,110,169
teacher_rank,32,111,217
teacher_rank,32,112,212
teacher_rank,32,113,245
teacher_rank,32,114,255
teacher_rank,32,115,131
teacher_rank,32,116,145
teacher_rank,32,117,229
teacher_rank,32,118,201
teacher_rank,32,119,163
teacher_rank,32,120,224
teacher_rank,32,121,179
teacher_rank,32,122,260
teacher_rank,32,123,190
teacher_rank,32,124,244
teacher_rank,32,125,270
teacher_rank,32,126,147
teacher_rank,32,127,134
teacher_rank,32,128,140
teacher_rank,32,129,219
teacher_rank,32,130,215
teacher_rank,32,131,184
teacher_rank,32,132,278
teacher_rank,32,133,191
teacher_rank,32,134,133
teacher_rank,32,135,214
teacher_rank,32,136,248
teacher_rank,32,137,138
teacher_rank,32,138,237
teacher_rank,32,139,238
teacher_rank,32,140,195
teacher_rank,32,141,203
teacher_rank,32,142,206
teacher_rank,32,143,213
teacher_rank,32,144,269
teacher_rank,32,145,158
teacher_rank,32,146,205
teacher_rank,32,147,241
teacher_rank,32,148,225
teacher_rank,32,149,277
teacher_rank,32,150,274
teacher_rank,34,1,137
teacher_rank,34,2,169
teacher_rank,34,3,254
teacher_rank,34,4,155
teacher_rank,34,5,175
teacher_rank,34,6,143
teacher_rank,34,7,269
teacher_rank,34,8,225
teacher_rank,34,9,277
teacher_rank,34,10,226
teacher_rank,34,11,261
teacher_rank,34,12,148
teacher_rank,34,13,252
teacher_rank,34,14,149
teacher_rank,34,15,233
teacher_rank,34,16,156
teacher_rank,34,17,187
teacher_rank,34,18,167
teacher_rank,34,19,195
teacher_rank,34,20,180
teacher_rank,34,21,135
teacher_rank,34,22,279
teacher_rank,34,23,131
teacher_rank,34,24,230
teacher_rank,34,25,212
teacher_rank,34,26,158
teacher_rank,34,27,159
teacher_rank,34,28,168
teacher_rank,34,29,139
teacher_rank,34,30,162
teacher_rank,34,31,181
teacher_rank,34,32,136
teacher_rank,34,33,201
teacher_rank,34,34,235
teacher_rank,34,35,267
teacher_rank,34,36,154
teacher_rank,34,37,214
teacher_rank,34,38,142
teacher_rank,34,39,153
teacher_rank,34,40,219
teacher_rank,34,41,203
teacher_rank,34,42,268
teacher_rank,34,43,140
teacher_rank,34,44,177
teacher_rank,34,45,205
teacher_rank,34,46,157
teacher_rank,34,47,247
teacher_rank,34,48,204
teacher_rank,34,49,152
teacher_rank,34,50,173
teacher_rank,34,51,220
teacher_rank,34,52,144
teacher_rank,34,53,234
teacher_rank,34,54,216
teacher_rank,34,55,206
teacher_rank,34,56,243
teacher_rank,34,57,275
teacher_rank,34,58,194
teacher_rank,34,59,145
teacher_rank,34,60,186
teacher_rank,34,61,151
teacher_rank,34,62,250
teacher_rank,34,63,208
teacher_rank,34,64,182
teacher_rank,34,65,224
teacher_rank,34,66,164
teacher_rank,34,67,163
teacher_rank,34,68,258
teacher_rank,34,69,160
teacher_rank,34,70,189
teacher_rank,34,71,222
teacher_rank,34,72,217
teacher_rank,34,73,253
teacher_rank,34,74,238
teacher_rank,34,75,239
teacher_rank,34,76,147
teacher_rank,34,77,240
teacher_rank,34,78,183
teacher_rank,34,79,211
teacher_rank,34,80,174
teacher_rank,34,81,248
teacher_rank,34,82,278
teacher_rank,34,83,200
teacher_rank,34,84,263
teacher_rank,34,85,273
teacher_rank,34,86,249
teacher_rank,34,87,251
teacher_rank,34,88,184
teacher_rank,34,89,266
teacher_rank,34,90,141
teacher_rank,34,91,178
teacher_rank,34,92,171
teacher_rank,34,93,245
teacher_rank,34,94,223
teacher_rank,34,95,231
teacher_rank,34,96,146
teacher_rank,34,97,215
teacher_rank,34,98,262
teacher_rank,34,99,242
teacher_rank,34,100,264
teacher_rank,34,101,221
teacher_rank,34,102,237
teacher_rank,34,103,138
teacher_rank,34,104,192
teacher_rank,34,105,196
teacher_rank,34,106,209
teacher_rank,34,107,191
teacher_rank,34,108,232
teacher_rank,34,109,270
teacher_rank,34,110,271
teacher_rank,34,111,172
teacher_rank,34,112,202
teacher_rank,34,113,132
teacher_rank,34,114,213
teacher_rank,34,115,161
teacher_rank,34,116,218
teacher_rank,34,117,259
teacher_rank,34,118,150
teacher_rank,34,119,197
teacher_rank,34,120,185
teacher_rank,34,121,133
teacher_rank,34,122,257
teacher_rank,34,123,256
teacher_rank,34,124,210
teacher_rank,34,125,188
teacher_rank,34,126,165
teacher_rank,34,127,134
teacher_rank,34,128,207
teacher_rank,34,129,170
teacher_rank,34,130,229
teacher_rank,34,131,244
teacher_rank,34,132,265
teacher_rank,34,133,260
teacher_rank,34,134,166
teacher_rank,34,135,227
teacher_rank,34,136,276
teacher_rank,34,137,179
teacher_rank,34,138,236
teacher_rank,34,139,199
teacher_rank,34,140,198
teacher_rank,34,141,176
teacher_rank,34,142,255
teacher_rank,34,143,228
teacher_rank,34,144,246
teacher_rank,34,145,280
teacher_rank,34,146,272
teacher_rank,34,147,193
teacher_rank,34,148,190
teacher_rank,34,149,274
teacher_rank,34,150,241
teacher_rank,36,1,169
teacher_rank,36,2,254
teacher_rank,36,3,149
teacher_rank,36,4,143
teacher_rank,36,5,155
teacher_rank,36,6,195
teacher_rank,36,7,279
teacher_rank,36,8,226
teacher_rank,36,9,167
teacher_rank,36,10,261
teacher_rank,36,11,137
teacher_rank,36,12,187
teacher_rank,36,13,168
teacher_rank,36,14,158
teacher_rank,36,15,252
teacher_rank,36,16,135
teacher_rank,36,17,159
teacher_rank,36,18,225
teacher_rank,36,19,180
teacher_rank,36,20,203
teacher_rank,36,21,219
teacher_rank,36,22,157
teacher_rank,36,23,268
teacher_rank,36,24,136
teacher_rank,36,25,267
teacher_rank,36,26,140
teacher_rank,36,27,230
teacher_rank,36,28,177
teacher_rank,36,29,245
teacher_rank,36,30,198
teacher_rank,36,31,145
teacher_rank,36,32,276
teacher_rank,36,33,153
teacher_rank,36,34,273
teacher_rank,36,35,260
teacher_rank,36,36,204
teacher_rank,36,37,277
teacher_rank,36,38,244
teacher_rank,36,39,194
teacher_rank,36,40,275
teacher_rank,36,41,202
teacher_rank,36,42,224
teacher_rank,36,43,186
teacher_rank,36,44,133
teacher_rank,36,45,212
teacher_rank,36,46,138
teacher_rank,36,47,217
teacher_rank,36,48,221
teacher_rank,36,49,280
teacher_rank,36,50,161
teacher_rank,36,51,228
teacher_rank,36,52,259
teacher_rank,36,53,214
teacher_rank,36,54,163
teacher_rank,36,55,181
teacher_rank,36,56,264
teacher_rank,36,57,241
teacher_rank,36,58,222
teacher_rank,36,59,269
teacher_rank,36,60,134
teacher_rank,36,61,205
teacher_rank,36,62,199
teacher_rank,36,63,216
teacher_rank,36,64,208
teacher_rank,36,65,131
teacher_rank,36,66,170
teacher_rank,36,67,266
teacher_rank,36,68,258
teacher_rank,36,69,156
teacher_rank,36,70,231
teacher_rank,36,71,234
teacher_rank,36,72,146
teacher_rank,36,73,147
teacher_rank,36,74,184
teacher_rank,36,75,173
teacher_rank,36,76,176
teacher_rank,36,77,248
teacher_rank,36,78,270
teacher_rank,36,79,247
teacher_rank,36,80,148
teacher_rank,36,81,239
teacher_rank,36,82,144
teacher_rank,36,83,227
teacher_rank,36,84,174
teacher_rank,36,85,220
teacher_rank,36,86,238
teacher_rank,36,87,160
teacher_rank,36,88,237
teacher_rank,36,89,255
teacher_rank,36,90,150
teacher_rank,36,91,152
teacher_rank,36,92,132
teacher_rank,36,93,211
teacher_rank,36,94,141
teacher_rank,36,95,189
teacher_rank,36,96,142
teacher_rank,36,97,182
teacher_rank,36,98,253
teacher_rank,36,99,188
teacher_rank,36,100,229
teacher_rank,36,101,178
teacher_rank,36,102,183
teacher_rank,36,103,223
teacher_rank,36,104,209
teacher_rank,36,105,207
teacher_rank,36,106,250
teacher_rank,36,107,213
teacher_rank,36,108,249
teacher_rank,36,109,257
teacher_rank,36,110,139
teacher_rank,36,111,193
teacher_rank,36,112,242
teacher_rank,36,113,191
teacher_rank,36,114,271
teacher_rank,36,115,201
teacher_rank,36,116,196
teacher_rank,36,117,235
teacher_rank,36,118,233
teacher_rank,36,119,240
teacher_rank,36,120,218
teacher_rank,36,121,215
teacher_rank,36,122,192
teacher_rank,36,123,263
teacher_rank,36,124,251
teacher_rank,36,125,206
teacher_rank,36,126,256
teacher_rank,36,127,272
teacher_rank,36,128,197
teacher_rank,36,129,151
teacher_rank,36,130,265
teacher_rank,36,131,175
teacher_rank,36,132,179
teacher_rank,36,133,166
teacher_rank,36,134,243
teacher_rank,36,135,246
teacher_rank,36,136,172
teacher_rank,36,137,278
teacher_rank,36,138,236
teacher_rank,36,139,200
teacher_rank,36,140,210
teacher_rank,36,141,154
teacher_rank,36,142,190
teacher_rank,36,143,164
teacher_rank,36,144,165
teacher_rank,36,145,171
teacher_rank,36,146,162
teacher_rank,36,147,185
teacher_rank,36,148,262
teacher_rank,36,149,274
teacher_rank,36,150,232
teacher_rank,37,1,277
teacher_rank,37,2,269
teacher_rank,37,3,148
teacher_rank,37,4,181
teacher_rank,37,5,201
teacher_rank,37,6,233
teacher_rank,37,7,175
teacher_rank,37,8,131
teacher_rank,37,9,214
teacher_rank,37,10,212
teacher_rank,37,11,139
teacher_rank,37,12,156
teacher_rank,37,13,235
teacher_rank,37,14,154
teacher_rank,37,15,142
teacher_rank,37,16,205
teacher_rank,37,17,153
teacher_rank,37,18,162
teacher_rank,37,19,146
teacher_rank,37,20,216
teacher_rank,37,21,222
teacher_rank,37,22,278
teacher_rank,37,23,231
teacher_rank,37,24,144
teacher_rank,37,25,234
teacher_rank,37,26,152
teacher_rank,37,27,220
teacher_rank,37,28,217
teacher_rank,37,29,255
teacher_rank,37,30,226
teacher_rank,37,31,169
teacher_rank,37,32,264
teacher_rank,37,33,254
teacher_rank,37,34,218
teacher_rank,37,35,204
teacher_rank,37,36,147
teacher_rank,37,37,213
teacher_rank,37,38,243
teacher_rank,37,39,145
teacher_rank,37,40,209
teacher_rank,37,41,251
teacher_rank,37,42,247
teacher_rank,37,43,275
teacher_rank,37,44,160
teacher_rank,37,45,250
teacher_rank,37,46,164
teacher_rank,37,47,176
teacher_rank,37,48,263
teacher_rank,37,49,267
teacher_rank,37,50,238
teacher_rank,37,51,132
teacher_rank,37,52,211
teacher_rank,37,53,173
teacher_rank,37,54,179
teacher_rank,37,55,225
teacher_rank,37,56,273
teacher_rank,37,57,239
teacher_rank,37,58,257
teacher_rank,37,59,242
teacher_rank,37,60,159
teacher_rank,37,61,202
teacher_rank,37,62,198
teacher_rank,37,63,266
teacher_rank,37,64,194
teacher_rank,37,65,244
teacher_rank,37,66,258
teacher_rank,37,67,259
teacher_rank,37,68,184
teacher_rank,37,69,199
teacher_rank,37,70,237
teacher_rank,37,71,261
teacher_rank,37,72,253
teacher_rank,37,73,185
teacher_rank,37,74,180
teacher_rank,37,75,270
teacher_rank,37,76,135
teacher_rank,37,77,168
teacher_rank,37,78,186
teacher_rank,37,79,245
teacher_rank,37,80,280
teacher_rank,37,81,143
teacher_rank,37,82,183
teacher_rank,37,83,138
teacher_rank,37,84,136
teacher_rank,37,85,207
teacher_rank,37,86,252
teacher_rank,37,87,228
teacher_rank,37,88,249
teacher_rank,37,89,182
teacher_rank,37,90,227
teacher_rank,37,91,189
teacher_rank,37,92,260
teacher_rank,37,93,137
teacher_rank,37,94,193
teacher_rank,37,95,140
teacher_rank,37,96,203
teacher_rank,37,97,133
teacher_rank,37,98,163
teacher_rank,37,99,232
teacher_rank,37,100,272
teacher_rank,37,101,134
teacher_rank,37,102,248
teacher_rank,37,103,192
teacher_rank,37,104,206
teacher_rank,37,105,188
teacher_rank,37,106,141
teacher_rank,37,107,268
teacher_rank,37,108,208
teacher_rank,37,109,240
teacher_rank,37,110,197
teacher_rank,37,111,271
teacher_rank,37,112,171
teacher_rank,37,113,174
teacher_rank,37,114,215
teacher_rank,37,115,236
teacher_rank,37,116,223
teacher_rank,37,117,221
teacher_rank,37,118,224
teacher_rank,37,119,187
teacher_rank,37,120,265
teacher_rank,37,121,230
teacher_rank,37,122,165
teacher_rank,37,123,167
teacher_rank,37,124,170
teacher_rank,37,125,196
teacher_rank,37,126,178
teacher_rank,37,127,256
teacher_rank,37,128,276
teacher_rank,37,129,150
teacher_rank,37,130,155
teacher_rank,37,131,200
teacher_rank,37,132,149
teacher_rank,37,133,195
teacher_rank,37,134,241
teacher_rank,37,135,229
teacher_rank,37,136,166
teacher_rank,37,137,177
teacher_rank,37,138,210
teacher_rank,37,139,191
teacher_rank,37,140,262
teacher_rank,37,141,161
teacher_rank,37,142,172
teacher_rank,37,143,274
teacher_rank,37,144,158
teacher_rank,37,145,246
teacher_rank,37,146,279
teacher_rank,37,147,219
teacher_rank,37,148,151
teacher_rank,37,149,157
teacher_rank,37,150,190
teacher_rank,43,1,236
teacher_rank,43,2,189
teacher_rank,43,3,174
teacher_rank,43,4,271
teacher_rank,43,5,210
teacher_rank,43,6,193
teacher_rank,43,7,194
teacher_rank,43,8,196
teacher_rank,43,9,232
teacher_rank,43,10,176
teacher_rank,43,11,178
teacher_rank,43,12,150
teacher_rank,43,13,249
teacher_rank,43,14,170
teacher_rank,43,15,182
teacher_rank,43,16,141
teacher_rank,43,17,207
teacher_rank,43,18,173
teacher_rank,43,19,258
teacher_rank,43,20,274
teacher_rank,43,21,188
teacher_rank,43,22,257
teacher_rank,43,23,171
teacher_rank,43,24,172
teacher_rank,43,25,255
teacher_rank,43,26,272
teacher_rank,43,27,164
teacher_rank,43,28,256
teacher_rank,43,29,228
teacher_rank,43,30,146
teacher_rank,43,31,234
teacher_rank,43,32,179
teacher_rank,43,33,243
teacher_rank,43,34,132
teacher_rank,43,35,265
teacher_rank,43,36,199
teacher_rank,43,37,192
teacher_rank,43,38,248
teacher_rank,43,39,166
teacher_rank,43,40,213
teacher_rank,43,41,184
teacher_rank,43,42,242
teacher_rank,43,43,278
teacher_rank,43,44,163
teacher_rank,43,45,250
teacher_rank,43,46,231
teacher_rank,43,47,259
teacher_rank,43,48,165
teacher_rank,43,49,134
teacher_rank,43,50,280
teacher_rank,43,51,253
teacher_rank,43,52,216
teacher_rank,43,53,221
teacher_rank,43,54,222
teacher_rank,43,55,241
teacher_rank,43,56,223
teacher_rank,43,57,266
teacher_rank,43,58,215
teacher_rank,43,59,244
teacher_rank,43,60,238
teacher_rank,43,61,270
teacher_rank,43,62,218
teacher_rank,43,63,151
teacher_rank,43,64,154
teacher_rank,43,65,143
teacher_rank,43,66,200
teacher_rank,43,67,268
teacher_rank,43,68,139
teacher_rank,43,69,185
teacher_rank,43,70,202
teacher_rank,43,71,160
teacher_rank,43,72,252
teacher_rank,43,73,251
teacher_rank,43,74,180
teacher_rank,43,75,190
teacher_rank,43,76,233
teacher_rank,43,77,267
teacher_rank,43,78,264
teacher_rank,43,79,159
teacher_rank,43,80,262
teacher_rank,43,81,227
teacher_rank,43,82,187
teacher_rank,43,83,175
teacher_rank,43,84,279
teacher_rank,43,85,276
teacher_rank,43,86,209
teacher_rank,43,87,168
teacher_rank,43,88,142
teacher_rank,43,89,137
teacher_rank,43,90,161
teacher_rank,43,91,247
teacher_rank,43,92,263
teacher_rank,43,93,191
teacher_rank,43,94,220
teacher_rank,43,95,239
teacher_rank,43,96,273
teacher_rank,43,97,148
teacher_rank,43,98,157
teacher_rank,43,99,155
teacher_rank,43,100,183
teacher_rank,43,101,197
teacher_rank,43,102,198
teacher_rank,43,103,177
teacher_rank,43,104,240
teacher_rank,43,105,226
teacher_rank,43,106,245
teacher_rank,43,107,181
teacher_rank,43,108,140
teacher_rank,43,109,147
teacher_rank,43,110,201
teacher_rank,43,111,167
teacher_rank,43,112,246
teacher_rank,43,113,162
teacher_rank,43,114,275
teacher_rank,43,115,211
teacher_rank,43,116,235
teacher_rank,43,117,144
teacher_rank,43,118,219
teacher_rank,43,119,136
teacher_rank,43,120,269
teacher_rank,43,121,152
teacher_rank,43,122,156
teacher_rank,43,123,254
teacher_rank,43,124,261
teacher_rank,43,125,260
teacher_rank,43,126,208
teacher_rank,43,127,230
teacher_rank,43,128,133
teacher_rank,43,129,195
teacher_rank,43,130,135
teacher_rank,43,131,212
teacher_rank,43,132,149
teacher_rank,43,133,206
teacher_rank,43,134,224
teacher_rank,43,135,169
teacher_rank,43,136,158
teacher_rank,43,137,229
teacher_rank,43,138,204
teacher_rank,43,139,217
teacher_rank,43,140,203
teacher_rank,43,141,205
teacher_rank,43,142,225
teacher_rank,43,143,186
teacher_rank,43,144,131
teacher_rank,43,145,145
teacher_rank,43,146,237
teacher_rank,43,147,214
teacher_rank,43,148,138
teacher_rank,43,149,153
teacher_rank,43,150,277
teacher_rank,46,1,189
teacher_rank,46,2,174
teacher_rank,46,3,194
teacher_rank,46,4,178
teacher_rank,46,5,173
teacher_rank,46,6,236
teacher_rank,46,7,258
teacher_rank,46,8,249
teacher_rank,46,9,150
teacher_rank,46,10,243
teacher_rank,46,11,164
teacher_rank,46,12,188
teacher_rank,46,13,228
teacher_rank,46,14,196
teacher_rank,46,15,193
teacher_rank,46,16,253
teacher_rank,46,17,271
teacher_rank,46,18,223
teacher_rank,46,19,259
teacher_rank,46,20,232
teacher_rank,46,21,176
teacher_rank,46,22,274
teacher_rank,46,23,278
teacher_rank,46,24,170
teacher_rank,46,25,221
teacher_rank,46,26,172
teacher_rank,46,27,257
teacher_rank,46,28,234
teacher_rank,46,29,179
teacher_rank,46,30,255
teacher_rank,46,31,132
teacher_rank,46,32,163
teacher_rank,46,33,266
teacher_rank,46,34,134
teacher_rank,46,35,250
teacher_rank,46,36,280
teacher_rank,46,37,222
teacher_rank,46,38,231
teacher_rank,46,39,199
teacher_rank,46,40,200
teacher_rank,46,41,151
teacher_rank,46,42,262
teacher_rank,46,43,208
teacher_rank,46,44,240
teacher_rank,46,45,139
teacher_rank,46,46,162
teacher_rank,46,47,197
teacher_rank,46,48,220
teacher_rank,46,49,154
teacher_rank,46,50,182
teacher_rank,46,51,247
teacher_rank,46,52,175
teacher_rank,46,53,211
teacher_rank,46,54,192
teacher_rank,46,55,235
teacher_rank,46,56,148
teacher_rank,46,57,160
teacher_rank,46,58,171
teacher_rank,46,59,268
teacher_rank,46,60,254
teacher_rank,46,61,187
teacher_rank,46,62,159
teacher_rank,46,63,265
teacher_rank,46,64,141
teacher_rank,46,65,275
teacher_rank,46,66,165
teacher_rank,46,67,144
teacher_rank,46,68,143
teacher_rank,46,69,209
teacher_rank,46,70,183
teacher_rank,46,71,186
teacher_rank,46,72,267
teacher_rank,46,73,206
teacher_rank,46,74,142
teacher_rank,46,75,252
teacher_rank,46,76,152
teacher_rank,46,77,264
teacher_rank,46,78,185
teacher_rank,46,79,239
teacher_rank,46,80,136
teacher_rank,46,81,201
teacher_rank,46,82,210
teacher_rank,46,83,140
teacher_rank,46,84,273
teacher_rank,46,85,233
teacher_rank,46,86,166
teacher_rank,46,87,256
teacher_rank,46,88,177
teacher_rank,46,89,226
teacher_rank,46,90,269
teacher_rank,46,91,246
teacher_rank,46,92,202
teacher_rank,46,93,181
teacher_rank,46,94,156
teacher_rank,46,95,251
teacher_rank,46,96,168
teacher_rank,46,97,180
teacher_rank,46,98,218
teacher_rank,46,99,153
teacher_rank,46,100,161
teacher_rank,46,101,137
teacher_rank,46,102,248
teacher_rank,46,103,261
teacher_rank,46,104,276
teacher_rank,46,105,272
teacher_rank,46,106,260
teacher_rank,46,107,157
teacher_rank,46,108,207
teacher_rank,46,109,263
teacher_rank,46,110,245
teacher_rank,46,111,146
teacher_rank,46,112,225
teacher_rank,46,113,169
teacher_rank,46,114,190
teacher_rank,46,115,216
teacher_rank,46,116,212
teacher_rank,46,117,195
teacher_rank,46,118,147
teacher_rank,46,119,191
teacher_rank,46,120,155
teacher_rank,46,121,227
teacher_rank,46,122,167
teacher_rank,46,123,133
teacher_rank,46,124,217
teacher_rank,46,125,279
teacher_rank,46,126,198
teacher_rank,46,127,224
teacher_rank,46,128,158
teacher_rank,46,129,242
teacher_rank,46,130,230
teacher_rank,46,131,219
teacher_rank,46,132,238
teacher_rank,46,133,229
teacher_rank,46,134,215
teacher_rank,46,135,184
teacher_rank,46,136,203
teacher_rank,46,137,131
teacher_rank,46,138,270
teacher_rank,46,139,237
teacher_rank,46,140,135
teacher_rank,46,141,145
teacher_rank,46,142,204
teacher_rank,46,143,277
teacher_rank,46,144,138
teacher_rank,46,145,205
teacher_rank,46,146,214
teacher_rank,46,147,241
teacher_rank,46,148,244
teacher_rank,46,149,149
teacher_rank,46,150,213
teacher_rank,48,1,218
teacher_rank,48,2,179
teacher_rank,48,3,255
teacher_rank,48,4,234
teacher_rank,48,5,250
teacher_rank,48,6,213
teacher_rank,48,7,231
teacher_rank,48,8,162
teacher_rank,48,9,243
teacher_rank,48,10,262
teacher_rank,48,11,247
teacher_rank,48,12,193
teacher_rank,48,13,232
teacher_rank,48,14,175
teacher_rank,48,15,200
teacher_rank,48,16,222
teacher_rank,48,17,257
teacher_rank,48,18,235
teacher_rank,48,19,208
teacher_rank,48,20,220
teacher_rank,48,21,160
teacher_rank,48,22,164
teacher_rank,48,23,233
teacher_rank,48,24,189
teacher_rank,48,25,173
teacher_rank,48,26,148
teacher_rank,48,27,217
teacher_rank,48,28,211
teacher_rank,48,29,156
teacher_rank,48,30,206
teacher_rank,48,31,139
teacher_rank,48,32,226
teacher_rank,48,33,151
teacher_rank,48,34,240
teacher_rank,48,35,176
teacher_rank,48,36,254
teacher_rank,48,37,152
teacher_rank,48,38,236
teacher_rank,48,39,136
teacher_rank,48,40,192
teacher_rank,48,41,267
teacher_rank,48,42,161
teacher_rank,48,43,138
teacher_rank,48,44,249
teacher_rank,48,45,178
teacher_rank,48,46,144
teacher_rank,48,47,248
teacher_rank,48,48,146
teacher_rank,48,49,159
teacher_rank,48,50,174
teacher_rank,48,51,210
teacher_rank,48,52,187
teacher_rank,48,53,141
teacher_rank,48,54,140
teacher_rank,48,55,258
teacher_rank,48,56,182
teacher_rank,48,57,253
teacher_rank,48,58,171
teacher_rank,48,59,278
teacher_rank,48,60,142
teacher_rank,48,61,239
teacher_rank,48,62,155
teacher_rank,48,63,237
teacher_rank,48,64,177
teacher_rank,48,65,260
teacher_rank,48,66,166
teacher_rank,48,67,251
teacher_rank,48,68,180
teacher_rank,48,69,199
teacher_rank,48,70,269
teacher_rank,48,71,169
teacher_rank,48,72,188
teacher_rank,48,73,209
teacher_rank,48,74,150
teacher_rank,48,75,186
teacher_rank,48,76,191
teacher_rank,48,77,197
teacher_rank,48,78,183
teacher_rank,48,79,131
teacher_rank,48,80,168
teacher_rank,48,81,265
teacher_rank,48,82,221
teacher_rank,48,83,268
teacher_rank,48,84,207
teacher_rank,48,85,170
teacher_rank,48,86,201
teacher_rank,48,87,133
teacher_rank,48,88,215
teacher_rank,48,89,153
teacher_rank,48,90,154
teacher_rank,48,91,145
teacher_rank,48,92,230
teacher_rank,48,93,238
teacher_rank,48,94,204
teacher_rank,48,95,223
teacher_rank,48,96,134
teacher_rank,48,97,272
teacher_rank,48,98,165
teacher_rank,48,99,273
teacher_rank,48,100,202
teacher_rank,48,101,275
teacher_rank,48,102,172
teacher_rank,48,103,196
teacher_rank,48,104,252
teacher_rank,48,105,271
teacher_rank,48,106,263
teacher_rank,48,107,274
teacher_rank,48,108,163
teacher_rank,48,109,185
teacher_rank,48,110,256
teacher_rank,48,111,194
teacher_rank,48,112,216
teacher_rank,48,113,181
teacher_rank,48,114,270
teacher_rank,48,115,259
teacher_rank,48,116,167
teacher_rank,48,117,137
teacher_rank,48,118,195
teacher_rank,48,119,143
teacher_rank,48,120,245
teacher_rank,48,121,198
teacher_rank,48,122,266
teacher_rank,48,123,212
teacher_rank,48,124,242
teacher_rank,48,125,158
teacher_rank,48,126,190
teacher_rank,48,127,157
teacher_rank,48,128,224
teacher_rank,48,129,276
teacher_rank,48,130,229
teacher_rank,48,131,219
teacher_rank,48,132,132
teacher_rank,48,133,147
teacher_rank,48,134,246
teacher_rank,48,135,225
teacher_rank,48,136,205
teacher_rank,48,137,264
teacher_rank,48,138,279
teacher_rank,48,139,280
teacher_rank,48,140,261
teacher_rank,48,141,135
teacher_rank,48,142,184
teacher_rank,48,143,214
teacher_rank,48,144,277
teacher_rank,48,145,244
teacher_rank,48,146,227
teacher_rank,48,147,241
teacher_rank,48,148,228
teacher_rank,48,149,149
teacher_rank,48,150,203
teacher_rank,49,1,251
teacher_rank,49,2,220
teacher_rank,49,3,190
teacher_rank,49,4,272
teacher_rank,49,5,143
teacher_rank,49,6,157
teacher_rank,49,7,178
teacher_rank,49,8,160
teacher_rank,49,9,211
teacher_rank,49,10,243
teacher_rank,49,11,221
teacher_rank,49,12,197
teacher_rank,49,13,233
teacher_rank,49,14,236
teacher_rank,49,15,176
teacher_rank,49,16,142
teacher_rank,49,17,171
teacher_rank,49,18,139
teacher_rank,49,19,249
teacher_rank,49,20,161
teacher_rank,49,21,254
teacher_rank,49,22,159
teacher_rank,49,23,202
teacher_rank,49,24,151
teacher_rank,49,25,231
teacher_rank,49,26,148
teacher_rank,49,27,200
teacher_rank,49,28,257
teacher_rank,49,29,201
teacher_rank,49,30,144
teacher_rank,49,31,181
teacher_rank,49,32,209
teacher_rank,49,33,196
teacher_rank,49,34,193
teacher_rank,49,35,162
teacher_rank,49,36,164
teacher_rank,49,37,270
teacher_rank,49,38,247
teacher_rank,49,39,182
teacher_rank,49,40,218
teacher_rank,49,41,158
teacher_rank,49,42,152
teacher_rank,49,43,189
teacher_rank,49,44,173
teacher_rank,49,45,141
teacher_rank,49,46,216
teacher_rank,49,47,237
teacher_rank,49,48,174
teacher_rank,49,49,229
teacher_rank,49,50,156
teacher_rank,49,51,234
teacher_rank,49,52,215
teacher_rank,49,53,248
teacher_rank,49,54,245
teacher_rank,49,55,175
teacher_rank,49,56,232
teacher_rank,49,57,265
teacher_rank,49,58,259
teacher_rank,49,59,207
teacher_rank,49,60,258
teacher_rank,49,61,252
teacher_rank,49,62,198
teacher_rank,49,63,235
teacher_rank,49,64,279
teacher_rank,49,65,219
teacher_rank,49,66,271
teacher_rank,49,67,205
teacher_rank,49,68,262
teacher_rank,49,69,273
teacher_rank,49,70,165
teacher_rank,49,71,239
teacher_rank,49,72,212
teacher_rank,49,73,134
teacher_rank,49,74,222
teacher_rank,49,75,244
teacher_rank,49,76,213
teacher_rank,49,77,195
teacher_rank,49,78,227
teacher_rank,49,79,255
teacher_rank,49,80,226
teacher_rank,49,81,146
teacher_rank,49,82,253
teacher_rank,49,83,186
teacher_rank,49,84,224
teacher_rank,49,85,275
teacher_rank,49,86,199
teacher_rank,49,87,208
teacher_rank,49,88,242
teacher_rank,49,89,263
teacher_rank,49,90,133
teacher_rank,49,91,276
teacher_rank,49,92,192
teacher_rank,49,93,154
teacher_rank,49,94,137
teacher_rank,49,95,223
teacher_rank,49,96,210
teacher_rank,49,97,246
teacher_rank,49,98,268
teacher_rank,49,99,169
teacher_rank,49,100,180
teacher_rank,49,101,187
teacher_rank,49,102,256
teacher_rank,49,103,184
teacher_rank,49,104,240
teacher_rank,49,105,153
teacher_rank,49,106,155
teacher_rank,49,107,194
teacher_rank,49,108,136
teacher_rank,49,109,278
teacher_rank,49,110,145
teacher_rank,49,111,267
teacher_rank,49,112,261
teacher_rank,49,113,266
teacher_rank,49,114,204
teacher_rank,49,115,280
teacher_rank,49,116,241
teacher_rank,49,117,191
teacher_rank,49,118,166
teacher_rank,49,119,250
teacher_rank,49,120,238
teacher_rank,49,121,185
teacher_rank,49,122,179
teacher_rank,49,123,183
teacher_rank,49,124,217
teacher_rank,49,125,206
teacher_rank,49,126,264
teacher_rank,49,127,225
teacher_rank,49,128,147
teacher_rank,49,129,269
teacher_rank,49,130,260
teacher_rank,49,131,170
teacher_rank,49,132,177
teacher_rank,49,133,230
teacher_rank,49,134,135
teacher_rank,49,135,167
teacher_rank,49,136,277
teacher_rank,49,137,132
teacher_rank,49,138,228
teacher_rank,49,139,203
teacher_rank,49,140,149
teacher_rank,49,141,131
teacher_rank,49,142,163
teacher_rank,49,143,274
teacher_rank,49,144,140
teacher_rank,49,145,214
teacher_rank,49,146,150
teacher_rank,49,147,188
teacher_rank,49,148,172
teacher_rank,49,149,138
teacher_rank,49,150,168
teacher_rank,50,1,176
teacher_rank,50,2,193
teacher_rank,50,3,170
teacher_rank,50,4,255
teacher_rank,50,5,132
teacher_rank,50,6,199
teacher_rank,50,7,274
teacher_rank,50,8,232
teacher_rank,50,9,257
teacher_rank,50,10,234
teacher_rank,50,11,278
teacher_rank,50,12,179
teacher_rank,50,13,231
teacher_rank,50,14,250
teacher_rank,50,15,163
teacher_rank,50,16,222
teacher_rank,50,17,134
teacher_rank,50,18,218
teacher_rank,50,19,150
teacher_rank,50,20,174
teacher_rank,50,21,154
teacher_rank,50,22,187
teacher_rank,50,23,166
teacher_rank,50,24,143
teacher_rank,50,25,267
teacher_rank,50,26,137
teacher_rank,50,27,167
teacher_rank,50,28,252
teacher_rank,50,29,272
teacher_rank,50,30,164
teacher_rank,50,31,139
teacher_rank,50,32,268
teacher_rank,50,33,209
teacher_rank,50,34,192
teacher_rank,50,35,182
teacher_rank,50,36,236
teacher_rank,50,37,146
teacher_rank,50,38,271
teacher_rank,50,39,202
teacher_rank,50,40,198
teacher_rank,50,41,162
teacher_rank,50,42,263
teacher_rank,50,43,168
teacher_rank,50,44,141
teacher_rank,50,45,276
teacher_rank,50,46,264
teacher_rank,50,47,140
teacher_rank,50,48,165
teacher_rank,50,49,239
teacher_rank,50,50,189
teacher_rank,50,51,173
teacher_rank,50,52,171
teacher_rank,50,53,194
teacher_rank,50,54,279
teacher_rank,50,55,149
teacher_rank,50,56,160
teacher_rank,50,57,169
teacher_rank,50,58,161
teacher_rank,50,59,185
teacher_rank,50,60,191
teacher_rank,50,61,226
teacher_rank,50,62,135
teacher_rank,50,63,159
teacher_rank,50,64,253
teacher_rank,50,65,217
teacher_rank,50,66,227
teacher_rank,50,67,273
teacher_rank,50,68,155
teacher_rank,50,69,245
teacher_rank,50,70,136
teacher_rank,50,71,220
teacher_rank,50,72,242
teacher_rank,50,73,235
teacher_rank,50,74,244
teacher_rank,50,75,142
teacher_rank,50,76,249
teacher_rank,50,77,156
teacher_rank,50,78,233
teacher_rank,50,79,251
teacher_rank,50,80,210
teacher_rank,50,81,258
teacher_rank,50,82,180
teacher_rank,50,83,254
teacher_rank,50,84,240
teacher_rank,50,85,208
teacher_rank,50,86,262
teacher_rank,50,87,147
teacher_rank,50,88,260
teacher_rank,50,89,183
teacher_rank,50,90,221
teacher_rank,50,91,275
teacher_rank,50,92,216
teacher_rank,50,93,133
teacher_rank,50,94,144
teacher_rank,50,95,178
teacher_rank,50,96,200
teacher_rank,50,97,269
teacher_rank,50,98,256
teacher_rank,50,99,247
teacher_rank,50,100,265
teacher_rank,50,101,145
teacher_rank,50,102,204
teacher_rank,50,103,207
teacher_rank,50,104,151
teacher_rank,50,105,259
teacher_rank,50,106,229
teacher_rank,50,107,188
teacher_rank,50,108,195
teacher_rank,50,109,172
teacher_rank,50,110,261
teacher_rank,50,111,246
teacher_rank,50,112,212
teacher_rank,50,113,153
teacher_rank,50,114,206
teacher_rank,50,115,148
teacher_rank,50,116,214
teacher_rank,50,117,175
teacher_rank,50,118,243
teacher_rank,50,119,131
teacher_rank,50,120,177
teacher_rank,50,121,266
teacher_rank,50,122,223
teacher_rank,50,123,211
teacher_rank,50,124,196
teacher_rank,50,125,270
teacher_rank,50,126,203
teacher_rank,50,127,152
teacher_rank,50,128,215
teacher_rank,50,129,248
teacher_rank,50,130,184
teacher_rank,50,131,181
teacher_rank,50,132,219
teacher_rank,50,133,230
teacher_rank,50,134,228
teacher_rank,50,135,238
teacher_rank,50,136,158
teacher_rank,50,137,213
teacher_rank,50,138,280
teacher_rank,50,139,197
teacher_rank,50,140,224
teacher_rank,50,141,205
teacher_rank,50,142,138
teacher_rank,50,143,237
teacher_rank,50,144,186
teacher_rank,50,145,190
teacher_rank,50,146,241
teacher_rank,50,147,201
teacher_rank,50,148,157
teacher_rank,50,149,277
teacher_rank,50,150,225
teacher_rank,51,1,233
teacher_rank,51,2,175
teacher_rank,51,3,139
teacher_rank,51,4,269
teacher_rank,51,5,148
teacher_rank,51,6,212
teacher_rank,51,7,277
teacher_rank,51,8,154
teacher_rank,51,9,142
teacher_rank,51,10,181
teacher_rank,51,11,162
teacher_rank,51,12,156
teacher_rank,51,13,235
teacher_rank,51,14,201
teacher_rank,51,15,214
teacher_rank,51,16,131
teacher_rank,51,17,153
teacher_rank,51,18,205
teacher_rank,51,19,174
teacher_rank,51,20,189
teacher_rank,51,21,164
teacher_rank,51,22,247
teacher_rank,51,23,271
teacher_rank,51,24,200
teacher_rank,51,25,173
teacher_rank,51,26,160
teacher_rank,51,27,194
teacher_rank,51,28,218
teacher_rank,51,29,143
teacher_rank,51,30,258
teacher_rank,51,31,144
teacher_rank,51,32,209
teacher_rank,51,33,249
teacher_rank,51,34,236
teacher_rank,51,35,264
teacher_rank,51,36,223
teacher_rank,51,37,262
teacher_rank,51,38,220
teacher_rank,51,39,234
teacher_rank,51,40,208
teacher_rank,51,41,197
teacher_rank,51,42,252
teacher_rank,51,43,243
teacher_rank,51,44,275
teacher_rank,51,45,152
teacher_rank,51,46,137
teacher_rank,51,47,199
teacher_rank,51,48,221
teacher_rank,51,49,240
teacher_rank,51,50,150
teacher_rank,51,51,253
teacher_rank,51,52,268
teacher_rank,51,53,231
teacher_rank,51,54,198
teacher_rank,51,55,187
teacher_rank,51,56,263
teacher_rank,51,57,176
teacher_rank,51,58,180
teacher_rank,51,59,202
teacher_rank,51,60,183
teacher_rank,51,61,171
teacher_rank,51,62,276
teacher_rank,51,63,159
teacher_rank,51,64,178
teacher_rank,51,65,155
teacher_rank,51,66,279
teacher_rank,51,67,232
teacher_rank,51,68,266
teacher_rank,51,69,272
teacher_rank,51,70,211
teacher_rank,51,71,257
teacher_rank,51,72,132
teacher_rank,51,73,227
teacher_rank,51,74,182
teacher_rank,51,75,239
teacher_rank,51,76,146
teacher_rank,51,77,192
teacher_rank,51,78,245
teacher_rank,51,79,165
teacher_rank,51,80,141
teacher_rank,51,81,259
teacher_rank,51,82,273
teacher_rank,51,83,250
teacher_rank,51,84,170
teacher_rank,51,85,151
teacher_rank,51,86,161
teacher_rank,51,87,149
teacher_rank,51,88,222
teacher_rank,51,89,193
teacher_rank,51,90,246
teacher_rank,51,91,167
teacher_rank,51,92,242
teacher_rank,51,93,251
teacher_rank,51,94,261
teacher_rank,51,95,135
teacher_rank,51,96,169
teacher_rank,51,97,195
teacher_rank,51,98,185
teacher_rank,51,99,267
teacher_rank,51,100,216
teacher_rank,51,101,228
teacher_rank,51,102,254
teacher_rank,51,103,217
teacher_rank,51,104,186
teacher_rank,51,105,229
teacher_rank,51,106,172
teacher_rank,51,107,206
teacher_rank,51,108,210
teacher_rank,51,109,166
teacher_rank,51,110,215
teacher_rank,51,111,224
teacher_rank,51,112,226
teacher_rank,51,113,204
teacher_rank,51,114,270
teacher_rank,51,115,177
teacher_rank,51,116,255
teacher_rank,51,117,219
teacher_rank,51,118,256
teacher_rank,51,119,244
teacher_rank,51,120,147
teacher_rank,51,121,136
teacher_rank,51,122,190
teacher_rank,51,123,260
teacher_rank,51,124,207
teacher_rank,51,125,145
teacher_rank,51,126,134
teacher_rank,51,127,230
teacher_rank,51,128,265
teacher_rank,51,129,196
teacher_rank,51,130,158
teacher_rank,51,131,237
teacher_rank,51,132,168
teacher_rank,51,133,184
teacher_rank,51,134,157
teacher_rank,51,135,238
teacher_rank,51,136,191
teacher_rank,51,137,140
teacher_rank,51,138,179
teacher_rank,51,139,280
teacher_rank,51,140,248
teacher_rank,51,141,203
teacher_rank,51,142,163
teacher_rank,51,143,278
teacher_rank,51,144,188
teacher_rank,51,145,133
teacher_rank,51,146,138
teacher_rank,51,147,225
teacher_rank,51,148,213
teacher_rank,51,149,241
teacher_rank,51,150,274
teacher_rank,53,1,169
teacher_rank,53,2,254
teacher_rank,53,3,137
teacher_rank,53,4,155
teacher_rank,53,5,143
teacher_rank,53,6,269
teacher_rank,53,7,149
teacher_rank,53,8,277
teacher_rank,53,9,261
teacher_rank,53,10,175
teacher_rank,53,11,226
teacher_rank,53,12,187
teacher_rank,53,13,195
teacher_rank,53,14,252
teacher_rank,53,15,225
teacher_rank,53,16,212
teacher_rank,53,17,148
teacher_rank,53,18,167
teacher_rank,53,19,156
teacher_rank,53,20,159
teacher_rank,53,21,279
teacher_rank,53,22,158
teacher_rank,53,23,135
teacher_rank,53,24,180
teacher_rank,53,25,168
teacher_rank,53,26,139
teacher_rank,53,27,233
teacher_rank,53,28,131
teacher_rank,53,29,181
teacher_rank,53,30,153
teacher_rank,53,31,154
teacher_rank,53,32,267
teacher_rank,53,33,230
teacher_rank,53,34,162
teacher_rank,53,35,214
teacher_rank,53,36,203
teacher_rank,53,37,136
teacher_rank,53,38,201
teacher_rank,53,39,235
teacher_rank,53,40,268
teacher_rank,53,41,142
teacher_rank,53,42,140
teacher_rank,53,43,219
teacher_rank,53,44,205
teacher_rank,53,45,177
teacher_rank,53,46,157
teacher_rank,53,47,247
teacher_rank,53,48,204
teacher_rank,53,49,173
teacher_rank,53,50,234
teacher_rank,53,51,144
teacher_rank,53,52,152
teacher_rank,53,53,220
teacher_rank,53,54,216
teacher_rank,53,55,253
teacher_rank,53,56,231
teacher_rank,53,57,194
teacher_rank,53,58,224
teacher_rank,53,59,182
teacher_rank,53,60,189
teacher_rank,53,61,147
teacher_rank,53,62,217
teacher_rank,53,63,222
teacher_rank,53,64,146
teacher_rank,53,65,275
teacher_rank,53,66,208
teacher_rank,53,67,174
teacher_rank,53,68,206
teacher_rank,53,69,266
teacher_rank,53,70,238
teacher_rank,53,71,164
teacher_rank,53,72,243
teacher_rank,53,73,160
teacher_rank,53,74,221
teacher_rank,53,75,218
teacher_rank,53,76,183
teacher_rank,53,77,245
teacher_rank,53,78,250
teacher_rank,53,79,176
teacher_rank,53,80,178
teacher_rank,53,81,145
teacher_rank,53,82,199
teacher_rank,53,83,258
teacher_rank,53,84,132
teacher_rank,53,85,273
teacher_rank,53,86,186
teacher_rank,53,87,242
teacher_rank,53,88,264
teacher_rank,53,89,251
teacher_rank,53,90,151
teacher_rank,53,91,257
teacher_rank,53,92,263
teacher_rank,53,93,163
teacher_rank,53,94,248
teacher_rank,53,95,161
teacher_rank,53,96,211
teacher_rank,53,97,192
teacher_rank,53,98,259
teacher_rank,53,99,209
teacher_rank,53,100,184
teacher_rank,53,101,171
teacher_rank,53,102,244
teacher_rank,53,103,133
teacher_rank,53,104,223
teacher_rank,53,105,239
teacher_rank,53,106,150
teacher_rank,53,107,278
teacher_rank,53,108,200
teacher_rank,53,109,232
teacher_rank,53,110,165
teacher_rank,53,111,271
teacher_rank,53,112,215
teacher_rank,53,113,270
teacher_rank,53,114,202
teacher_rank,53,115,196
teacher_rank,53,116,141
teacher_rank,53,117,262
teacher_rank,53,118,255
teacher_rank,53,119,188
teacher_rank,53,120,170
teacher_rank,53,121,179
teacher_rank,53,122,229
teacher_rank,53,123,191
teacher_rank,53,124,193
teacher_rank,53,125,249
teacher_rank,53,126,138
teacher_rank,53,127,265
teacher_rank,53,128,134
teacher_rank,53,129,228
teacher_rank,53,130,240
teacher_rank,53,131,260
teacher_rank,53,132,227
teacher_rank,53,133,185
teacher_rank,53,134,237
teacher_rank,53,135,197
teacher_rank,53,136,276
teacher_rank,53,137,198
teacher_rank,53,138,172
teacher_rank,53,139,210
teacher_rank,53,140,236
teacher_rank,53,141,207
teacher_rank,53,142,256
teacher_rank,53,143,166
teacher_rank,53,144,213
teacher_rank,53,145,272
teacher_rank,53,146,246
teacher_rank,53,147,280
teacher_rank,53,148,241
teacher_rank,53,149,190
teacher_rank,53,150,274
teacher_rank,57,1,207
teacher_rank,57,2,146
teacher_rank,57,3,182
teacher_rank,57,4,272
teacher_rank,57,5,221
teacher_rank,57,6,249
teacher_rank,57,7,242
teacher_rank,57,8,184
teacher_rank,57,9,141
teacher_rank,57,10,173
teacher_rank,57,11,171
teacher_rank,57,12,248
teacher_rank,57,13,200
teacher_rank,57,14,174
teacher_rank,57,15,210
teacher_rank,57,16,265
teacher_rank,57,17,256
teacher_rank,57,18,258
teacher_rank,57,19,270
teacher_rank,57,20,213
teacher_rank,57,21,192
teacher_rank,57,22,183
teacher_rank,57,23,241
teacher_rank,57,24,165
teacher_rank,57,25,216
teacher_rank,57,26,244
teacher_rank,57,27,243
teacher_rank,57,28,259
teacher_rank,57,29,189
teacher_rank,57,30,240
teacher_rank,57,31,253
teacher_rank,57,32,246
teacher_rank,57,33,215
teacher_rank,57,34,197
teacher_rank,57,35,238
teacher_rank,57,36,194
teacher_rank,57,37,266
teacher_rank,57,38,264
teacher_rank,57,39,166
teacher_rank,57,40,188
teacher_rank,57,41,223
teacher_rank,57,42,262
teacher_rank,57,43,164
teacher_rank,57,44,271
teacher_rank,57,45,150
teacher_rank,57,46,275
teacher_rank,57,47,228
teacher_rank,57,48,208
teacher_rank,57,49,172
teacher_rank,57,50,254
teacher_rank,57,51,147
teacher_rank,57,52,158
teacher_rank,57,53,159
teacher_rank,57,54,190
teacher_rank,57,55,176
teacher_rank,57,56,251
teacher_rank,57,57,201
teacher_rank,57,58,148
teacher_rank,57,59,195
teacher_rank,57,60,219
teacher_rank,57,61,229
teacher_rank,57,62,178
teacher_rank,57,63,220
teacher_rank,57,64,211
teacher_rank,57,65,227
teacher_rank,57,66,234
teacher_rank,57,67,193
teacher_rank,57,68,196
teacher_rank,57,69,191
teacher_rank,57,70,202
teacher_rank,57,71,181
teacher_rank,57,72,233
teacher_rank,57,73,134
teacher_rank,57,74,160
teacher_rank,57,75,257
teacher_rank,57,76,157
teacher_rank,57,77,144
teacher_rank,57,78,231
teacher_rank,57,79,245
teacher_rank,57,80,236
teacher_rank,57,81,161
teacher_rank,57,82,143
teacher_rank,57,83,247
teacher_rank,57,84,280
teacher_rank,57,85,151
teacher_rank,57,86,209
teacher_rank,57,87,239
teacher_rank,57,88,152
teacher_rank,57,89,224
teacher_rank,57,90,205
teacher_rank,57,91,279
teacher_rank,57,92,175
teacher_rank,57,93,260
teacher_rank,57,94,139
teacher_rank,57,95,142
teacher_rank,57,96,232
teacher_rank,57,97,225
teacher_rank,57,98,212
teacher_rank,57,99,180
teacher_rank,57,100,177
teacher_rank,57,101,186
teacher_rank,57,102,252
teacher_rank,57,103,237
teacher_rank,57,104,222
teacher_rank,57,105,199
teacher_rank,57,106,179
teacher_rank,57,107,133
teacher_rank,57,108,218
teacher_rank,57,109,170
teacher_rank,57,110,267
teacher_rank,57,111,169
teacher_rank,57,112,198
teacher_rank,57,113,269
teacher_rank,57,114,261
teacher_rank,57,115,155
teacher_rank,57,116,263
teacher_rank,57,117,276
teacher_rank,57,118,226
teacher_rank,57,119,273
teacher_rank,57,120,135
teacher_rank,57,121,255
teacher_rank,57,122,136
teacher_rank,57,123,153
teacher_rank,57,124,156
teacher_rank,57,125,154
teacher_rank,57,126,203
teacher_rank,57,127,140
teacher_rank,57,128,277
teacher_rank,57,129,217
teacher_rank,57,130,268
teacher_rank,57,131,145
teacher_rank,57,132,214
teacher_rank,57,133,149
teacher_rank,57,134,206
teacher_rank,57,135,162
teacher_rank,57,136,137
teacher_rank,57,137,185
teacher_rank,57,138,278
teacher_rank,57,139,187
teacher_rank,57,140,274
teacher_rank,57,141,167
teacher_rank,57,142,235
teacher_rank,57,143,230
teacher_rank,57,144,131
teacher_rank,57,145,138
teacher_rank,57,146,163
teacher_rank,57,147,168
teacher_rank,57,148,204
teacher_rank,57,149,250
teacher_rank,57,150,132
teacher_rank,59,1,269
teacher_rank,59,2,277
teacher_rank,59,3,201
teacher_rank,59,4,181
teacher_rank,59,5,148
teacher_rank,59,6,214
teacher_rank,59,7,233
teacher_rank,59,8,175
teacher_rank,59,9,156
teacher_rank,59,10,212
teacher_rank,59,11,131
teacher_rank,59,12,162
teacher_rank,59,13,139
teacher_rank,59,14,235
teacher_rank,59,15,142
teacher_rank,59,16,154
teacher_rank,59,17,205
teacher_rank,59,18,153
teacher_rank,59,19,255
teacher_rank,59,20,218
teacher_rank,59,21,179
teacher_rank,59,22,161
teacher_rank,59,23,234
teacher_rank,59,24,136
teacher_rank,59,25,146
teacher_rank,59,26,204
teacher_rank,59,27,199
teacher_rank,59,28,193
teacher_rank,59,29,217
teacher_rank,59,30,133
teacher_rank,59,31,132
teacher_rank,59,32,167
teacher_rank,59,33,211
teacher_rank,59,34,138
teacher_rank,59,35,231
teacher_rank,59,36,222
teacher_rank,59,37,170
teacher_rank,59,38,141
teacher_rank,59,39,250
teacher_rank,59,40,144
teacher_rank,59,41,278
teacher_rank,59,42,191
teacher_rank,59,43,150
teacher_rank,59,44,188
teacher_rank,59,45,176
teacher_rank,59,46,263
teacher_rank,59,47,152
teacher_rank,59,48,202
teacher_rank,59,49,208
teacher_rank,59,50,229
teacher_rank,59,51,257
teacher_rank,59,52,169
teacher_rank,59,53,209
teacher_rank,59,54,192
teacher_rank,59,55,140
teacher_rank,59,56,187
teacher_rank,59,57,160
teacher_rank,59,58,168
teacher_rank,59,59,166
teacher_rank,59,60,253
teacher_rank,59,61,134
teacher_rank,59,62,240
teacher_rank,59,63,135
teacher_rank,59,64,245
teacher_rank,59,65,239
teacher_rank,59,66,232
teacher_rank,59,67,163
teacher_rank,59,68,270
teacher_rank,59,69,213
teacher_rank,59,70,198
teacher_rank,59,71,220
teacher_rank,59,72,172
teacher_rank,59,73,155
teacher_rank,59,74,226
teacher_rank,59,75,195
teacher_rank,59,76,207
teacher_rank,59,77,185
teacher_rank,59,78,173
teacher_rank,59,79,260
teacher_rank,59,80,206
teacher_rank,59,81,238
teacher_rank,59,82,159
teacher_rank,59,83,182
teacher_rank,59,84,276
teacher_rank,59,85,251
teacher_rank,59,86,246
teacher_rank,59,87,158
teacher_rank,59,88,164
teacher_rank,59,89,178
teacher_rank,59,90,174
teacher_rank,59,91,249
teacher_rank,59,92,237
teacher_rank,59,93,258
teacher_rank,59,94,145
teacher_rank,59,95,275
teacher_rank,59,96,194
teacher_rank,59,97,180
teacher_rank,59,98,271
teacher_rank,59,99,272
teacher_rank,59,100,236
teacher_rank,59,101,267
teacher_rank,59,102,221
teacher_rank,59,103,186
teacher_rank,59,104,252
teacher_rank,59,105,248
teacher_rank,59,106,143
teacher_rank,59,107,137
teacher_rank,59,108,151
teacher_rank,59,109,247
teacher_rank,59,110,184
teacher_rank,59,111,183
teacher_rank,59,112,216
teacher_rank,59,113,157
teacher_rank,59,114,254
teacher_rank,59,115,219
teacher_rank,59,116,215
teacher_rank,59,117,197
teacher_rank,59,118,244
teacher_rank,59,119,177
teacher_rank,59,120,266
teacher_rank,59,121,279
teacher_rank,59,122,274
teacher_rank,59,123,147
teacher_rank,59,124,225
teacher_rank,59,125,190
teacher_rank,59,126,262
teacher_rank,59,127,243
teacher_rank,59,128,189
teacher_rank,59,129,223
teacher_rank,59,130,280
teacher_rank,59,131,196
teacher_rank,59,132,230
teacher_rank,59,133,228
teacher_rank,59,134,265
teacher_rank,59,135,273
teacher_rank,59,136,210
teacher_rank,59,137,264
teacher_rank,59,138,227
teacher_rank,59,139,171
teacher_rank,59,140,149
teacher_rank,59,141,242
teacher_rank,59,142,268
teacher_rank,59,143,259
teacher_rank,59,144,256
teacher_rank,59,145,224
teacher_rank,59,146,165
teacher_rank,59,147,200
teacher_rank,59,148,241
teacher_rank,59,149,261
teacher_rank,59,150,203
teacher_rank,61,1,169
teacher_rank,61,2,155
teacher_rank,61,3,254
teacher_rank,61,4,149
teacher_rank,61,5,135
teacher_rank,61,6,195
teacher_rank,61,7,226
teacher_rank,61,8,225
teacher_rank,61,9,261
teacher_rank,61,10,269
teacher_rank,61,11,277
teacher_rank,61,12,168
teacher_rank,61,13,279
teacher_rank,61,14,158
teacher_rank,61,15,167
teacher_rank,61,16,137
teacher_rank,61,17,143
teacher_rank,61,18,203
teacher_rank,61,19,187
teacher_rank,61,20,159
teacher_rank,61,21,252
teacher_rank,61,22,212
teacher_rank,61,23,180
teacher_rank,61,24,140
teacher_rank,61,25,219
teacher_rank,61,26,214
teacher_rank,61,27,136
teacher_rank,61,28,230
teacher_rank,61,29,181
teacher_rank,61,30,153
teacher_rank,61,31,267
teacher_rank,61,32,177
teacher_rank,61,33,175
teacher_rank,61,34,148
teacher_rank,61,35,157
teacher_rank,61,36,156
teacher_rank,61,37,233
teacher_rank,61,38,131
teacher_rank,61,39,201
teacher_rank,61,40,268
teacher_rank,61,41,205
teacher_rank,61,42,139
teacher_rank,61,43,235
teacher_rank,61,44,142
teacher_rank,61,45,154
teacher_rank,61,46,162
teacher_rank,61,47,204
teacher_rank,61,48,245
teacher_rank,61,49,145
teacher_rank,61,50,217
teacher_rank,61,51,221
teacher_rank,61,52,208
teacher_rank,61,53,244
teacher_rank,61,54,229
teacher_rank,61,55,133
teacher_rank,61,56,260
teacher_rank,61,57,138
teacher_rank,61,58,270
teacher_rank,61,59,234
teacher_rank,61,60,266
teacher_rank,61,61,238
teacher_rank,61,62,194
teacher_rank,61,63,198
teacher_rank,61,64,173
teacher_rank,61,65,216
teacher_rank,61,66,223
teacher_rank,61,67,146
teacher_rank,61,68,258
teacher_rank,61,69,276
teacher_rank,61,70,247
teacher_rank,61,71,228
teacher_rank,61,72,206
teacher_rank,61,73,199
teacher_rank,61,74,134
teacher_rank,61,75,275
teacher_rank,61,76,213
teacher_rank,61,77,188
teacher_rank,61,78,191
teacher_rank,61,79,255
teacher_rank,61,80,161
teacher_rank,61,81,152
teacher_rank,61,82,222
teacher_rank,61,83,147
teacher_rank,61,84,184
teacher_rank,61,85,224
teacher_rank,61,86,239
teacher_rank,61,87,186
teacher_rank,61,88,150
teacher_rank,61,89,163
teacher_rank,61,90,182
teacher_rank,61,91,273
teacher_rank,61,92,253
teacher_rank,61,93,202
teacher_rank,61,94,132
teacher_rank,61,95,237
teacher_rank,61,96,207
teacher_rank,61,97,144
teacher_rank,61,98,170
teacher_rank,61,99,183
teacher_rank,61,100,249
teacher_rank,61,101,215
teacher_rank,61,102,248
teacher_rank,61,103,280
teacher_rank,61,104,264
teacher_rank,61,105,179
teacher_rank,61,106,259
teacher_rank,61,107,211
teacher_rank,61,108,240
teacher_rank,61,109,278
teacher_rank,61,110,218
teacher_rank,61,111,241
teacher_rank,61,112,231
teacher_rank,61,113,172
teacher_rank,61,114,176
teacher_rank,61,115,227
teacher_rank,61,116,160
teacher_rank,61,117,246
teacher_rank,61,118,250
teacher_rank,61,119,257
teacher_rank,61,120,166
teacher_rank,61,121,251
teacher_rank,61,122,220
teacher_rank,61,123,271
teacher_rank,61,124,178
teacher_rank,61,125,189
teacher_rank,61,126,243
teacher_rank,61,127,265
teacher_rank,61,128,193
teacher_rank,61,129,197
teacher_rank,61,130,263
teacher_rank,61,131,242
teacher_rank,61,132,192
teacher_rank,61,133,196
teacher_rank,61,134,256
teacher_rank,61,135,174
teacher_rank,61,136,209
teacher_rank,61,137,274
teacher_rank,61,138,141
teacher_rank,61,139,151
teacher_rank,61,140,200
teacher_rank,61,141,272
teacher_rank,61,142,236
teacher_rank,61,143,210
teacher_rank,61,144,164
teacher_rank,61,145,165
teacher_rank,61,146,190
teacher_rank,61,147,262
teacher_rank,61,148,185
teacher_rank,61,149,232
teacher_rank,61,150,171
teacher_rank,62,1,169
teacher_rank,62,2,254
teacher_rank,62,3,149
teacher_rank,62,4,155
teacher_rank,62,5,195
teacher_rank,62,6,135
teacher_rank,62,7,279
teacher_rank,62,8,226
teacher_rank,62,9,167
teacher_rank,62,10,168
teacher_rank,62,11,158
teacher_rank,62,12,143
teacher_rank,62,13,225
teacher_rank,62,14,261
teacher_rank,62,15,187
teacher_rank,62,16,159
teacher_rank,62,17,252
teacher_rank,62,18,180
teacher_rank,62,19,137
teacher_rank,62,20,219
teacher_rank,62,21,203
teacher_rank,62,22,140
teacher_rank,62,23,157
teacher_rank,62,24,230
teacher_rank,62,25,136
teacher_rank,62,26,177
teacher_rank,62,27,268
teacher_rank,62,28,267
teacher_rank,62,29,245
teacher_rank,62,30,198
teacher_rank,62,31,134
teacher_rank,62,32,138
teacher_rank,62,33,204
teacher_rank,62,34,163
teacher_rank,62,35,161
teacher_rank,62,36,217
teacher_rank,62,37,221
teacher_rank,62,38,145
teacher_rank,62,39,199
teacher_rank,62,40,153
teacher_rank,62,41,133
teacher_rank,62,42,260
teacher_rank,62,43,205
teacher_rank,62,44,277
teacher_rank,62,45,231
teacher_rank,62,46,213
teacher_rank,62,47,270
teacher_rank,62,48,144
teacher_rank,62,49,176
teacher_rank,62,50,258
teacher_rank,62,51,234
teacher_rank,62,52,250
teacher_rank,62,53,212
teacher_rank,62,54,194
teacher_rank,62,55,269
teacher_rank,62,56,222
teacher_rank,62,57,238
teacher_rank,62,58,224
teacher_rank,62,59,184
teacher_rank,62,60,186
teacher_rank,62,61,208
teacher_rank,62,62,179
teacher_rank,62,63,191
teacher_rank,62,64,244
teacher_rank,62,65,181
teacher_rank,62,66,188
teacher_rank,62,67,152
teacher_rank,62,68,255
teacher_rank,62,69,249
teacher_rank,62,70,207
teacher_rank,62,71,178
teacher_rank,62,72,132
teacher_rank,62,73,131
teacher_rank,62,74,202
teacher_rank,62,75,206
teacher_rank,62,76,147
teacher_rank,62,77,247
teacher_rank,62,78,274
teacher_rank,62,79,273
teacher_rank,62,80,229
teacher_rank,62,81,223
teacher_rank,62,82,239
teacher_rank,62,83,228
teacher_rank,62,84,276
teacher_rank,62,85,259
teacher_rank,62,86,150
teacher_rank,62,87,146
teacher_rank,62,88,240
teacher_rank,62,89,216
teacher_rank,62,90,257
teacher_rank,62,91,170
teacher_rank,62,92,172
teacher_rank,62,93,241
teacher_rank,62,94,193
teacher_rank,62,95,173
teacher_rank,62,96,280
teacher_rank,62,97,148
teacher_rank,62,98,266
teacher_rank,62,99,156
teacher_rank,62,100,214
teacher_rank,62,101,218
teacher_rank,62,102,211
teacher_rank,62,103,189
teacher_rank,62,104,278
teacher_rank,62,105,220
teacher_rank,62,106,160
teacher_rank,62,107,237
teacher_rank,62,108,182
teacher_rank,62,109,246
teacher_rank,62,110,235
teacher_rank,62,111,183
teacher_rank,62,112,233
teacher_rank,62,113,174
teacher_rank,62,114,166
teacher_rank,62,115,256
teacher_rank,62,116,253
teacher_rank,62,117,272
teacher_rank,62,118,248
teacher_rank,62,119,264
teacher_rank,62,120,142
teacher_rank,62,121,275
teacher_rank,62,122,242
teacher_rank,62,123,215
teacher_rank,62,124,197
teacher_rank,62,125,227
teacher_rank,62,126,209
teacher_rank,62,127,139
teacher_rank,62,128,201
teacher_rank,62,129,263
teacher_rank,62,130,190
teacher_rank,62,131,243
teacher_rank,62,132,175
teacher_rank,62,133,251
teacher_rank,62,134,271
teacher_rank,62,135,196
teacher_rank,62,136,192
teacher_rank,62,137,232
teacher_rank,62,138,141
teacher_rank,62,139,165
teacher_rank,62,140,200
teacher_rank,62,141,185
teacher_rank,62,142,210
teacher_rank,62,143,151
teacher_rank,62,144,236
teacher_rank,62,145,154
teacher_rank,62,146,171
teacher_rank,62,147,164
teacher_rank,62,148,265
teacher_rank,62,149,162
teacher_rank,62,150,262
teacher_rank,63,1,176
teacher_rank,63,2,193
teacher_rank,63,3,146
teacher_rank,63,4,141
teacher_rank,63,5,274
teacher_rank,63,6,278
teacher_rank,63,7,179
teacher_rank,63,8,255
teacher_rank,63,9,248
teacher_rank,63,10,170
teacher_rank,63,11,216
teacher_rank,63,12,234
teacher_rank,63,13,207
teacher_rank,63,14,192
teacher_rank,63,15,232
teacher_rank,63,16,182
teacher_rank,63,17,171
teacher_rank,63,18,132
teacher_rank,63,19,257
teacher_rank,63,20,242
teacher_rank,63,21,163
teacher_rank,63,22,184
teacher_rank,63,23,210
teacher_rank,63,24,134
teacher_rank,63,25,199
teacher_rank,63,26,231
teacher_rank,63,27,222
teacher_rank,63,28,166
teacher_rank,63,29,213
teacher_rank,63,30,250
teacher_rank,63,31,272
teacher_rank,63,32,265
teacher_rank,63,33,256
teacher_rank,63,34,165
teacher_rank,63,35,238
teacher_rank,63,36,241
teacher_rank,63,37,244
teacher_rank,63,38,270
teacher_rank,63,39,215
teacher_rank,63,40,136
teacher_rank,63,41,187
teacher_rank,63,42,140
teacher_rank,63,43,254
teacher_rank,63,44,161
teacher_rank,63,45,267
teacher_rank,63,46,208
teacher_rank,63,47,196
teacher_rank,63,48,150
teacher_rank,63,49,269
teacher_rank,63,50,164
teacher_rank,63,51,188
teacher_rank,63,52,168
teacher_rank,63,53,151
teacher_rank,63,54,220
teacher_rank,63,55,226
teacher_rank,63,56,211
teacher_rank,63,57,169
teacher_rank,63,58,162
teacher_rank,63,59,235
teacher_rank,63,60,206
teacher_rank,63,61,156
teacher_rank,63,62,143
teacher_rank,63,63,147
teacher_rank,63,64,173
teacher_rank,63,65,181
teacher_rank,63,66,202
teacher_rank,63,67,159
teacher_rank,63,68,167
teacher_rank,63,69,243
teacher_rank,63,70,218
teacher_rank,63,71,191
teacher_rank,63,72,133
teacher_rank,63,73,261
teacher_rank,63,74,174
teacher_rank,63,75,258
teacher_rank,63,76,251
teacher_rank,63,77,139
teacher_rank,63,78,217
teacher_rank,63,79,201
teacher_rank,63,80,137
teacher_rank,63,81,157
teacher_rank,63,82,148
teacher_rank,63,83,259
teacher_rank,63,84,183
teacher_rank,63,85,142
teacher_rank,63,86,144
teacher_rank,63,87,245
teacher_rank,63,88,189
teacher_rank,63,89,204
teacher_rank,63,90,253
teacher_rank,63,91,154
teacher_rank,63,92,178
teacher_rank,63,93,194
teacher_rank,63,94,239
teacher_rank,63,95,264
teacher_rank,63,96,160
teacher_rank,63,97,152
teacher_rank,63,98,249
teacher_rank,63,99,240
teacher_rank,63,100,135
teacher_rank,63,101,153
teacher_rank,63,102,277
teacher_rank,63,103,186
teacher_rank,63,104,268
teacher_rank,63,105,227
teacher_rank,63,106,221
teacher_rank,63,107,225
teacher_rank,63,108,252
teacher_rank,63,109,273
teacher_rank,63,110,197
teacher_rank,63,111,263
teacher_rank,63,112,271
teacher_rank,63,113,149
teacher_rank,63,114,209
teacher_rank,63,115,229
teacher_rank,63,116,247
teacher_rank,63,117,155
teacher_rank,63,118,260
teacher_rank,63,119,280
teacher_rank,63,120,236
teacher_rank,63,121,198
teacher_rank,63,122,180
teacher_rank,63,123,175
teacher_rank,63,124,195
teacher_rank,63,125,131
teacher_rank,63,126,190
teacher_rank,63,127,185
teacher_rank,63,128,200
teacher_rank,63,129,279
teacher_rank,63,130,205
teacher_rank,63,131,145
teacher_rank,63,132,203
teacher_rank,63,133,177
teacher_rank,63,134,223
teacher_rank,63,135,212
teacher_rank,63,136,246
teacher_rank,63,137,158
teacher_rank,63,138,230
teacher_rank,63,139,138
teacher_rank,63,140,275
teacher_rank,63,141,214
teacher_rank,63,142,266
teacher_rank,63,143,262
teacher_rank,63,144,233
teacher_rank,63,145,276
teacher_rank,63,146,224
teacher_rank,63,147,172
teacher_rank,63,148,228
teacher_rank,63,149,237
teacher_rank,63,150,219
teacher_rank,66,1,173
teacher_rank,66,2,258
teacher_rank,66,3,249
teacher_rank,66,4,254
teacher_rank,66,5,184
teacher_rank,66,6,221
teacher_rank,66,7,169
teacher_rank,66,8,240
teacher_rank,66,9,141
teacher_rank,66,10,207
teacher_rank,66,11,174
teacher_rank,66,12,183
teacher_rank,66,13,194
teacher_rank,66,14,146
teacher_rank,66,15,149
teacher_rank,66,16,248
teacher_rank,66,17,266
teacher_rank,66,18,225
teacher_rank,66,19,226
teacher_rank,66,20,155
teacher_rank,66,21,253
teacher_rank,66,22,200
teacher_rank,66,23,182
teacher_rank,66,24,195
teacher_rank,66,25,213
teacher_rank,66,26,243
teacher_rank,66,27,188
teacher_rank,66,28,261
teacher_rank,66,29,137
teacher_rank,66,30,216
teacher_rank,66,31,158
teacher_rank,66,32,167
teacher_rank,66,33,242
teacher_rank,66,34,238
teacher_rank,66,35,197
teacher_rank,66,36,223
teacher_rank,66,37,264
teacher_rank,66,38,279
teacher_rank,66,39,135
teacher_rank,66,40,187
teacher_rank,66,41,143
teacher_rank,66,42,259
teacher_rank,66,43,241
teacher_rank,66,44,244
teacher_rank,66,45,208
teacher_rank,66,46,275
teacher_rank,66,47,189
teacher_rank,66,48,252
teacher_rank,66,49,168
teacher_rank,66,50,272
teacher_rank,66,51,215
teacher_rank,66,52,164
teacher_rank,66,53,265
teacher_rank,66,54,210
teacher_rank,66,55,166
teacher_rank,66,56,192
teacher_rank,66,57,136
teacher_rank,66,58,246
teacher_rank,66,59,171
teacher_rank,66,60,262
teacher_rank,66,61,270
teacher_rank,66,62,159
teacher_rank,66,63,150
teacher_rank,66,64,267
teacher_rank,66,65,203
teacher_rank,66,66,256
teacher_rank,66,67,228
teacher_rank,66,68,180
teacher_rank,66,69,230
teacher_rank,66,70,157
teacher_rank,66,71,140
teacher_rank,66,72,219
teacher_rank,66,73,165
teacher_rank,66,74,271
teacher_rank,66,75,172
teacher_rank,66,76,268
teacher_rank,66,77,177
teacher_rank,66,78,147
teacher_rank,66,79,224
teacher_rank,66,80,151
teacher_rank,66,81,191
teacher_rank,66,82,227
teacher_rank,66,83,186
teacher_rank,66,84,133
teacher_rank,66,85,202
teacher_rank,66,86,153
teacher_rank,66,87,212
teacher_rank,66,88,211
teacher_rank,66,89,220
teacher_rank,66,90,156
teacher_rank,66,91,235
teacher_rank,66,92,196
teacher_rank,66,93,204
teacher_rank,66,94,280
teacher_rank,66,95,247
teacher_rank,66,96,144
teacher_rank,66,97,206
teacher_rank,66,98,229
teacher_rank,66,99,178
teacher_rank,66,100,152
teacher_rank,66,101,163
teacher_rank,66,102,269
teacher_rank,66,103,148
teacher_rank,66,104,277
teacher_rank,66,105,161
teacher_rank,66,106,222
teacher_rank,66,107,251
teacher_rank,66,108,217
teacher_rank,66,109,134
teacher_rank,66,110,234
teacher_rank,66,111,181
teacher_rank,66,112,245
teacher_rank,66,113,142
teacher_rank,66,114,237
teacher_rank,66,115,273
teacher_rank,66,116,214
teacher_rank,66,117,278
teacher_rank,66,118,255
teacher_rank,66,119,170
teacher_rank,66,120,236
teacher_rank,66,121,160
teacher_rank,66,122,176
teacher_rank,66,123,231
teacher_rank,66,124,198
teacher_rank,66,125,145
teacher_rank,66,126,131
teacher_rank,66,127,138
teacher_rank,66,128,201
teacher_rank,66,129,179
teacher_rank,66,130,209
teacher_rank,66,131,205
teacher_rank,66,132,190
teacher_rank,66,133,274
teacher_rank,66,134,132
teacher_rank,66,135,139
teacher_rank,66,136,162
teacher_rank,66,137,233
teacher_rank,66,138,199
teacher_rank,66,139,239
teacher_rank,66,140,260
teacher_rank,66,141,250
teacher_rank,66,142,193
teacher_rank,66,143,175
teacher_rank,66,144,218
teacher_rank,66,145,257
teacher_rank,66,146,263
teacher_rank,66,147,276
teacher_rank,66,148,232
teacher_rank,66,149,154
teacher_rank,66,150,185
teacher_rank,68,1,189
teacher_rank,68,2,174
teacher_rank,68,3,194
teacher_rank,68,4,236
teacher_rank,68,5,164
teacher_rank,68,6,173
teacher_rank,68,7,243
teacher_rank,68,8,178
teacher_rank,68,9,271
teacher_rank,68,10,150
teacher_rank,68,11,249
teacher_rank,68,12,258
teacher_rank,68,13,253
teacher_rank,68,14,259
teacher_rank,68,15,196
teacher_rank,68,16,223
teacher_rank,68,17,228
teacher_rank,68,18,172
teacher_rank,68,19,188
teacher_rank,68,20,221
teacher_rank,68,21,266
teacher_rank,68,22,280
teacher_rank,68,23,200
teacher_rank,68,24,154
teacher_rank,68,25,162
teacher_rank,68,26,139
teacher_rank,68,27,143
teacher_rank,68,28,262
teacher_rank,68,29,171
teacher_rank,68,30,151
teacher_rank,68,31,232
teacher_rank,68,32,187
teacher_rank,68,33,252
teacher_rank,68,34,165
teacher_rank,68,35,263
teacher_rank,68,36,185
teacher_rank,68,37,268
teacher_rank,68,38,218
teacher_rank,68,39,137
teacher_rank,68,40,160
teacher_rank,68,41,182
teacher_rank,68,42,141
teacher_rank,68,43,209
teacher_rank,68,44,192
teacher_rank,68,45,220
teacher_rank,68,46,250
teacher_rank,68,47,175
teacher_rank,68,48,210
teacher_rank,68,49,183
teacher_rank,68,50,257
teacher_rank,68,51,180
teacher_rank,68,52,234
teacher_rank,68,53,264
teacher_rank,68,54,247
teacher_rank,68,55,231
teacher_rank,68,56,240
teacher_rank,68,57,159
teacher_rank,68,58,233
teacher_rank,68,59,156
teacher_rank,68,60,275
teacher_rank,68,61,155
teacher_rank,68,62,273
teacher_rank,68,63,251
teacher_rank,68,64,256
teacher_rank,68,65,208
teacher_rank,68,66,136
teacher_rank,68,67,265
teacher_rank,68,68,197
teacher_rank,68,69,148
teacher_rank,68,70,167
teacher_rank,68,71,239
teacher_rank,68,72,202
teacher_rank,68,73,242
teacher_rank,68,74,226
teacher_rank,68,75,199
teacher_rank,68,76,276
teacher_rank,68,77,142
teacher_rank,68,78,222
teacher_rank,68,79,230
teacher_rank,68,80,198
teacher_rank,68,81,132
teacher_rank,68,82,211
teacher_rank,68,83,272
teacher_rank,68,84,161
teacher_rank,68,85,204
teacher_rank,68,86,235
teacher_rank,68,87,176
teacher_rank,68,88,146
teacher_rank,68,89,166
teacher_rank,68,90,261
teacher_rank,68,91,216
teacher_rank,68,92,177
teacher_rank,68,93,152
teacher_rank,68,94,246
teacher_rank,68,95,169
teacher_rank,68,96,267
teacher_rank,68,97,254
teacher_rank,68,98,144
teacher_rank,68,99,215
teacher_rank,68,100,131
teacher_rank,68,101,278
teacher_rank,68,102,181
teacher_rank,68,103,227
teacher_rank,68,104,217
teacher_rank,68,105,157
teacher_rank,68,106,260
teacher_rank,68,107,248
teacher_rank,68,108,170
teacher_rank,68,109,168
teacher_rank,68,110,279
teacher_rank,68,111,186
teacher_rank,68,112,147
teacher_rank,68,113,207
teacher_rank,68,114,193
teacher_rank,68,115,255
teacher_rank,68,116,145
teacher_rank,68,117,201
teacher_rank,68,118,179
teacher_rank,68,119,190
teacher_rank,68,120,237
teacher_rank,68,121,140
teacher_rank,68,122,149
teacher_rank,68,123,213
teacher_rank,68,124,245
teacher_rank,68,125,135
teacher_rank,68,126,229
teacher_rank,68,127,219
teacher_rank,68,128,212
teacher_rank,68,129,153
teacher_rank,68,130,163
teacher_rank,68,131,134
teacher_rank,68,132,238
teacher_rank,68,133,191
teacher_rank,68,134,269
teacher_rank,68,135,224
teacher_rank,68,136,133
teacher_rank,68,137,270
teacher_rank,68,138,184
teacher_rank,68,139,244
teacher_rank,68,140,138
teacher_rank,68,141,206
teacher_rank,68,142,195
teacher_rank,68,143,203
teacher_rank,68,144,214
teacher_rank,68,145,241
teacher_rank,68,146,225
teacher_rank,68,147,274
teacher_rank,68,148,158
teacher_rank,68,149,205
teacher_rank,68,150,277
teacher_rank,69,1,176
teacher_rank,69,2,193
teacher_rank,69,3,255
teacher_rank,69,4,170
teacher_rank,69,5,274
teacher_rank,69,6,278
teacher_rank,69,7,257
teacher_rank,69,8,179
teacher_rank,69,9,234
teacher_rank,69,10,232
teacher_rank,69,11,132
teacher_rank,69,12,199
teacher_rank,69,13,163
teacher_rank,69,14,231
teacher_rank,69,15,222
teacher_rank,69,16,134
teacher_rank,69,17,250
teacher_rank,69,18,141
teacher_rank,69,19,136
teacher_rank,69,20,187
teacher_rank,69,21,202
teacher_rank,69,22,218
teacher_rank,69,23,192
teacher_rank,69,24,254
teacher_rank,69,25,277
teacher_rank,69,26,194
teacher_rank,69,27,150
teacher_rank,69,28,169
teacher_rank,69,29,267
teacher_rank,69,30,168
teacher_rank,69,31,253
teacher_rank,69,32,208
teacher_rank,69,33,244
teacher_rank,69,34,269
teacher_rank,69,35,226
teacher_rank,69,36,161
teacher_rank,69,37,235
teacher_rank,69,38,166
teacher_rank,69,39,153
teacher_rank,69,40,196
teacher_rank,69,41,151
teacher_rank,69,42,264
teacher_rank,69,43,133
teacher_rank,69,44,280
teacher_rank,69,45,140
teacher_rank,69,46,159
teacher_rank,69,47,251
teacher_rank,69,48,164
teacher_rank,69,49,137
teacher_rank,69,50,182
teacher_rank,69,51,275
teacher_rank,69,52,146
teacher_rank,69,53,143
teacher_rank,69,54,220
teacher_rank,69,55,173
teacher_rank,69,56,211
teacher_rank,69,57,174
teacher_rank,69,58,186
teacher_rank,69,59,162
teacher_rank,69,60,216
teacher_rank,69,61,188
teacher_rank,69,62,217
teacher_rank,69,63,171
teacher_rank,69,64,156
teacher_rank,69,65,167
teacher_rank,69,66,135
teacher_rank,69,67,243
teacher_rank,69,68,157
teacher_rank,69,69,248
teacher_rank,69,70,201
teacher_rank,69,71,266
teacher_rank,69,72,259
teacher_rank,69,73,272
teacher_rank,69,74,198
teacher_rank,69,75,142
teacher_rank,69,76,212
teacher_rank,69,77,191
teacher_rank,69,78,138
teacher_rank,69,79,206
teacher_rank,69,80,148
teacher_rank,69,81,214
teacher_rank,69,82,155
teacher_rank,69,83,154
teacher_rank,69,84,209
teacher_rank,69,85,239
teacher_rank,69,86,181
teacher_rank,69,87,227
teacher_rank,69,88,225
teacher_rank,69,89,238
teacher_rank,69,90,139
teacher_rank,69,91,165
teacher_rank,69,92,228
teacher_rank,69,93,265
teacher_rank,69,94,204
teacher_rank,69,95,241
teacher_rank,69,96,183
teacher_rank,69,97,240
teacher_rank,69,98,245
teacher_rank,69,99,149
teacher_rank,69,100,261
teacher_rank,69,101,271
teacher_rank,69,102,224
teacher_rank,69,103,189
teacher_rank,69,104,273
teacher_rank,69,105,147
teacher_rank,69,106,252
teacher_rank,69,107,258
teacher_rank,69,108,268
teacher_rank,69,109,249
teacher_rank,69,110,178
teacher_rank,69,111,160
teacher_rank,69,112,263
teacher_rank,69,113,195
teacher_rank,69,114,210
teacher_rank,69,115,144
teacher_rank,69,116,279
teacher_rank,69,117,236
teacher_rank,69,118,247
teacher_rank,69,119,152
teacher_rank,69,120,242
teacher_rank,69,121,175
teacher_rank,69,122,197
teacher_rank,69,123,207
teacher_rank,69,124,270
teacher_rank,69,125,229
teacher_rank,69,126,184
teacher_rank,69,127,260
teacher_rank,69,128,131
teacher_rank,69,129,215
teacher_rank,69,130,145
teacher_rank,69,131,233
teacher_rank,69,132,200
teacher_rank,69,133,221
teacher_rank,69,134,246
teacher_rank,69,135,262
teacher_rank,69,136,158
teacher_rank,69,137,276
teacher_rank,69,138,190
teacher_rank,69,139,213
teacher_rank,69,140,180
teacher_rank,69,141,185
teacher_rank,69,142,219
teacher_rank,69,143,177
teacher_rank,69,144,205
teacher_rank,69,145,223
teacher_rank,69,146,230
teacher_rank,69,147,256
teacher_rank,69,148,203
teacher_rank,69,149,237
teacher_rank,69,150,172
teacher_rank,71,1,169
teacher_rank,71,2,155
teacher_rank,71,3,254
teacher_rank,71,4,269
teacher_rank,71,5,146
teacher_rank,71,6,248
teacher_rank,71,7,216
teacher_rank,71,8,277
teacher_rank,71,9,149
teacher_rank,71,10,207
teacher_rank,71,11,213
teacher_rank,71,12,226
teacher_rank,71,13,137
teacher_rank,71,14,195
teacher_rank,71,15,182
teacher_rank,71,16,225
teacher_rank,71,17,184
teacher_rank,71,18,181
teacher_rank,71,19,242
teacher_rank,71,20,261
teacher_rank,71,21,212
teacher_rank,71,22,143
teacher_rank,71,23,158
teacher_rank,71,24,187
teacher_rank,71,25,167
teacher_rank,71,26,171
teacher_rank,71,27,175
teacher_rank,71,28,279
teacher_rank,71,29,192
teacher_rank,71,30,252
teacher_rank,71,31,238
teacher_rank,71,32,135
teacher_rank,71,33,214
teacher_rank,71,34,168
teacher_rank,71,35,141
teacher_rank,71,36,131
teacher_rank,71,37,210
teacher_rank,71,38,153
teacher_rank,71,39,159
teacher_rank,71,40,148
teacher_rank,71,41,201
teacher_rank,71,42,180
teacher_rank,71,43,233
teacher_rank,71,44,156
teacher_rank,71,45,270
teacher_rank,71,46,139
teacher_rank,71,47,235
teacher_rank,71,48,256
teacher_rank,71,49,230
teacher_rank,71,50,267
teacher_rank,71,51,272
teacher_rank,71,52,154
teacher_rank,71,53,205
teacher_rank,71,54,244
teacher_rank,71,55,265
teacher_rank,71,56,219
teacher_rank,71,57,203
teacher_rank,71,58,241
teacher_rank,71,59,140
teacher_rank,71,60,136
teacher_rank,71,61,215
teacher_rank,71,62,166
teacher_rank,71,63,162
teacher_rank,71,64,165
teacher_rank,71,65,268
teacher_rank,71,66,177
teacher_rank,71,67,142
teacher_rank,71,68,157
teacher_rank,71,69,234
teacher_rank,71,70,255
teacher_rank,71,71,245
teacher_rank,71,72,183
teacher_rank,71,73,176
teacher_rank,71,74,222
teacher_rank,71,75,199
teacher_rank,71,76,247
teacher_rank,71,77,218
teacher_rank,71,78,217
teacher_rank,71,79,204
teacher_rank,71,80,133
teacher_rank,71,81,208
teacher_rank,71,82,173
teacher_rank,71,83,163
teacher_rank,71,84,145
teacher_rank,71,85,147
teacher_rank,71,86,144
teacher_rank,71,87,138
teacher_rank,71,88,231
teacher_rank,71,89,258
teacher_rank,71,90,194
teacher_rank,71,91,152
teacher_rank,71,92,134
teacher_rank,71,93,198
teacher_rank,71,94,260
teacher_rank,71,95,257
teacher_rank,71,96,206
teacher_rank,71,97,193
teacher_rank,71,98,150
teacher_rank,71,99,188
teacher_rank,71,100,202
teacher_rank,71,101,186
teacher_rank,71,102,239
teacher_rank,71,103,259
teacher_rank,71,104,191
teacher_rank,71,105,189
teacher_rank,71,106,179
teacher_rank,71,107,237
teacher_rank,71,108,220
teacher_rank,71,109,275
teacher_rank,71,110,161
teacher_rank,71,111,178
teacher_rank,71,112,211
teacher_rank,71,113,223
teacher_rank,71,114,250
teacher_rank,71,115,221
teacher_rank,71,116,253
teacher_rank,71,117,266
teacher_rank,71,118,229
teacher_rank,71,119,273
teacher_rank,71,120,174
teacher_rank,71,121,160
teacher_rank,71,122,240
teacher_rank,71,123,243
teacher_rank,71,124,224
teacher_rank,71,125,251
teacher_rank,71,126,132
teacher_rank,71,127,264
teacher_rank,71,128,172
teacher_rank,71,129,170
teacher_rank,71,130,278
teacher_rank,71,131,271
teacher_rank,71,132,263
teacher_rank,71,133,227
teacher_rank,71,134,197
teacher_rank,71,135,228
teacher_rank,71,136,249
teacher_rank,71,137,280
teacher_rank,71,138,209
teacher_rank,71,139,246
teacher_rank,71,140,274
teacher_rank,71,141,200
teacher_rank,71,142,232
teacher_rank,71,143,196
teacher_rank,71,144,164
teacher_rank,71,145,151
teacher_rank,71,146,262
teacher_rank,71,147,276
teacher_rank,71,148,236
teacher_rank,71,149,185
teacher_rank,71,150,190
teacher_rank,73,1,176
teacher_rank,73,2,193
teacher_rank,73,3,170
teacher_rank,73,4,232
teacher_rank,73,5,132
teacher_rank,73,6,234
teacher_rank,73,7,255
teacher_rank,73,8,257
teacher_rank,73,9,199
teacher_rank,73,10,163
teacher_rank,73,11,278
teacher_rank,73,12,179
teacher_rank,73,13,231
teacher_rank,73,14,274
teacher_rank,73,15,250
teacher_rank,73,16,134
teacher_rank,73,17,222
teacher_rank,73,18,174
teacher_rank,73,19,154
teacher_rank,73,20,271
teacher_rank,73,21,150
teacher_rank,73,22,264
teacher_rank,73,23,164
teacher_rank,73,24,143
teacher_rank,73,25,218
teacher_rank,73,26,189
teacher_rank,73,27,187
teacher_rank,73,28,137
teacher_rank,73,29,268
teacher_rank,73,30,194
teacher_rank,73,31,173
teacher_rank,73,32,139
teacher_rank,73,33,165
teacher_rank,73,34,259
teacher_rank,73,35,167
teacher_rank,73,36,209
teacher_rank,73,37,252
teacher_rank,73,38,141
teacher_rank,73,39,200
teacher_rank,73,40,182
teacher_rank,73,41,183
teacher_rank,73,42,192
teacher_rank,73,43,171
teacher_rank,73,44,253
teacher_rank,73,45,208
teacher_rank,73,46,162
teacher_rank,73,47,272
teacher_rank,73,48,243
teacher_rank,73,49,220
teacher_rank,73,50,149
teacher_rank,73,51,160
teacher_rank,73,52,202
teacher_rank,73,53,166
teacher_rank,73,54,236
teacher_rank,73,55,263
teacher_rank,73,56,262
teacher_rank,73,57,142
teacher_rank,73,58,185
teacher_rank,73,59,267
teacher_rank,73,60,159
teacher_rank,73,61,228
teacher_rank,73,62,249
teacher_rank,73,63,279
teacher_rank,73,64,254
teacher_rank,73,65,273
teacher_rank,73,66,227
teacher_rank,73,67,221
teacher_rank,73,68,197
teacher_rank,73,69,242
teacher_rank,73,70,168
teacher_rank,73,71,258
teacher_rank,73,72,251
teacher_rank,73,73,181
teacher_rank,73,74,210
teacher_rank,73,75,180
teacher_rank,73,76,135
teacher_rank,73,77,188
teacher_rank,73,78,169
teacher_rank,73,79,146
teacher_rank,73,80,198
teacher_rank,73,81,161
teacher_rank,73,82,147
teacher_rank,73,83,136
teacher_rank,73,84,155
teacher_rank,73,85,196
teacher_rank,73,86,226
teacher_rank,73,87,140
teacher_rank,73,88,151
teacher_rank,73,89,156
teacher_rank,73,90,265
teacher_rank,73,91,261
teacher_rank,73,92,276
teacher_rank,73,93,178
teacher_rank,73,94,217
teacher_rank,73,95,275
teacher_rank,73,96,223
teacher_rank,73,97,246
teacher_rank,73,98,144
teacher_rank,73,99,244
teacher_rank,73,100,148
teacher_rank,73,101,175
teacher_rank,73,102,247
teacher_rank,73,103,172
teacher_rank,73,104,239
teacher_rank,73,105,133
teacher_rank,73,106,245
teacher_rank,73,107,256
teacher_rank,73,108,216
teacher_rank,73,109,184
teacher_rank,73,110,240
teacher_rank,73,111,233
teacher_rank,73,112,266
teacher_rank,73,113,153
teacher_rank,73,114,212
teacher_rank,73,115,211
teacher_rank,73,116,186
teacher_rank,73,117,204
teacher_rank,73,118,191
teacher_rank,73,119,152
teacher_rank,73,120,248
teacher_rank,73,121,195
teacher_rank,73,122,235
teacher_rank,73,123,270
teacher_rank,73,124,224
teacher_rank,73,125,269
teacher_rank,73,126,201
teacher_rank,73,127,131
teacher_rank,73,128,238
teacher_rank,73,129,177
teacher_rank,73,130,219
teacher_rank,73,131,260
teacher_rank,73,132,157
teacher_rank,73,133,190
teacher_rank,73,134,203
teacher_rank,73,135,214
teacher_rank,73,136,205
teacher_rank,73,137,158
teacher_rank,73,138,280
teacher_rank,73,139,207
teacher_rank,73,140,229
teacher_rank,73,141,230
teacher_rank,73,142,145
teacher_rank,73,143,241
teacher_rank,73,144,138
teacher_rank,73,145,225
teacher_rank,73,146,215
teacher_rank,73,147,206
teacher_rank,73,148,277
teacher_rank,73,149,237
teacher_rank,73,150,213
teacher_rank,76,1,173
teacher_rank,76,2,221
teacher_rank,76,3,249
teacher_rank,76,4,243
teacher_rank,76,5,259
teacher_rank,76,6,200
teacher_rank,76,7,183
teacher_rank,76,8,174
teacher_rank,76,9,188
teacher_rank,76,10,258
teacher_rank,76,11,253
teacher_rank,76,12,164
teacher_rank,76,13,197
teacher_rank,76,14,240
teacher_rank,76,15,246
teacher_rank,76,16,223
teacher_rank,76,17,264
teacher_rank,76,18,194
teacher_rank,76,19,150
teacher_rank,76,20,189
teacher_rank,76,21,262
teacher_rank,76,22,266
teacher_rank,76,23,271
teacher_rank,76,24,208
teacher_rank,76,25,228
teacher_rank,76,26,172
teacher_rank,76,27,275
teacher_rank,76,28,272
teacher_rank,76,29,161
teacher_rank,76,30,251
teacher_rank,76,31,141
teacher_rank,76,32,171
teacher_rank,76,33,257
teacher_rank,76,34,190
teacher_rank,76,35,157
teacher_rank,76,36,146
teacher_rank,76,37,231
teacher_rank,76,38,213
teacher_rank,76,39,248
teacher_rank,76,40,143
teacher_rank,76,41,229
teacher_rank,76,42,182
teacher_rank,76,43,207
teacher_rank,76,44,179
teacher_rank,76,45,254
teacher_rank,76,46,134
teacher_rank,76,47,191
teacher_rank,76,48,237
teacher_rank,76,49,234
teacher_rank,76,50,159
teacher_rank,76,51,270
teacher_rank,76,52,278
teacher_rank,76,53,201
teacher_rank,76,54,165
teacher_rank,76,55,265
teacher_rank,76,56,202
teacher_rank,76,57,166
teacher_rank,76,58,215
teacher_rank,76,59,222
teacher_rank,76,60,232
teacher_rank,76,61,136
teacher_rank,76,62,176
teacher_rank,76,63,220
teacher_rank,76,64,199
teacher_rank,76,65,181
teacher_rank,76,66,211
teacher_rank,76,67,133
teacher_rank,76,68,226
teacher_rank,76,69,192
teacher_rank,76,70,196
teacher_rank,76,71,158
teacher_rank,76,72,162
teacher_rank,76,73,187
teacher_rank,76,74,274
teacher_rank,76,75,160
teacher_rank,76,76,216
teacher_rank,76,77,227
teacher_rank,76,78,217
teacher_rank,76,79,151
teacher_rank,76,80,148
teacher_rank,76,81,233
teacher_rank,76,82,193
teacher_rank,76,83,250
teacher_rank,76,84,267
teacher_rank,76,85,244
teacher_rank,76,86,242
teacher_rank,76,87,218
teacher_rank,76,88,195
teacher_rank,76,89,255
teacher_rank,76,90,198
teacher_rank,76,91,238
teacher_rank,76,92,236
teacher_rank,76,93,235
teacher_rank,76,94,241
teacher_rank,76,95,245
teacher_rank,76,96,178
teacher_rank,76,97,142
teacher_rank,76,98,273
teacher_rank,76,99,184
teacher_rank,76,100,269
teacher_rank,76,101,139
teacher_rank,76,102,156
teacher_rank,76,103,144
teacher_rank,76,104,132
teacher_rank,76,105,219
teacher_rank,76,106,279
teacher_rank,76,107,175
teacher_rank,76,108,205
teacher_rank,76,109,247
teacher_rank,76,110,239
teacher_rank,76,111,152
teacher_rank,76,112,252
teacher_rank,76,113,138
teacher_rank,76,114,154
teacher_rank,76,115,210
teacher_rank,76,116,147
teacher_rank,76,117,155
teacher_rank,76,118,209
teacher_rank,76,119,169
teacher_rank,76,120,263
teacher_rank,76,121,140
teacher_rank,76,122,180
teacher_rank,76,123,145
teacher_rank,76,124,206
teacher_rank,76,125,137
teacher_rank,76,126,268
teacher_rank,76,127,167
teacher_rank,76,128,204
teacher_rank,76,129,186
teacher_rank,76,130,212
teacher_rank,76,131,260
teacher_rank,76,132,177
teacher_rank,76,133,170
teacher_rank,76,134,168
teacher_rank,76,135,185
teacher_rank,76,136,277
teacher_rank,76,137,131
teacher_rank,76,138,230
teacher_rank,76,139,225
teacher_rank,76,140,135
teacher_rank,76,141,276
teacher_rank,76,142,280
teacher_rank,76,143,261
teacher_rank,76,144,163
teacher_rank,76,145,256
teacher_rank,76,146,153
teacher_rank,76,147,214
teacher_rank,76,148,149
teacher_rank,76,149,224
teacher_rank,76,150,203
teacher_rank,80,1,207
teacher_rank,80,2,173
teacher_rank,80,3,182
teacher_rank,80,4,183
teacher_rank,80,5,269
teacher_rank,80,6,249
teacher_rank,80,7,174
teacher_rank,80,8,146
teacher_rank,80,9,200
teacher_rank,80,10,141
teacher_rank,80,11,181
teacher_rank,80,12,221
teacher_rank,80,13,248
teacher_rank,80,14,258
teacher_rank,80,15,184
teacher_rank,80,16,201
teacher_rank,80,17,171
teacher_rank,80,18,175
teacher_rank,80,19,277
teacher_rank,80,20,240
teacher_rank,80,21,148
teacher_rank,80,22,243
teacher_rank,80,23,210
teacher_rank,80,24,192
teacher_rank,80,25,213
teacher_rank,80,26,242
teacher_rank,80,27,233
teacher_rank,80,28,272
teacher_rank,80,29,189
teacher_rank,80,30,253
teacher_rank,80,31,188
teacher_rank,80,32,216
teacher_rank,80,33,212
teacher_rank,80,34,197
teacher_rank,80,35,259
teacher_rank,80,36,194
teacher_rank,80,37,265
teacher_rank,80,38,264
teacher_rank,80,39,165
teacher_rank,80,40,139
teacher_rank,80,41,238
teacher_rank,80,42,223
teacher_rank,80,43,246
teacher_rank,80,44,164
teacher_rank,80,45,266
teacher_rank,80,46,270
teacher_rank,80,47,256
teacher_rank,80,48,154
teacher_rank,80,49,235
teacher_rank,80,50,166
teacher_rank,80,51,215
teacher_rank,80,52,271
teacher_rank,80,53,150
teacher_rank,80,54,214
teacher_rank,80,55,244
teacher_rank,80,56,241
teacher_rank,80,57,142
teacher_rank,80,58,205
teacher_rank,80,59,262
teacher_rank,80,60,156
teacher_rank,80,61,153
teacher_rank,80,62,208
teacher_rank,80,63,162
teacher_rank,80,64,131
teacher_rank,80,65,275
teacher_rank,80,66,228
teacher_rank,80,67,172
teacher_rank,80,68,147
teacher_rank,80,69,176
teacher_rank,80,70,234
teacher_rank,80,71,191
teacher_rank,80,72,254
teacher_rank,80,73,251
teacher_rank,80,74,229
teacher_rank,80,75,159
teacher_rank,80,76,202
teacher_rank,80,77,227
teacher_rank,80,78,151
teacher_rank,80,79,195
teacher_rank,80,80,196
teacher_rank,80,81,190
teacher_rank,80,82,193
teacher_rank,80,83,255
teacher_rank,80,84,211
teacher_rank,80,85,144
teacher_rank,80,86,178
teacher_rank,80,87,134
teacher_rank,80,88,133
teacher_rank,80,89,158
teacher_rank,80,90,218
teacher_rank,80,91,136
teacher_rank,80,92,161
teacher_rank,80,93,245
teacher_rank,80,94,236
teacher_rank,80,95,257
teacher_rank,80,96,155
teacher_rank,80,97,247
teacher_rank,80,98,220
teacher_rank,80,99,239
teacher_rank,80,100,226
teacher_rank,80,101,179
teacher_rank,80,102,169
teacher_rank,80,103,222
teacher_rank,80,104,152
teacher_rank,80,105,160
teacher_rank,80,106,280
teacher_rank,80,107,199
teacher_rank,80,108,237
teacher_rank,80,109,231
teacher_rank,80,110,157
teacher_rank,80,111,232
teacher_rank,80,112,260
teacher_rank,80,113,209
teacher_rank,80,114,206
teacher_rank,80,115,225
teacher_rank,80,116,177
teacher_rank,80,117,140
teacher_rank,80,118,198
teacher_rank,80,119,252
teacher_rank,80,120,186
teacher_rank,80,121,267
teacher_rank,80,122,263
teacher_rank,80,123,143
teacher_rank,80,124,261
teacher_rank,80,125,180
teacher_rank,80,126,279
teacher_rank,80,127,170
teacher_rank,80,128,219
teacher_rank,80,129,273
teacher_rank,80,130,187
teacher_rank,80,131,276
teacher_rank,80,132,217
teacher_rank,80,133,224
teacher_rank,80,134,135
teacher_rank,80,135,145
teacher_rank,80,136,268
teacher_rank,80,137,137
teacher_rank,80,138,278
teacher_rank,80,139,167
teacher_rank,80,140,149
teacher_rank,80,141,168
teacher_rank,80,142,203
teacher_rank,80,143,163
teacher_rank,80,144,274
teacher_rank,80,145,204
teacher_rank,80,146,138
teacher_rank,80,147,132
teacher_rank,80,148,250
teacher_rank,80,149,185
teacher_rank,80,150,230
teacher_rank,81,1,176
teacher_rank,81,2,274
teacher_rank,81,3,193
teacher_rank,81,4,255
teacher_rank,81,5,179
teacher_rank,81,6,257
teacher_rank,81,7,232
teacher_rank,81,8,234
teacher_rank,81,9,278
teacher_rank,81,10,170
teacher_rank,81,11,199
teacher_rank,81,12,132
teacher_rank,81,13,134
teacher_rank,81,14,231
teacher_rank,81,15,163
teacher_rank,81,16,250
teacher_rank,81,17,222
teacher_rank,81,18,267
teacher_rank,81,19,166
teacher_rank,81,20,140
teacher_rank,81,21,218
teacher_rank,81,22,150
teacher_rank,81,23,168
teacher_rank,81,24,159
teacher_rank,81,25,206
teacher_rank,81,26,254
teacher_rank,81,27,226
teacher_rank,81,28,175
teacher_rank,81,29,151
teacher_rank,81,30,182
teacher_rank,81,31,269
teacher_rank,81,32,191
teacher_rank,81,33,171
teacher_rank,81,34,161
teacher_rank,81,35,188
teacher_rank,81,36,164
teacher_rank,81,37,143
teacher_rank,81,38,160
teacher_rank,81,39,180
teacher_rank,81,40,239
teacher_rank,81,41,148
teacher_rank,81,42,174
teacher_rank,81,43,141
teacher_rank,81,44,235
teacher_rank,81,45,233
teacher_rank,81,46,136
teacher_rank,81,47,139
teacher_rank,81,48,177
teacher_rank,81,49,192
teacher_rank,81,50,173
teacher_rank,81,51,201
teacher_rank,81,52,240
teacher_rank,81,53,154
teacher_rank,81,54,189
teacher_rank,81,55,207
teacher_rank,81,56,185
teacher_rank,81,57,247
teacher_rank,81,58,220
teacher_rank,81,59,208
teacher_rank,81,60,187
teacher_rank,81,61,243
teacher_rank,81,62,146
teacher_rank,81,63,251
teacher_rank,81,64,272
teacher_rank,81,65,210
teacher_rank,81,66,249
teacher_rank,81,67,260
teacher_rank,81,68,200
teacher_rank,81,69,252
teacher_rank,81,70,211
teacher_rank,81,71,152
teacher_rank,81,72,279
teacher_rank,81,73,162
teacher_rank,81,74,265
teacher_rank,81,75,262
teacher_rank,81,76,236
teacher_rank,81,77,157
teacher_rank,81,78,172
teacher_rank,81,79,165
teacher_rank,81,80,258
teacher_rank,81,81,190
teacher_rank,81,82,202
teacher_rank,81,83,256
teacher_rank,81,84,268
teacher_rank,81,85,245
teacher_rank,81,86,155
teacher_rank,81,87,178
teacher_rank,81,88,169
teacher_rank,81,89,271
teacher_rank,81,90,195
teacher_rank,81,91,142
teacher_rank,81,92,263
teacher_rank,81,93,144
teacher_rank,81,94,196
teacher_rank,81,95,248
teacher_rank,81,96,229
teacher_rank,81,97,181
teacher_rank,81,98,158
teacher_rank,81,99,221
teacher_rank,81,100,194
teacher_rank,81,101,167
teacher_rank,81,102,209
teacher_rank,81,103,137
teacher_rank,81,104,156
teacher_rank,81,105,276
teacher_rank,81,106,131
teacher_rank,81,107,216
teacher_rank,81,108,213
teacher_rank,81,109,270
teacher_rank,81,110,230
teacher_rank,81,111,225
teacher_rank,81,112,253
teacher_rank,81,113,204
teacher_rank,81,114,197
teacher_rank,81,115,183
teacher_rank,81,116,145
teacher_rank,81,117,242
teacher_rank,81,118,217
teacher_rank,81,119,215
teacher_rank,81,120,138
teacher_rank,81,121,246
teacher_rank,81,122,133
teacher_rank,81,123,273
teacher_rank,81,124,219
teacher_rank,81,125,135
teacher_rank,81,126,186
teacher_rank,81,127,198
teacher_rank,81,128,227
teacher_rank,81,129,147
teacher_rank,81,130,238
teacher_rank,81,131,184
teacher_rank,81,132,264
teacher_rank,81,133,261
teacher_rank,81,134,259
teacher_rank,81,135,275
teacher_rank,81,136,266
teacher_rank,81,137,280
teacher_rank,81,138,237
teacher_rank,81,139,212
teacher_rank,81,140,205
teacher_rank,81,141,214
teacher_rank,81,142,153
teacher_rank,81,143,224
teacher_rank,81,144,277
teacher_rank,81,145,203
teacher_rank,81,146,241
teacher_rank,81,147,244
teacher_rank,81,148,223
teacher_rank,81,149,149
teacher_rank,81,150,228
teacher_rank,83,1,243
teacher_rank,83,2,173
teacher_rank,83,3,200
teacher_rank,83,4,221
teacher_rank,83,5,249
teacher_rank,83,6,174
teacher_rank,83,7,197
teacher_rank,83,8,258
teacher_rank,83,9,259
teacher_rank,83,10,164
teacher_rank,83,11,183
teacher_rank,83,12,240
teacher_rank,83,13,253
teacher_rank,83,14,262
teacher_rank,83,15,223
teacher_rank,83,16,194
teacher_rank,83,17,266
teacher_rank,83,18,189
teacher_rank,83,19,246
teacher_rank,83,20,188
teacher_rank,83,21,264
teacher_rank,83,22,150
teacher_rank,83,23,271
teacher_rank,83,24,208
teacher_rank,83,25,275
teacher_rank,83,26,172
teacher_rank,83,27,228
teacher_rank,83,28,272
teacher_rank,83,29,141
teacher_rank,83,30,251
teacher_rank,83,31,171
teacher_rank,83,32,190
teacher_rank,83,33,213
teacher_rank,83,34,146
teacher_rank,83,35,157
teacher_rank,83,36,237
teacher_rank,83,37,143
teacher_rank,83,38,248
teacher_rank,83,39,211
teacher_rank,83,40,207
teacher_rank,83,41,161
teacher_rank,83,42,182
teacher_rank,83,43,229
teacher_rank,83,44,270
teacher_rank,83,45,159
teacher_rank,83,46,220
teacher_rank,83,47,162
teacher_rank,83,48,151
teacher_rank,83,49,265
teacher_rank,83,50,160
teacher_rank,83,51,178
teacher_rank,83,52,191
teacher_rank,83,53,156
teacher_rank,83,54,216
teacher_rank,83,55,236
teacher_rank,83,56,165
teacher_rank,83,57,254
teacher_rank,83,58,136
teacher_rank,83,59,148
teacher_rank,83,60,201
teacher_rank,83,61,202
teacher_rank,83,62,175
teacher_rank,83,63,231
teacher_rank,83,64,257
teacher_rank,83,65,233
teacher_rank,83,66,198
teacher_rank,83,67,142
teacher_rank,83,68,176
teacher_rank,83,69,134
teacher_rank,83,70,181
teacher_rank,83,71,144
teacher_rank,83,72,215
teacher_rank,83,73,242
teacher_rank,83,74,166
teacher_rank,83,75,227
teacher_rank,83,76,152
teacher_rank,83,77,226
teacher_rank,83,78,196
teacher_rank,83,79,193
teacher_rank,83,80,139
teacher_rank,83,81,133
teacher_rank,83,82,278
teacher_rank,83,83,209
teacher_rank,83,84,247
teacher_rank,83,85,255
teacher_rank,83,86,241
teacher_rank,83,87,204
teacher_rank,83,88,222
teacher_rank,83,89,158
teacher_rank,83,90,187
teacher_rank,83,91,234
teacher_rank,83,92,245
teacher_rank,83,93,192
teacher_rank,83,94,184
teacher_rank,83,95,195
teacher_rank,83,96,232
teacher_rank,83,97,218
teacher_rank,83,98,273
teacher_rank,83,99,238
teacher_rank,83,100,235
teacher_rank,83,101,179
teacher_rank,83,102,252
teacher_rank,83,103,169
teacher_rank,83,104,267
teacher_rank,83,105,219
teacher_rank,83,106,244
teacher_rank,83,107,250
teacher_rank,83,108,180
teacher_rank,83,109,210
teacher_rank,83,110,155
teacher_rank,83,111,279
teacher_rank,83,112,186
teacher_rank,83,113,147
teacher_rank,83,114,154
teacher_rank,83,115,239
teacher_rank,83,116,263
teacher_rank,83,117,217
teacher_rank,83,118,206
teacher_rank,83,119,167
teacher_rank,83,120,185
teacher_rank,83,121,212
teacher_rank,83,122,269
teacher_rank,83,123,137
teacher_rank,83,124,131
teacher_rank,83,125,260
teacher_rank,83,126,199
teacher_rank,83,127,132
teacher_rank,83,128,205
teacher_rank,83,129,230
teacher_rank,83,130,274
teacher_rank,83,131,145
teacher_rank,83,132,135
teacher_rank,83,133,224
teacher_rank,83,134,225
teacher_rank,83,135,268
teacher_rank,83,136,261
teacher_rank,83,137,168
teacher_rank,83,138,177
teacher_rank,83,139,277
teacher_rank,83,140,256
teacher_rank,83,141,276
teacher_rank,83,142,140
teacher_rank,83,143,153
teacher_rank,83,144,170
teacher_rank,83,145,138
teacher_rank,83,146,280
teacher_rank,83,147,163
teacher_rank,83,148,214
teacher_rank,83,149,203
teacher_rank,83,150,149
teacher_rank,84,1,174
teacher_rank,84,2,194
teacher_rank,84,3,189
teacher_rank,84,4,236
teacher_rank,84,5,173
teacher_rank,84,6,164
teacher_rank,84,7,271
teacher_rank,84,8,258
teacher_rank,84,9,249
teacher_rank,84,10,243
teacher_rank,84,11,253
teacher_rank,84,12,178
teacher_rank,84,13,172
teacher_rank,84,14,196
teacher_rank,84,15,228
teacher_rank,84,16,188
teacher_rank,84,17,150
teacher_rank,84,18,266
teacher_rank,84,19,221
teacher_rank,84,20,182
teacher_rank,84,21,141
teacher_rank,84,22,210
teacher_rank,84,23,223
teacher_rank,84,24,259
teacher_rank,84,25,171
teacher_rank,84,26,207
teacher_rank,84,27,146
teacher_rank,84,28,248
teacher_rank,84,29,256
teacher_rank,84,30,192
teacher_rank,84,31,184
teacher_rank,84,32,272
teacher_rank,84,33,216
teacher_rank,84,34,242
teacher_rank,84,35,165
teacher_rank,84,36,213
teacher_rank,84,37,280
teacher_rank,84,38,265
teacher_rank,84,39,166
teacher_rank,84,40,244
teacher_rank,84,41,241
teacher_rank,84,42,238
teacher_rank,84,43,215
teacher_rank,84,44,270
teacher_rank,84,45,200
teacher_rank,84,46,262
teacher_rank,84,47,264
teacher_rank,84,48,275
teacher_rank,84,49,151
teacher_rank,84,50,197
teacher_rank,84,51,183
teacher_rank,84,52,139
teacher_rank,84,53,240
teacher_rank,84,54,202
teacher_rank,84,55,154
teacher_rank,84,56,224
teacher_rank,84,57,143
teacher_rank,84,58,137
teacher_rank,84,59,209
teacher_rank,84,60,220
teacher_rank,84,61,227
teacher_rank,84,62,160
teacher_rank,84,63,263
teacher_rank,84,64,162
teacher_rank,84,65,252
teacher_rank,84,66,208
teacher_rank,84,67,268
teacher_rank,84,68,246
teacher_rank,84,69,187
teacher_rank,84,70,247
teacher_rank,84,71,251
teacher_rank,84,72,232
teacher_rank,84,73,147
teacher_rank,84,74,142
teacher_rank,84,75,185
teacher_rank,84,76,218
teacher_rank,84,77,198
teacher_rank,84,78,279
teacher_rank,84,79,233
teacher_rank,84,80,212
teacher_rank,84,81,161
teacher_rank,84,82,156
teacher_rank,84,83,175
teacher_rank,84,84,211
teacher_rank,84,85,186
teacher_rank,84,86,250
teacher_rank,84,87,234
teacher_rank,84,88,261
teacher_rank,84,89,155
teacher_rank,84,90,231
teacher_rank,84,91,170
teacher_rank,84,92,167
teacher_rank,84,93,180
teacher_rank,84,94,273
teacher_rank,84,95,148
teacher_rank,84,96,239
teacher_rank,84,97,159
teacher_rank,84,98,149
teacher_rank,84,99,132
teacher_rank,84,100,135
teacher_rank,84,101,133
teacher_rank,84,102,276
teacher_rank,84,103,136
teacher_rank,84,104,257
teacher_rank,84,105,254
teacher_rank,84,106,153
teacher_rank,84,107,152
teacher_rank,84,108,144
teacher_rank,84,109,181
teacher_rank,84,110,226
teacher_rank,84,111,190
teacher_rank,84,112,169
teacher_rank,84,113,217
teacher_rank,84,114,199
teacher_rank,84,115,222
teacher_rank,84,116,168
teacher_rank,84,117,191
teacher_rank,84,118,235
teacher_rank,84,119,163
teacher_rank,84,120,157
teacher_rank,84,121,177
teacher_rank,84,122,131
teacher_rank,84,123,267
teacher_rank,84,124,201
teacher_rank,84,125,204
teacher_rank,84,126,176
teacher_rank,84,127,140
teacher_rank,84,128,134
teacher_rank,84,129,245
teacher_rank,84,130,229
teacher_rank,84,131,214
teacher_rank,84,132,277
teacher_rank,84,133,269
teacher_rank,84,134,225
teacher_rank,84,135,260
teacher_rank,84,136,138
teacher_rank,84,137,195
teacher_rank,84,138,230
teacher_rank,84,139,219
teacher_rank,84,140,237
teacher_rank,84,141,203
teacher_rank,84,142,145
teacher_rank,84,143,274
teacher_rank,84,144,278
teacher_rank,84,145,158
teacher_rank,84,146,179
teacher_rank,84,147,255
teacher_rank,84,148,205
teacher_rank,84,149,206
teacher_rank,84,150,193
teacher_rank,86,1,243
teacher_rank,86,2,200
teacher_rank,86,3,164
teacher_rank,86,4,189
teacher_rank,86,5,262
teacher_rank,86,6,173
teacher_rank,86,7,220
teacher_rank,86,8,174
teacher_rank,86,9,197
teacher_rank,86,10,254
teacher_rank,86,11,208
teacher_rank,86,12,143
teacher_rank,86,13,221
teacher_rank,86,14,160
teacher_rank,86,15,175
teacher_rank,86,16,159
teacher_rank,86,17,171
teacher_rank,86,18,249
teacher_rank,86,19,139
teacher_rank,86,20,148
teacher_rank,86,21,162
teacher_rank,86,22,151
teacher_rank,86,23,247
teacher_rank,86,24,240
teacher_rank,86,25,258
teacher_rank,86,26,271
teacher_rank,86,27,232
teacher_rank,86,28,251
teacher_rank,86,29,257
teacher_rank,86,30,234
teacher_rank,86,31,178
teacher_rank,86,32,226
teacher_rank,86,33,259
teacher_rank,86,34,194
teacher_rank,86,35,233
teacher_rank,86,36,182
teacher_rank,86,37,211
teacher_rank,86,38,176
teacher_rank,86,39,231
teacher_rank,86,40,180
teacher_rank,86,41,154
teacher_rank,86,42,156
teacher_rank,86,43,253
teacher_rank,86,44,165
teacher_rank,86,45,183
teacher_rank,86,46,210
teacher_rank,86,47,152
teacher_rank,86,48,275
teacher_rank,86,49,201
teacher_rank,86,50,218
teacher_rank,86,51,181
teacher_rank,86,52,144
teacher_rank,86,53,196
teacher_rank,86,54,223
teacher_rank,86,55,186
teacher_rank,86,56,209
teacher_rank,86,57,157
teacher_rank,86,58,236
teacher_rank,86,59,267
teacher_rank,86,60,263
teacher_rank,86,61,192
teacher_rank,86,62,252
teacher_rank,86,63,239
teacher_rank,86,64,161
teacher_rank,86,65,256
teacher_rank,86,66,235
teacher_rank,86,67,190
teacher_rank,86,68,193
teacher_rank,86,69,169
teacher_rank,86,70,255
teacher_rank,86,71,188
teacher_rank,86,72,185
teacher_rank,86,73,172
teacher_rank,86,74,134
teacher_rank,86,75,141
teacher_rank,86,76,187
teacher_rank,86,77,222
teacher_rank,86,78,207
teacher_rank,86,79,246
teacher_rank,86,80,213
teacher_rank,86,81,177
teacher_rank,86,82,272
teacher_rank,86,83,146
teacher_rank,86,84,179
teacher_rank,86,85,264
teacher_rank,86,86,142
teacher_rank,86,87,136
teacher_rank,86,88,242
teacher_rank,86,89,266
teacher_rank,86,90,150
teacher_rank,86,91,265
teacher_rank,86,92,268
teacher_rank,86,93,155
teacher_rank,86,94,273
teacher_rank,86,95,137
teacher_rank,86,96,216
teacher_rank,86,97,250
teacher_rank,86,98,248
teacher_rank,86,99,270
teacher_rank,86,100,278
teacher_rank,86,101,153
teacher_rank,86,102,158
teacher_rank,86,103,131
teacher_rank,86,104,224
teacher_rank,86,105,206
teacher_rank,86,106,199
teacher_rank,86,107,217
teacher_rank,86,108,260
teacher_rank,86,109,195
teacher_rank,86,110,198
teacher_rank,86,111,261
teacher_rank,86,112,145
teacher_rank,86,113,245
teacher_rank,86,114,230
teacher_rank,86,115,202
teacher_rank,86,116,237
teacher_rank,86,117,204
teacher_rank,86,118,225
teacher_rank,86,119,168
teacher_rank,86,120,219
teacher_rank,86,121,279
teacher_rank,86,122,215
teacher_rank,86,123,269
teacher_rank,86,124,140
teacher_rank,86,125,212
teacher_rank,86,126,229
teacher_rank,86,127,138
teacher_rank,86,128,147
teacher_rank,86,129,276
teacher_rank,86,130,167
teacher_rank,86,131,163
teacher_rank,86,132,133
teacher_rank,86,133,228
teacher_rank,86,134,184
teacher_rank,86,135,191
teacher_rank,86,136,170
teacher_rank,86,137,166
teacher_rank,86,138,135
teacher_rank,86,139,274
teacher_rank,86,140,280
teacher_rank,86,141,205
teacher_rank,86,142,227
teacher_rank,86,143,277
teacher_rank,86,144,238
teacher_rank,86,145,244
teacher_rank,86,146,132
teacher_rank,86,147,241
teacher_rank,86,148,214
teacher_rank,86,149,149
teacher_rank,86,150,203
teacher_rank,92,1,174
teacher_rank,92,2,173
teacher_rank,92,3,221
teacher_rank,92,4,200
teacher_rank,92,5,249
teacher_rank,92,6,146
teacher_rank,92,7,207
teacher_rank,92,8,183
teacher_rank,92,9,182
teacher_rank,92,10,243
teacher_rank,92,11,258
teacher_rank,92,12,189
teacher_rank,92,13,184
teacher_rank,92,14,248
teacher_rank,92,15,242
teacher_rank,92,16,171
teacher_rank,92,17,253
teacher_rank,92,18,194
teacher_rank,92,19,259
teacher_rank,92,20,197
teacher_rank,92,21,164
teacher_rank,92,22,141
teacher_rank,92,23,216
teacher_rank,92,24,240
teacher_rank,92,25,213
teacher_rank,92,26,264
teacher_rank,92,27,210
teacher_rank,92,28,256
teacher_rank,92,29,223
teacher_rank,92,30,266
teacher_rank,92,31,272
teacher_rank,92,32,188
teacher_rank,92,33,192
teacher_rank,92,34,165
teacher_rank,92,35,238
teacher_rank,92,36,265
teacher_rank,92,37,262
teacher_rank,92,38,270
teacher_rank,92,39,215
teacher_rank,92,40,275
teacher_rank,92,41,246
teacher_rank,92,42,271
teacher_rank,92,43,241
teacher_rank,92,44,208
teacher_rank,92,45,244
teacher_rank,92,46,166
teacher_rank,92,47,150
teacher_rank,92,48,172
teacher_rank,92,49,228
teacher_rank,92,50,147
teacher_rank,92,51,220
teacher_rank,92,52,176
teacher_rank,92,53,178
teacher_rank,92,54,234
teacher_rank,92,55,151
teacher_rank,92,56,144
teacher_rank,92,57,254
teacher_rank,92,58,156
teacher_rank,92,59,148
teacher_rank,92,60,247
teacher_rank,92,61,152
teacher_rank,92,62,160
teacher_rank,92,63,251
teacher_rank,92,64,224
teacher_rank,92,65,139
teacher_rank,92,66,196
teacher_rank,92,67,181
teacher_rank,92,68,169
teacher_rank,92,69,231
teacher_rank,92,70,193
teacher_rank,92,71,191
teacher_rank,92,72,211
teacher_rank,92,73,159
teacher_rank,92,74,227
teacher_rank,92,75,175
teacher_rank,92,76,162
teacher_rank,92,77,209
teacher_rank,92,78,180
teacher_rank,92,79,236
teacher_rank,92,80,237
teacher_rank,92,81,153
teacher_rank,92,82,133
teacher_rank,92,83,218
teacher_rank,92,84,229
teacher_rank,92,85,245
teacher_rank,92,86,202
teacher_rank,92,87,222
teacher_rank,92,88,190
teacher_rank,92,89,232
teacher_rank,92,90,195
teacher_rank,92,91,217
teacher_rank,92,92,186
teacher_rank,92,93,143
teacher_rank,92,94,239
teacher_rank,92,95,263
teacher_rank,92,96,134
teacher_rank,92,97,131
teacher_rank,92,98,158
teacher_rank,92,99,205
teacher_rank,92,100,145
teacher_rank,92,101,261
teacher_rank,92,102,163
teacher_rank,92,103,142
teacher_rank,92,104,226
teacher_rank,92,105,257
teacher_rank,92,106,136
teacher_rank,92,107,154
teacher_rank,92,108,177
teacher_rank,92,109,137
teacher_rank,92,110,233
teacher_rank,92,111,161
teacher_rank,92,112,199
teacher_rank,92,113,201
teacher_rank,92,114,204
teacher_rank,92,115,155
teacher_rank,92,116,212
teacher_rank,92,117,252
teacher_rank,92,118,250
teacher_rank,92,119,269
teacher_rank,92,120,140
teacher_rank,92,121,268
teacher_rank,92,122,260
teacher_rank,92,123,255
teacher_rank,92,124,235
teacher_rank,92,125,273
teacher_rank,92,126,279
teacher_rank,92,127,225
teacher_rank,92,128,179
teacher_rank,92,129,149
teacher_rank,92,130,267
teacher_rank,92,131,280
teacher_rank,92,132,185
teacher_rank,92,133,198
teacher_rank,92,134,206
teacher_rank,92,135,278
teacher_rank,92,136,167
teacher_rank,92,137,135
teacher_rank,92,138,157
teacher_rank,92,139,187
teacher_rank,92,140,168
teacher_rank,92,141,276
teacher_rank,92,142,230
teacher_rank,92,143,132
teacher_rank,92,144,138
teacher_rank,92,145,170
teacher_rank,92,146,203
teacher_rank,92,147,219
teacher_rank,92,148,277
teacher_rank,92,149,214
teacher_rank,92,150,274
teacher_rank,93,1,175
teacher_rank,93,2,233
teacher_rank,93,3,148
teacher_rank,93,4,269
teacher_rank,93,5,277
teacher_rank,93,6,139
teacher_rank,93,7,181
teacher_rank,93,8,235
teacher_rank,93,9,201
teacher_rank,93,10,154
teacher_rank,93,11,156
teacher_rank,93,12,131
teacher_rank,93,13,142
teacher_rank,93,14,212
teacher_rank,93,15,162
teacher_rank,93,16,153
teacher_rank,93,17,205
teacher_rank,93,18,214
teacher_rank,93,19,247
teacher_rank,93,20,144
teacher_rank,93,21,189
teacher_rank,93,22,234
teacher_rank,93,23,152
teacher_rank,93,24,174
teacher_rank,93,25,220
teacher_rank,93,26,231
teacher_rank,93,27,173
teacher_rank,93,28,160
teacher_rank,93,29,254
teacher_rank,93,30,178
teacher_rank,93,31,176
teacher_rank,93,32,243
teacher_rank,93,33,200
teacher_rank,93,34,159
teacher_rank,93,35,171
teacher_rank,93,36,249
teacher_rank,93,37,209
teacher_rank,93,38,180
teacher_rank,93,39,169
teacher_rank,93,40,218
teacher_rank,93,41,182
teacher_rank,93,42,164
teacher_rank,93,43,258
teacher_rank,93,44,206
teacher_rank,93,45,143
teacher_rank,93,46,216
teacher_rank,93,47,211
teacher_rank,93,48,146
teacher_rank,93,49,221
teacher_rank,93,50,239
teacher_rank,93,51,263
teacher_rank,93,52,165
teacher_rank,93,53,194
teacher_rank,93,54,208
teacher_rank,93,55,161
teacher_rank,93,56,257
teacher_rank,93,57,251
teacher_rank,93,58,232
teacher_rank,93,59,147
teacher_rank,93,60,271
teacher_rank,93,61,155
teacher_rank,93,62,242
teacher_rank,93,63,145
teacher_rank,93,64,270
teacher_rank,93,65,260
teacher_rank,93,66,193
teacher_rank,93,67,192
teacher_rank,93,68,252
teacher_rank,93,69,183
teacher_rank,93,70,226
teacher_rank,93,71,222
teacher_rank,93,72,245
teacher_rank,93,73,207
teacher_rank,93,74,151
teacher_rank,93,75,177
teacher_rank,93,76,197
teacher_rank,93,77,253
teacher_rank,93,78,259
teacher_rank,93,79,199
teacher_rank,93,80,240
teacher_rank,93,81,262
teacher_rank,93,82,210
teacher_rank,93,83,236
teacher_rank,93,84,275
teacher_rank,93,85,238
teacher_rank,93,86,250
teacher_rank,93,87,195
teacher_rank,93,88,134
teacher_rank,93,89,198
teacher_rank,93,90,272
teacher_rank,93,91,255
teacher_rank,93,92,137
teacher_rank,93,93,187
teacher_rank,93,94,185
teacher_rank,93,95,204
teacher_rank,93,96,168
teacher_rank,93,97,256
teacher_rank,93,98,217
teacher_rank,93,99,202
teacher_rank,93,100,136
teacher_rank,93,101,266
teacher_rank,93,102,223
teacher_rank,93,103,186
teacher_rank,93,104,248
teacher_rank,93,105,179
teacher_rank,93,106,196
teacher_rank,93,107,268
teacher_rank,93,108,140
teacher_rank,93,109,133
teacher_rank,93,110,163
teacher_rank,93,111,141
teacher_rank,93,112,278
teacher_rank,93,113,150
teacher_rank,93,114,158
teacher_rank,93,115,267
teacher_rank,93,116,237
teacher_rank,93,117,188
teacher_rank,93,118,229
teacher_rank,93,119,135
teacher_rank,93,120,213
teacher_rank,93,121,265
teacher_rank,93,122,261
teacher_rank,93,123,264
teacher_rank,93,124,273
teacher_rank,93,125,167
teacher_rank,93,126,230
teacher_rank,93,127,279
teacher_rank,93,128,184
teacher_rank,93,129,225
teacher_rank,93,130,157
teacher_rank,93,131,166
teacher_rank,93,132,172
teacher_rank,93,133,132
teacher_rank,93,134,191
teacher_rank,93,135,276
teacher_rank,93,136,149
teacher_rank,93,137,170
teacher_rank,93,138,138
teacher_rank,93,139,224
teacher_rank,93,140,227
teacher_rank,93,141,215
teacher_rank,93,142,246
teacher_rank,93,143,219
teacher_rank,93,144,244
teacher_rank,93,145,190
teacher_rank,93,146,203
teacher_rank,93,147,280
teacher_rank,93,148,274
teacher_rank,93,149,228
teacher_rank,93,150,241
teacher_rank,101,1,221
teacher_rank,101,2,174
teacher_rank,101,3,249
teacher_rank,101,4,173
teacher_rank,101,5,183
teacher_rank,101,6,243
teacher_rank,101,7,259
teacher_rank,101,8,200
teacher_rank,101,9,164
teacher_rank,101,10,258
teacher_rank,101,11,189
teacher_rank,101,12,253
teacher_rank,101,13,264
teacher_rank,101,14,197
teacher_rank,101,15,188
teacher_rank,101,16,194
teacher_rank,101,17,246
teacher_rank,101,18,223
teacher_rank,101,19,150
teacher_rank,101,20,266
teacher_rank,101,21,240
teacher_rank,101,22,271
teacher_rank,101,23,262
teacher_rank,101,24,208
teacher_rank,101,25,172
teacher_rank,101,26,228
teacher_rank,101,27,275
teacher_rank,101,28,272
teacher_rank,101,29,171
teacher_rank,101,30,229
teacher_rank,101,31,143
teacher_rank,101,32,251
teacher_rank,101,33,146
teacher_rank,101,34,207
teacher_rank,101,35,190
teacher_rank,101,36,248
teacher_rank,101,37,141
teacher_rank,101,38,220
teacher_rank,101,39,165
teacher_rank,101,40,191
teacher_rank,101,41,237
teacher_rank,101,42,182
teacher_rank,101,43,231
teacher_rank,101,44,159
teacher_rank,101,45,227
teacher_rank,101,46,176
teacher_rank,101,47,254
teacher_rank,101,48,270
teacher_rank,101,49,161
teacher_rank,101,50,166
teacher_rank,101,51,265
teacher_rank,101,52,139
teacher_rank,101,53,157
teacher_rank,101,54,238
teacher_rank,101,55,160
teacher_rank,101,56,202
teacher_rank,101,57,193
teacher_rank,101,58,215
teacher_rank,101,59,245
teacher_rank,101,60,147
teacher_rank,101,61,242
teacher_rank,101,62,218
teacher_rank,101,63,216
teacher_rank,101,64,178
teacher_rank,101,65,133
teacher_rank,101,66,234
teacher_rank,101,67,162
teacher_rank,101,68,187
teacher_rank,101,69,196
teacher_rank,101,70,257
teacher_rank,101,71,213
teacher_rank,101,72,181
teacher_rank,101,73,211
teacher_rank,101,74,192
teacher_rank,101,75,144
teacher_rank,101,76,156
teacher_rank,101,77,199
teacher_rank,101,78,201
teacher_rank,101,79,244
teacher_rank,101,80,279
teacher_rank,101,81,142
teacher_rank,101,82,233
teacher_rank,101,83,137
teacher_rank,101,84,236
teacher_rank,101,85,205
teacher_rank,101,86,184
teacher_rank,101,87,232
teacher_rank,101,88,158
teacher_rank,101,89,148
teacher_rank,101,90,209
teacher_rank,101,91,136
teacher_rank,101,92,180
teacher_rank,101,93,252
teacher_rank,101,94,241
teacher_rank,101,95,154
teacher_rank,101,96,152
teacher_rank,101,97,179
teacher_rank,101,98,195
teacher_rank,101,99,268
teacher_rank,101,100,198
teacher_rank,101,101,267
teacher_rank,101,102,169
teacher_rank,101,103,263
teacher_rank,101,104,226
teacher_rank,101,105,278
teacher_rank,101,106,155
teacher_rank,101,107,204
teacher_rank,101,108,222
teacher_rank,101,109,175
teacher_rank,101,110,151
teacher_rank,101,111,134
teacher_rank,101,112,250
teacher_rank,101,113,230
teacher_rank,101,114,140
teacher_rank,101,115,239
teacher_rank,101,116,273
teacher_rank,101,117,217
teacher_rank,101,118,255
teacher_rank,101,119,167
teacher_rank,101,120,219
teacher_rank,101,121,269
teacher_rank,101,122,210
teacher_rank,101,123,261
teacher_rank,101,124,177
teacher_rank,101,125,132
teacher_rank,101,126,260
teacher_rank,101,127,276
teacher_rank,101,128,247
teacher_rank,101,129,185
teacher_rank,101,130,145
teacher_rank,101,131,168
teacher_rank,101,132,256
teacher_rank,101,133,235
teacher_rank,101,134,206
teacher_rank,101,135,212
teacher_rank,101,136,163
teacher_rank,101,137,149
teacher_rank,101,138,170
teacher_rank,101,139,131
teacher_rank,101,140,274
teacher_rank,101,141,135
teacher_rank,101,142,153
teacher_rank,101,143,277
teacher_rank,101,144,280
teacher_rank,101,145,225
teacher_rank,101,146,186
teacher_rank,101,147,138
teacher_rank,101,148,214
teacher_rank,101,149,224
teacher_rank,101,150,203
teacher_rank,102,1,169
teacher_rank,102,2,155
teacher_rank,102,3,269
teacher_rank,102,4,254
teacher_rank,102,5,143
teacher_rank,102,6,277
teacher_rank,102,7,137
teacher_rank,102,8,226
teacher_rank,102,9,149
teacher_rank,102,10,187
teacher_rank,102,11,156
teacher_rank,102,12,167
teacher_rank,102,13,212
teacher_rank,102,14,252
teacher_rank,102,15,261
teacher_rank,102,16,181
teacher_rank,102,17,209
teacher_rank,102,18,195
teacher_rank,102,19,225
teacher_rank,102,20,205
teacher_rank,102,21,135
teacher_rank,102,22,201
teacher_rank,102,23,162
teacher_rank,102,24,279
teacher_rank,102,25,168
teacher_rank,102,26,159
teacher_rank,102,27,136
teacher_rank,102,28,152
teacher_rank,102,29,180
teacher_rank,102,30,154
teacher_rank,102,31,214
teacher_rank,102,32,175
teacher_rank,102,33,158
teacher_rank,102,34,206
teacher_rank,102,35,148
teacher_rank,102,36,219
teacher_rank,102,37,131
teacher_rank,102,38,239
teacher_rank,102,39,233
teacher_rank,102,40,157
teacher_rank,102,41,139
teacher_rank,102,42,140
teacher_rank,102,43,153
teacher_rank,102,44,235
teacher_rank,102,45,203
teacher_rank,102,46,230
teacher_rank,102,47,267
teacher_rank,102,48,268
teacher_rank,102,49,142
teacher_rank,102,50,177
teacher_rank,102,51,204
teacher_rank,102,52,198
teacher_rank,102,53,147
teacher_rank,102,54,245
teacher_rank,102,55,217
teacher_rank,102,56,238
teacher_rank,102,57,231
teacher_rank,102,58,133
teacher_rank,102,59,250
teacher_rank,102,60,216
teacher_rank,102,61,213
teacher_rank,102,62,145
teacher_rank,102,63,141
teacher_rank,102,64,273
teacher_rank,102,65,248
teacher_rank,102,66,237
teacher_rank,102,67,183
teacher_rank,102,68,202
teacher_rank,102,69,146
teacher_rank,102,70,192
teacher_rank,102,71,222
teacher_rank,102,72,242
teacher_rank,102,73,138
teacher_rank,102,74,275
teacher_rank,102,75,234
teacher_rank,102,76,194
teacher_rank,102,77,220
teacher_rank,102,78,251
teacher_rank,102,79,186
teacher_rank,102,80,132
teacher_rank,102,81,259
teacher_rank,102,82,163
teacher_rank,102,83,247
teacher_rank,102,84,208
teacher_rank,102,85,243
teacher_rank,102,86,264
teacher_rank,102,87,188
teacher_rank,102,88,161
teacher_rank,102,89,191
teacher_rank,102,90,260
teacher_rank,102,91,184
teacher_rank,102,92,244
teacher_rank,102,93,253
teacher_rank,102,94,134
teacher_rank,102,95,173
teacher_rank,102,96,224
teacher_rank,102,97,255
teacher_rank,102,98,223
teacher_rank,102,99,211
teacher_rank,102,100,164
teacher_rank,102,101,278
teacher_rank,102,102,151
teacher_rank,102,103,182
teacher_rank,102,104,196
teacher_rank,102,105,276
teacher_rank,102,106,150
teacher_rank,102,107,228
teacher_rank,102,108,270
teacher_rank,102,109,178
teacher_rank,102,110,179
teacher_rank,102,111,246
teacher_rank,102,112,258
teacher_rank,102,113,144
teacher_rank,102,114,266
teacher_rank,102,115,172
teacher_rank,102,116,170
teacher_rank,102,117,174
teacher_rank,102,118,263
teacher_rank,102,119,241
teacher_rank,102,120,265
teacher_rank,102,121,176
teacher_rank,102,122,215
teacher_rank,102,123,280
teacher_rank,102,124,221
teacher_rank,102,125,171
teacher_rank,102,126,274
teacher_rank,102,127,272
teacher_rank,102,128,218
teacher_rank,102,129,257
teacher_rank,102,130,207
teacher_rank,102,131,229
teacher_rank,102,132,271
teacher_rank,102,133,165
teacher_rank,102,134,189
teacher_rank,102,135,199
teacher_rank,102,136,210
teacher_rank,102,137,232
teacher_rank,102,138,240
teacher_rank,102,139,197
teacher_rank,102,140,166
teacher_rank,102,141,160
teacher_rank,102,142,256
teacher_rank,102,143,190
teacher_rank,102,144,200
teacher_rank,102,145,227
teacher_rank,102,146,249
teacher_rank,102,147,236
teacher_rank,102,148,262
teacher_rank,102,149,193
teacher_rank,102,150,185
teacher_rank,103,1,189
teacher_rank,103,2,194
teacher_rank,103,3,174
teacher_rank,103,4,172
teacher_rank,103,5,243
teacher_rank,103,6,173
teacher_rank,103,7,271
teacher_rank,103,8,188
teacher_rank,103,9,236
teacher_rank,103,10,196
teacher_rank,103,11,258
teacher_rank,103,12,182
teacher_rank,103,13,228
teacher_rank,103,14,249
teacher_rank,103,15,207
teacher_rank,103,16,178
teacher_rank,103,17,210
teacher_rank,103,18,150
teacher_rank,103,19,164
teacher_rank,103,20,171
teacher_rank,103,21,259
teacher_rank,103,22,141
teacher_rank,103,23,248
teacher_rank,103,24,253
teacher_rank,103,25,146
teacher_rank,103,26,213
teacher_rank,103,27,216
teacher_rank,103,28,192
teacher_rank,103,29,256
teacher_rank,103,30,221
teacher_rank,103,31,184
teacher_rank,103,32,242
teacher_rank,103,33,272
teacher_rank,103,34,266
teacher_rank,103,35,280
teacher_rank,103,36,165
teacher_rank,103,37,223
teacher_rank,103,38,265
teacher_rank,103,39,238
teacher_rank,103,40,215
teacher_rank,103,41,241
teacher_rank,103,42,244
teacher_rank,103,43,166
teacher_rank,103,44,270
teacher_rank,103,45,183
teacher_rank,103,46,200
teacher_rank,103,47,262
teacher_rank,103,48,251
teacher_rank,103,49,151
teacher_rank,103,50,246
teacher_rank,103,51,234
teacher_rank,103,52,264
teacher_rank,103,53,240
teacher_rank,103,54,143
teacher_rank,103,55,232
teacher_rank,103,56,197
teacher_rank,103,57,159
teacher_rank,103,58,257
teacher_rank,103,59,222
teacher_rank,103,60,218
teacher_rank,103,61,275
teacher_rank,103,62,231
teacher_rank,103,63,155
teacher_rank,103,64,254
teacher_rank,103,65,154
teacher_rank,103,66,162
teacher_rank,103,67,247
teacher_rank,103,68,136
teacher_rank,103,69,175
teacher_rank,103,70,202
teacher_rank,103,71,263
teacher_rank,103,72,239
teacher_rank,103,73,252
teacher_rank,103,74,201
teacher_rank,103,75,190
teacher_rank,103,76,185
teacher_rank,103,77,139
teacher_rank,103,78,147
teacher_rank,103,79,226
teacher_rank,103,80,177
teacher_rank,103,81,148
teacher_rank,103,82,220
teacher_rank,103,83,157
teacher_rank,103,84,137
teacher_rank,103,85,255
teacher_rank,103,86,273
teacher_rank,103,87,169
teacher_rank,103,88,250
teacher_rank,103,89,180
teacher_rank,103,90,227
teacher_rank,103,91,260
teacher_rank,103,92,133
teacher_rank,103,93,233
teacher_rank,103,94,160
teacher_rank,103,95,268
teacher_rank,103,96,156
teacher_rank,103,97,237
teacher_rank,103,98,176
teacher_rank,103,99,225
teacher_rank,103,100,208
teacher_rank,103,101,131
teacher_rank,103,102,187
teacher_rank,103,103,191
teacher_rank,103,104,198
teacher_rank,103,105,261
teacher_rank,103,106,161
teacher_rank,103,107,224
teacher_rank,103,108,211
teacher_rank,103,109,134
teacher_rank,103,110,235
teacher_rank,103,111,145
teacher_rank,103,112,152
teacher_rank,103,113,219
teacher_rank,103,114,144
teacher_rank,103,115,186
teacher_rank,103,116,267
teacher_rank,103,117,193
teacher_rank,103,118,195
teacher_rank,103,119,269
teacher_rank,103,120,209
teacher_rank,103,121,276
teacher_rank,103,122,179
teacher_rank,103,123,181
teacher_rank,103,124,140
teacher_rank,103,125,199
teacher_rank,103,126,229
teacher_rank,103,127,158
teacher_rank,103,128,204
teacher_rank,103,129,245
teacher_rank,103,130,278
teacher_rank,103,131,212
teacher_rank,103,132,138
teacher_rank,103,133,277
teacher_rank,103,134,163
teacher_rank,103,135,168
teacher_rank,103,136,205
teacher_rank,103,137,217
teacher_rank,103,138,230
teacher_rank,103,139,170
teacher_rank,103,140,167
teacher_rank,103,141,279
teacher_rank,103,142,135
teacher_rank,103,143,206
teacher_rank,103,144,153
teacher_rank,103,145,142
teacher_rank,103,146,214
teacher_rank,103,147,132
teacher_rank,103,148,149
teacher_rank,103,149,203
teacher_rank,103,150,274
teacher_rank,104,1,207
teacher_rank,104,2,272
teacher_rank,104,3,141
teacher_rank,104,4,182
teacher_rank,104,5,248
teacher_rank,104,6,221
teacher_rank,104,7,171
teacher_rank,104,8,184
teacher_rank,104,9,146
teacher_rank,104,10,213
teacher_rank,104,11,265
teacher_rank,104,12,183
teacher_rank,104,13,249
teacher_rank,104,14,173
teacher_rank,104,15,243
teacher_rank,104,16,174
teacher_rank,104,17,200
teacher_rank,104,18,215
teacher_rank,104,19,259
teacher_rank,104,20,244
teacher_rank,104,21,165
teacher_rank,104,22,216
teacher_rank,104,23,241
teacher_rank,104,24,242
teacher_rank,104,25,258
teacher_rank,104,26,270
teacher_rank,104,27,238
teacher_rank,104,28,253
teacher_rank,104,29,197
teacher_rank,104,30,192
teacher_rank,104,31,210
teacher_rank,104,32,188
teacher_rank,104,33,166
teacher_rank,104,34,264
teacher_rank,104,35,246
teacher_rank,104,36,164
teacher_rank,104,37,189
teacher_rank,104,38,240
teacher_rank,104,39,194
teacher_rank,104,40,266
teacher_rank,104,41,256
teacher_rank,104,42,262
teacher_rank,104,43,271
teacher_rank,104,44,223
teacher_rank,104,45,275
teacher_rank,104,46,150
teacher_rank,104,47,172
teacher_rank,104,48,208
teacher_rank,104,49,228
teacher_rank,104,50,251
teacher_rank,104,51,190
teacher_rank,104,52,191
teacher_rank,104,53,227
teacher_rank,104,54,202
teacher_rank,104,55,229
teacher_rank,104,56,147
teacher_rank,104,57,133
teacher_rank,104,58,254
teacher_rank,104,59,196
teacher_rank,104,60,237
teacher_rank,104,61,157
teacher_rank,104,62,161
teacher_rank,104,63,220
teacher_rank,104,64,181
teacher_rank,104,65,143
teacher_rank,104,66,159
teacher_rank,104,67,158
teacher_rank,104,68,201
teacher_rank,104,69,178
teacher_rank,104,70,151
teacher_rank,104,71,160
teacher_rank,104,72,211
teacher_rank,104,73,134
teacher_rank,104,74,148
teacher_rank,104,75,152
teacher_rank,104,76,144
teacher_rank,104,77,176
teacher_rank,104,78,231
teacher_rank,104,79,195
teacher_rank,104,80,279
teacher_rank,104,81,245
teacher_rank,104,82,205
teacher_rank,104,83,139
teacher_rank,104,84,224
teacher_rank,104,85,236
teacher_rank,104,86,234
teacher_rank,104,87,233
teacher_rank,104,88,136
teacher_rank,104,89,193
teacher_rank,104,90,142
teacher_rank,104,91,226
teacher_rank,104,92,162
teacher_rank,104,93,239
teacher_rank,104,94,257
teacher_rank,104,95,280
teacher_rank,104,96,156
teacher_rank,104,97,219
teacher_rank,104,98,169
teacher_rank,104,99,175
teacher_rank,104,100,187
teacher_rank,104,101,209
teacher_rank,104,102,155
teacher_rank,104,103,247
teacher_rank,104,104,180
teacher_rank,104,105,212
teacher_rank,104,106,269
teacher_rank,104,107,261
teacher_rank,104,108,137
teacher_rank,104,109,263
teacher_rank,104,110,252
teacher_rank,104,111,198
teacher_rank,104,112,225
teacher_rank,104,113,217
teacher_rank,104,114,145
teacher_rank,104,115,278
teacher_rank,104,116,204
teacher_rank,104,117,186
teacher_rank,104,118,273
teacher_rank,104,119,177
teacher_rank,104,120,170
teacher_rank,104,121,179
teacher_rank,104,122,267
teacher_rank,104,123,154
teacher_rank,104,124,135
teacher_rank,104,125,222
teacher_rank,104,126,131
teacher_rank,104,127,268
teacher_rank,104,128,232
teacher_rank,104,129,276
teacher_rank,104,130,140
teacher_rank,104,131,260
teacher_rank,104,132,235
teacher_rank,104,133,230
teacher_rank,104,134,153
teacher_rank,104,135,163
teacher_rank,104,136,167
teacher_rank,104,137,203
teacher_rank,104,138,149
teacher_rank,104,139,250
teacher_rank,104,140,199
teacher_rank,104,141,132
teacher_rank,104,142,277
teacher_rank,104,143,185
teacher_rank,104,144,218
teacher_rank,104,145,206
teacher_rank,104,146,168
teacher_rank,104,147,255
teacher_rank,104,148,138
teacher_rank,104,149,214
teacher_rank,104,150,274
teacher_rank,106,1,207
teacher_rank,106,2,248
teacher_rank,106,3,171
teacher_rank,106,4,146
teacher_rank,106,5,272
teacher_rank,106,6,182
teacher_rank,106,7,270
teacher_rank,106,8,141
teacher_rank,106,9,216
teacher_rank,106,10,184
teacher_rank,106,11,242
teacher_rank,106,12,213
teacher_rank,106,13,265
teacher_rank,106,14,221
teacher_rank,106,15,249
teacher_rank,106,16,173
teacher_rank,106,17,244
teacher_rank,106,18,165
teacher_rank,106,19,241
teacher_rank,106,20,174
teacher_rank,106,21,166
teacher_rank,106,22,215
teacher_rank,106,23,238
teacher_rank,106,24,200
teacher_rank,106,25,192
teacher_rank,106,26,258
teacher_rank,106,27,259
teacher_rank,106,28,210
teacher_rank,106,29,243
teacher_rank,106,30,197
teacher_rank,106,31,188
teacher_rank,106,32,183
teacher_rank,106,33,246
teacher_rank,106,34,240
teacher_rank,106,35,256
teacher_rank,106,36,253
teacher_rank,106,37,189
teacher_rank,106,38,194
teacher_rank,106,39,150
teacher_rank,106,40,266
teacher_rank,106,41,223
teacher_rank,106,42,164
teacher_rank,106,43,264
teacher_rank,106,44,262
teacher_rank,106,45,208
teacher_rank,106,46,228
teacher_rank,106,47,271
teacher_rank,106,48,275
teacher_rank,106,49,172
teacher_rank,106,50,229
teacher_rank,106,51,190
teacher_rank,106,52,251
teacher_rank,106,53,254
teacher_rank,106,54,191
teacher_rank,106,55,237
teacher_rank,106,56,159
teacher_rank,106,57,158
teacher_rank,106,58,157
teacher_rank,106,59,161
teacher_rank,106,60,178
teacher_rank,106,61,202
teacher_rank,106,62,195
teacher_rank,106,63,227
teacher_rank,106,64,181
teacher_rank,106,65,220
teacher_rank,106,66,201
teacher_rank,106,67,211
teacher_rank,106,68,143
teacher_rank,106,69,279
teacher_rank,106,70,148
teacher_rank,106,71,176
teacher_rank,106,72,134
teacher_rank,106,73,133
teacher_rank,106,74,219
teacher_rank,106,75,245
teacher_rank,106,76,160
teacher_rank,106,77,147
teacher_rank,106,78,144
teacher_rank,106,79,152
teacher_rank,106,80,233
teacher_rank,106,81,196
teacher_rank,106,82,193
teacher_rank,106,83,247
teacher_rank,106,84,234
teacher_rank,106,85,175
teacher_rank,106,86,205
teacher_rank,106,87,179
teacher_rank,106,88,269
teacher_rank,106,89,267
teacher_rank,106,90,239
teacher_rank,106,91,169
teacher_rank,106,92,142
teacher_rank,106,93,224
teacher_rank,106,94,151
teacher_rank,106,95,136
teacher_rank,106,96,257
teacher_rank,106,97,186
teacher_rank,106,98,212
teacher_rank,106,99,236
teacher_rank,106,100,260
teacher_rank,106,101,226
teacher_rank,106,102,156
teacher_rank,106,103,135
teacher_rank,106,104,209
teacher_rank,106,105,231
teacher_rank,106,106,170
teacher_rank,106,107,139
teacher_rank,106,108,217
teacher_rank,106,109,180
teacher_rank,106,110,225
teacher_rank,106,111,140
teacher_rank,106,112,274
teacher_rank,106,113,252
teacher_rank,106,114,198
teacher_rank,106,115,177
teacher_rank,106,116,155
teacher_rank,106,117,162
teacher_rank,106,118,154
teacher_rank,106,119,263
teacher_rank,106,120,235
teacher_rank,106,121,153
teacher_rank,106,122,206
teacher_rank,106,123,214
teacher_rank,106,124,261
teacher_rank,106,125,187
teacher_rank,106,126,137
teacher_rank,106,127,277
teacher_rank,106,128,273
teacher_rank,106,129,276
teacher_rank,106,130,280
teacher_rank,106,131,168
teacher_rank,106,132,255
teacher_rank,106,133,203
teacher_rank,106,134,232
teacher_rank,106,135,167
teacher_rank,106,136,278
teacher_rank,106,137,131
teacher_rank,106,138,185
teacher_rank,106,139,163
teacher_rank,106,140,145
teacher_rank,106,141,149
teacher_rank,106,142,199
teacher_rank,106,143,222
teacher_rank,106,144,204
teacher_rank,106,145,268
teacher_rank,106,146,132
teacher_rank,106,147,218
teacher_rank,106,148,138
teacher_rank,106,149,230
teacher_rank,106,150,250
teacher_rank,107,1,207
teacher_rank,107,2,272
teacher_rank,107,3,141
teacher_rank,107,4,213
teacher_rank,107,5,182
teacher_rank,107,6,248
teacher_rank,107,7,146
teacher_rank,107,8,171
teacher_rank,107,9,221
teacher_rank,107,10,265
teacher_rank,107,11,184
teacher_rank,107,12,249
teacher_rank,107,13,173
teacher_rank,107,14,197
teacher_rank,107,15,174
teacher_rank,107,16,200
teacher_rank,107,17,183
teacher_rank,107,18,241
teacher_rank,107,19,243
teacher_rank,107,20,165
teacher_rank,107,21,216
teacher_rank,107,22,258
teacher_rank,107,23,259
teacher_rank,107,24,242
teacher_rank,107,25,246
teacher_rank,107,26,244
teacher_rank,107,27,215
teacher_rank,107,28,238
teacher_rank,107,29,166
teacher_rank,107,30,253
teacher_rank,107,31,270
teacher_rank,107,32,192
teacher_rank,107,33,188
teacher_rank,107,34,210
teacher_rank,107,35,264
teacher_rank,107,36,240
teacher_rank,107,37,189
teacher_rank,107,38,256
teacher_rank,107,39,194
teacher_rank,107,40,164
teacher_rank,107,41,266
teacher_rank,107,42,262
teacher_rank,107,43,223
teacher_rank,107,44,271
teacher_rank,107,45,150
teacher_rank,107,46,172
teacher_rank,107,47,275
teacher_rank,107,48,208
teacher_rank,107,49,228
teacher_rank,107,50,251
teacher_rank,107,51,190
teacher_rank,107,52,191
teacher_rank,107,53,227
teacher_rank,107,54,202
teacher_rank,107,55,133
teacher_rank,107,56,229
teacher_rank,107,57,147
teacher_rank,107,58,237
teacher_rank,107,59,157
teacher_rank,107,60,196
teacher_rank,107,61,254
teacher_rank,107,62,143
teacher_rank,107,63,159
teacher_rank,107,64,201
teacher_rank,107,65,220
teacher_rank,107,66,178
teacher_rank,107,67,161
teacher_rank,107,68,236
teacher_rank,107,69,181
teacher_rank,107,70,158
teacher_rank,107,71,160
teacher_rank,107,72,211
teacher_rank,107,73,151
teacher_rank,107,74,245
teacher_rank,107,75,233
teacher_rank,107,76,198
teacher_rank,107,77,144
teacher_rank,107,78,195
teacher_rank,107,79,148
teacher_rank,107,80,152
teacher_rank,107,81,267
teacher_rank,107,82,134
teacher_rank,107,83,219
teacher_rank,107,84,279
teacher_rank,107,85,193
teacher_rank,107,86,176
teacher_rank,107,87,231
teacher_rank,107,88,226
teacher_rank,107,89,280
teacher_rank,107,90,142
teacher_rank,107,91,205
teacher_rank,107,92,136
teacher_rank,107,93,269
teacher_rank,107,94,209
teacher_rank,107,95,139
teacher_rank,107,96,169
teacher_rank,107,97,234
teacher_rank,107,98,156
teacher_rank,107,99,260
teacher_rank,107,100,180
teacher_rank,107,101,162
teacher_rank,107,102,252
teacher_rank,107,103,247
teacher_rank,107,104,224
teacher_rank,107,105,257
teacher_rank,107,106,217
teacher_rank,107,107,175
teacher_rank,107,108,204
teacher_rank,107,109,273
teacher_rank,107,110,187
teacher_rank,107,111,274
teacher_rank,107,112,239
teacher_rank,107,113,278
teacher_rank,107,114,212
teacher_rank,107,115,177
teacher_rank,107,116,277
teacher_rank,107,117,179
teacher_rank,107,118,145
teacher_rank,107,119,263
teacher_rank,107,120,140
teacher_rank,107,121,155
teacher_rank,107,122,235
teacher_rank,107,123,154
teacher_rank,107,124,137
teacher_rank,107,125,232
teacher_rank,107,126,186
teacher_rank,107,127,167
teacher_rank,107,128,255
teacher_rank,107,129,261
teacher_rank,107,130,222
teacher_rank,107,131,276
teacher_rank,107,132,135
teacher_rank,107,133,170
teacher_rank,107,134,153
teacher_rank,107,135,131
teacher_rank,107,136,225
teacher_rank,107,137,168
teacher_rank,107,138,132
teacher_rank,107,139,268
teacher_rank,107,140,206
teacher_rank,107,141,218
teacher_rank,107,142,185
teacher_rank,107,143,230
teacher_rank,107,144,250
teacher_rank,107,145,199
teacher_rank,107,146,149
teacher_rank,107,147,214
teacher_rank,107,148,138
teacher_rank,107,149,163
teacher_rank,107,150,203
teacher_rank,108,1,248
teacher_rank,108,2,207
teacher_rank,108,3,146
teacher_rank,108,4,171
teacher_rank,108,5,213
teacher_rank,108,6,272
teacher_rank,108,7,216
teacher_rank,108,8,270
teacher_rank,108,9,182
teacher_rank,108,10,141
teacher_rank,108,11,184
teacher_rank,108,12,242
teacher_rank,108,13,265
teacher_rank,108,14,241
teacher_rank,108,15,244
teacher_rank,108,16,238
teacher_rank,108,17,215
teacher_rank,108,18,249
teacher_rank,108,19,173
teacher_rank,108,20,221
teacher_rank,108,21,259
teacher_rank,108,22,197
teacher_rank,108,23,166
teacher_rank,108,24,258
teacher_rank,108,25,183
teacher_rank,108,26,174
teacher_rank,108,27,192
teacher_rank,108,28,165
teacher_rank,108,29,253
teacher_rank,108,30,188
teacher_rank,108,31,210
teacher_rank,108,32,243
teacher_rank,108,33,266
teacher_rank,108,34,240
teacher_rank,108,35,194
teacher_rank,108,36,200
teacher_rank,108,37,246
teacher_rank,108,38,223
teacher_rank,108,39,264
teacher_rank,108,40,256
teacher_rank,108,41,208
teacher_rank,108,42,150
teacher_rank,108,43,189
teacher_rank,108,44,164
teacher_rank,108,45,228
teacher_rank,108,46,262
teacher_rank,108,47,271
teacher_rank,108,48,275
teacher_rank,108,49,172
teacher_rank,108,50,229
teacher_rank,108,51,251
teacher_rank,108,52,237
teacher_rank,108,53,191
teacher_rank,108,54,190
teacher_rank,108,55,202
teacher_rank,108,56,254
teacher_rank,108,57,133
teacher_rank,108,58,147
teacher_rank,108,59,157
teacher_rank,108,60,220
teacher_rank,108,61,227
teacher_rank,108,62,169
teacher_rank,108,63,159
teacher_rank,108,64,178
teacher_rank,108,65,161
teacher_rank,108,66,181
teacher_rank,108,67,201
teacher_rank,108,68,144
teacher_rank,108,69,143
teacher_rank,108,70,158
teacher_rank,108,71,211
teacher_rank,108,72,245
teacher_rank,108,73,269
teacher_rank,108,74,134
teacher_rank,108,75,195
teacher_rank,108,76,226
teacher_rank,108,77,156
teacher_rank,108,78,152
teacher_rank,108,79,279
teacher_rank,108,80,198
teacher_rank,108,81,136
teacher_rank,108,82,148
teacher_rank,108,83,231
teacher_rank,108,84,217
teacher_rank,108,85,233
teacher_rank,108,86,205
teacher_rank,108,87,176
teacher_rank,108,88,196
teacher_rank,108,89,234
teacher_rank,108,90,274
teacher_rank,108,91,160
teacher_rank,108,92,142
teacher_rank,108,93,267
teacher_rank,108,94,186
teacher_rank,108,95,277
teacher_rank,108,96,193
teacher_rank,108,97,212
teacher_rank,108,98,255
teacher_rank,108,99,235
teacher_rank,108,100,209
teacher_rank,108,101,153
teacher_rank,108,102,247
teacher_rank,108,103,219
teacher_rank,108,104,225
teacher_rank,108,105,179
teacher_rank,108,106,168
teacher_rank,108,107,135
teacher_rank,108,108,260
teacher_rank,108,109,278
teacher_rank,108,110,239
teacher_rank,108,111,151
teacher_rank,108,112,257
teacher_rank,108,113,204
teacher_rank,108,114,155
teacher_rank,108,115,236
teacher_rank,108,116,222
teacher_rank,108,117,140
teacher_rank,108,118,131
teacher_rank,108,119,280
teacher_rank,108,120,163
teacher_rank,108,121,199
teacher_rank,108,122,214
teacher_rank,108,123,170
teacher_rank,108,124,138
teacher_rank,108,125,206
teacher_rank,108,126,145
teacher_rank,108,127,224
teacher_rank,108,128,252
teacher_rank,108,129,187
teacher_rank,108,130,250
teacher_rank,108,131,273
teacher_rank,108,132,149
teacher_rank,108,133,175
teacher_rank,108,134,167
teacher_rank,108,135,139
teacher_rank,108,136,162
teacher_rank,108,137,261
teacher_rank,108,138,180
teacher_rank,108,139,132
teacher_rank,108,140,137
teacher_rank,108,141,263
teacher_rank,108,142,203
teacher_rank,108,143,218
teacher_rank,108,144,276
teacher_rank,108,145,177
teacher_rank,108,146,230
teacher_rank,108,147,232
teacher_rank,108,148,268
teacher_rank,108,149,154
teacher_rank,108,150,185
teacher_rank,109,1,207
teacher_rank,109,2,182
teacher_rank,109,3,272
teacher_rank,109,4,141
teacher_rank,109,5,248
teacher_rank,109,6,171
teacher_rank,109,7,221
teacher_rank,109,8,265
teacher_rank,109,9,146
teacher_rank,109,10,213
teacher_rank,109,11,184
teacher_rank,109,12,173
teacher_rank,109,13,249
teacher_rank,109,14,200
teacher_rank,109,15,183
teacher_rank,109,16,174
teacher_rank,109,17,165
teacher_rank,109,18,243
teacher_rank,109,19,210
teacher_rank,109,20,215
teacher_rank,109,21,192
teacher_rank,109,22,242
teacher_rank,109,23,270
teacher_rank,109,24,241
teacher_rank,109,25,259
teacher_rank,109,26,258
teacher_rank,109,27,244
teacher_rank,109,28,197
teacher_rank,109,29,216
teacher_rank,109,30,246
teacher_rank,109,31,253
teacher_rank,109,32,164
teacher_rank,109,33,166
teacher_rank,109,34,188
teacher_rank,109,35,189
teacher_rank,109,36,238
teacher_rank,109,37,256
teacher_rank,109,38,240
teacher_rank,109,39,264
teacher_rank,109,40,194
teacher_rank,109,41,262
teacher_rank,109,42,266
teacher_rank,109,43,271
teacher_rank,109,44,223
teacher_rank,109,45,150
teacher_rank,109,46,172
teacher_rank,109,47,275
teacher_rank,109,48,208
teacher_rank,109,49,228
teacher_rank,109,50,251
teacher_rank,109,51,190
teacher_rank,109,52,191
teacher_rank,109,53,227
teacher_rank,109,54,229
teacher_rank,109,55,202
teacher_rank,109,56,133
teacher_rank,109,57,254
teacher_rank,109,58,147
teacher_rank,109,59,196
teacher_rank,109,60,157
teacher_rank,109,61,143
teacher_rank,109,62,220
teacher_rank,109,63,201
teacher_rank,109,64,159
teacher_rank,109,65,181
teacher_rank,109,66,237
teacher_rank,109,67,161
teacher_rank,109,68,158
teacher_rank,109,69,151
teacher_rank,109,70,178
teacher_rank,109,71,211
teacher_rank,109,72,148
teacher_rank,109,73,160
teacher_rank,109,74,195
teacher_rank,109,75,134
teacher_rank,109,76,231
teacher_rank,109,77,144
teacher_rank,109,78,236
teacher_rank,109,79,176
teacher_rank,109,80,233
teacher_rank,109,81,152
teacher_rank,109,82,162
teacher_rank,109,83,139
teacher_rank,109,84,219
teacher_rank,109,85,234
teacher_rank,109,86,257
teacher_rank,109,87,245
teacher_rank,109,88,279
teacher_rank,109,89,136
teacher_rank,109,90,175
teacher_rank,109,91,193
teacher_rank,109,92,226
teacher_rank,109,93,247
teacher_rank,109,94,205
teacher_rank,109,95,142
teacher_rank,109,96,252
teacher_rank,109,97,209
teacher_rank,109,98,180
teacher_rank,109,99,239
teacher_rank,109,100,280
teacher_rank,109,101,187
teacher_rank,109,102,263
teacher_rank,109,103,169
teacher_rank,109,104,232
teacher_rank,109,105,224
teacher_rank,109,106,156
teacher_rank,109,107,154
teacher_rank,109,108,177
teacher_rank,109,109,269
teacher_rank,109,110,137
teacher_rank,109,111,267
teacher_rank,109,112,273
teacher_rank,109,113,155
teacher_rank,109,114,260
teacher_rank,109,115,198
teacher_rank,109,116,179
teacher_rank,109,117,217
teacher_rank,109,118,186
teacher_rank,109,119,261
teacher_rank,109,120,268
teacher_rank,109,121,278
teacher_rank,109,122,225
teacher_rank,109,123,170
teacher_rank,109,124,212
teacher_rank,109,125,140
teacher_rank,109,126,235
teacher_rank,109,127,185
teacher_rank,109,128,230
teacher_rank,109,129,153
teacher_rank,109,130,167
teacher_rank,109,131,276
teacher_rank,109,132,204
teacher_rank,109,133,131
teacher_rank,109,134,277
teacher_rank,109,135,222
teacher_rank,109,136,145
teacher_rank,109,137,274
teacher_rank,109,138,206
teacher_rank,109,139,135
teacher_rank,109,140,218
teacher_rank,109,141,199
teacher_rank,109,142,149
teacher_rank,109,143,163
teacher_rank,109,144,250
teacher_rank,109,145,138
teacher_rank,109,146,255
teacher_rank,109,147,168
teacher_rank,109,148,214
teacher_rank,109,149,132
teacher_rank,109,150,203
teacher_rank,110,1,207
teacher_rank,110,2,272
teacher_rank,110,3,182
teacher_rank,110,4,221
teacher_rank,110,5,141
teacher_rank,110,6,146
teacher_rank,110,7,184
teacher_rank,110,8,213
teacher_rank,110,9,174
teacher_rank,110,10,248
teacher_rank,110,11,171
teacher_rank,110,12,249
teacher_rank,110,13,265
teacher_rank,110,14,173
teacher_rank,110,15,244
teacher_rank,110,16,183
teacher_rank,110,17,166
teacher_rank,110,18,264
teacher_rank,110,19,200
teacher_rank,110,20,165
teacher_rank,110,21,216
teacher_rank,110,22,241
teacher_rank,110,23,258
teacher_rank,110,24,242
teacher_rank,110,25,194
teacher_rank,110,26,259
teacher_rank,110,27,210
teacher_rank,110,28,215
teacher_rank,110,29,270
teacher_rank,110,30,253
teacher_rank,110,31,238
teacher_rank,110,32,246
teacher_rank,110,33,192
teacher_rank,110,34,240
teacher_rank,110,35,189
teacher_rank,110,36,243
teacher_rank,110,37,188
teacher_rank,110,38,266
teacher_rank,110,39,197
teacher_rank,110,40,164
teacher_rank,110,41,256
teacher_rank,110,42,271
teacher_rank,110,43,223
teacher_rank,110,44,150
teacher_rank,110,45,262
teacher_rank,110,46,275
teacher_rank,110,47,228
teacher_rank,110,48,172
teacher_rank,110,49,208
teacher_rank,110,50,227
teacher_rank,110,51,191
teacher_rank,110,52,251
teacher_rank,110,53,202
teacher_rank,110,54,190
teacher_rank,110,55,229
teacher_rank,110,56,133
teacher_rank,110,57,147
teacher_rank,110,58,237
teacher_rank,110,59,143
teacher_rank,110,60,161
teacher_rank,110,61,236
teacher_rank,110,62,220
teacher_rank,110,63,279
teacher_rank,110,64,196
teacher_rank,110,65,178
teacher_rank,110,66,198
teacher_rank,110,67,159
teacher_rank,110,68,160
teacher_rank,110,69,139
teacher_rank,110,70,245
teacher_rank,110,71,158
teacher_rank,110,72,209
teacher_rank,110,73,157
teacher_rank,110,74,233
teacher_rank,110,75,231
teacher_rank,110,76,144
teacher_rank,110,77,280
teacher_rank,110,78,181
teacher_rank,110,79,195
teacher_rank,110,80,252
teacher_rank,110,81,254
teacher_rank,110,82,156
teacher_rank,110,83,187
teacher_rank,110,84,170
teacher_rank,110,85,149
teacher_rank,110,86,224
teacher_rank,110,87,211
teacher_rank,110,88,142
teacher_rank,110,89,135
teacher_rank,110,90,151
teacher_rank,110,91,176
teacher_rank,110,92,169
teacher_rank,110,93,212
teacher_rank,110,94,234
teacher_rank,110,95,134
teacher_rank,110,96,239
teacher_rank,110,97,152
teacher_rank,110,98,199
teacher_rank,110,99,263
teacher_rank,110,100,205
teacher_rank,110,101,201
teacher_rank,110,102,218
teacher_rank,110,103,148
teacher_rank,110,104,167
teacher_rank,110,105,268
teacher_rank,110,106,276
teacher_rank,110,107,137
teacher_rank,110,108,193
teacher_rank,110,109,267
teacher_rank,110,110,226
teacher_rank,110,111,154
teacher_rank,110,112,219
teacher_rank,110,113,155
teacher_rank,110,114,180
teacher_rank,110,115,257
teacher_rank,110,116,273
teacher_rank,110,117,153
teacher_rank,110,118,261
teacher_rank,110,119,132
teacher_rank,110,120,247
teacher_rank,110,121,250
teacher_rank,110,122,222
teacher_rank,110,123,186
teacher_rank,110,124,217
teacher_rank,110,125,136
teacher_rank,110,126,162
teacher_rank,110,127,260
teacher_rank,110,128,269
teacher_rank,110,129,168
teacher_rank,110,130,163
teacher_rank,110,131,140
teacher_rank,110,132,175
teacher_rank,110,133,145
teacher_rank,110,134,235
teacher_rank,110,135,204
teacher_rank,110,136,203
teacher_rank,110,137,185
teacher_rank,110,138,131
teacher_rank,110,139,277
teacher_rank,110,140,177
teacher_rank,110,141,214
teacher_rank,110,142,230
teacher_rank,110,143,232
teacher_rank,110,144,255
teacher_rank,110,145,179
teacher_rank,110,146,225
teacher_rank,110,147,274
teacher_rank,110,148,138
teacher_rank,110,149,206
teacher_rank,110,150,278
teacher_rank,111,1,207
teacher_rank,111,2,221
teacher_rank,111,3,272
teacher_rank,111,4,182
teacher_rank,111,5,265
teacher_rank,111,6,248
teacher_rank,111,7,213
teacher_rank,111,8,141
teacher_rank,111,9,146
teacher_rank,111,10,184
teacher_rank,111,11,249
teacher_rank,111,12,173
teacher_rank,111,13,241
teacher_rank,111,14,183
teacher_rank,111,15,171
teacher_rank,111,16,258
teacher_rank,111,17,244
teacher_rank,111,18,243
teacher_rank,111,19,197
teacher_rank,111,20,216
teacher_rank,111,21,200
teacher_rank,111,22,242
teacher_rank,111,23,210
teacher_rank,111,24,259
teacher_rank,111,25,215
teacher_rank,111,26,174
teacher_rank,111,27,253
teacher_rank,111,28,270
teacher_rank,111,29,238
teacher_rank,111,30,264
teacher_rank,111,31,246
teacher_rank,111,32,165
teacher_rank,111,33,166
teacher_rank,111,34,266
teacher_rank,111,35,192
teacher_rank,111,36,240
teacher_rank,111,37,188
teacher_rank,111,38,194
teacher_rank,111,39,189
teacher_rank,111,40,164
teacher_rank,111,41,256
teacher_rank,111,42,262
teacher_rank,111,43,223
teacher_rank,111,44,271
teacher_rank,111,45,275
teacher_rank,111,46,150
teacher_rank,111,47,208
teacher_rank,111,48,228
teacher_rank,111,49,172
teacher_rank,111,50,251
teacher_rank,111,51,191
teacher_rank,111,52,190
teacher_rank,111,53,227
teacher_rank,111,54,202
teacher_rank,111,55,229
teacher_rank,111,56,147
teacher_rank,111,57,133
teacher_rank,111,58,220
teacher_rank,111,59,237
teacher_rank,111,60,196
teacher_rank,111,61,254
teacher_rank,111,62,157
teacher_rank,111,63,143
teacher_rank,111,64,159
teacher_rank,111,65,158
teacher_rank,111,66,245
teacher_rank,111,67,201
teacher_rank,111,68,236
teacher_rank,111,69,144
teacher_rank,111,70,280
teacher_rank,111,71,178
teacher_rank,111,72,205
teacher_rank,111,73,211
teacher_rank,111,74,161
teacher_rank,111,75,195
teacher_rank,111,76,233
teacher_rank,111,77,151
teacher_rank,111,78,219
teacher_rank,111,79,181
teacher_rank,111,80,231
teacher_rank,111,81,279
teacher_rank,111,82,257
teacher_rank,111,83,152
teacher_rank,111,84,193
teacher_rank,111,85,226
teacher_rank,111,86,156
teacher_rank,111,87,267
teacher_rank,111,88,160
teacher_rank,111,89,142
teacher_rank,111,90,134
teacher_rank,111,91,148
teacher_rank,111,92,224
teacher_rank,111,93,239
teacher_rank,111,94,234
teacher_rank,111,95,274
teacher_rank,111,96,269
teacher_rank,111,97,169
teacher_rank,111,98,176
teacher_rank,111,99,217
teacher_rank,111,100,235
teacher_rank,111,101,198
teacher_rank,111,102,212
teacher_rank,111,103,260
teacher_rank,111,104,139
teacher_rank,111,105,273
teacher_rank,111,106,277
teacher_rank,111,107,222
teacher_rank,111,108,209
teacher_rank,111,109,206
teacher_rank,111,110,278
teacher_rank,111,111,247
teacher_rank,111,112,261
teacher_rank,111,113,136
teacher_rank,111,114,153
teacher_rank,111,115,186
teacher_rank,111,116,187
teacher_rank,111,117,225
teacher_rank,111,118,252
teacher_rank,111,119,179
teacher_rank,111,120,255
teacher_rank,111,121,230
teacher_rank,111,122,203
teacher_rank,111,123,155
teacher_rank,111,124,175
teacher_rank,111,125,199
teacher_rank,111,126,170
teacher_rank,111,127,162
teacher_rank,111,128,268
teacher_rank,111,129,135
teacher_rank,111,130,177
teacher_rank,111,131,276
teacher_rank,111,132,218
teacher_rank,111,133,180
teacher_rank,111,134,263
teacher_rank,111,135,232
teacher_rank,111,136,149
teacher_rank,111,137,140
teacher_rank,111,138,163
teacher_rank,111,139,204
teacher_rank,111,140,214
teacher_rank,111,141,145
teacher_rank,111,142,250
teacher_rank,111,143,168
teacher_rank,111,144,137
teacher_rank,111,145,131
teacher_rank,111,146,154
teacher_rank,111,147,167
teacher_rank,111,148,132
teacher_rank,111,149,138
teacher_rank,111,150,185
teacher_rank,112,1,141
teacher_rank,112,2,213
teacher_rank,112,3,202
teacher_rank,112,4,251
teacher_rank,112,5,136
teacher_rank,112,6,151
teacher_rank,112,7,211
teacher_rank,112,8,162
teacher_rank,112,9,216
teacher_rank,112,10,235
teacher_rank,112,11,133
teacher_rank,112,12,208
teacher_rank,112,13,237
teacher_rank,112,14,220
teacher_rank,112,15,236
teacher_rank,112,16,156
teacher_rank,112,17,255
teacher_rank,112,18,190
teacher_rank,112,19,243
teacher_rank,112,20,218
teacher_rank,112,21,142
teacher_rank,112,22,231
teacher_rank,112,23,146
teacher_rank,112,24,278
teacher_rank,112,25,164
teacher_rank,112,26,234
teacher_rank,112,27,272
teacher_rank,112,28,160
teacher_rank,112,29,173
teacher_rank,112,30,250
teacher_rank,112,31,248
teacher_rank,112,32,247
teacher_rank,112,33,222
teacher_rank,112,34,191
teacher_rank,112,35,179
teacher_rank,112,36,187
teacher_rank,112,37,198
teacher_rank,112,38,157
teacher_rank,112,39,148
teacher_rank,112,40,166
teacher_rank,112,41,161
teacher_rank,112,42,226
teacher_rank,112,43,200
teacher_rank,112,44,257
teacher_rank,112,45,171
teacher_rank,112,46,240
teacher_rank,112,47,159
teacher_rank,112,48,238
teacher_rank,112,49,258
teacher_rank,112,50,192
teacher_rank,112,51,207
teacher_rank,112,52,233
teacher_rank,112,53,178
teacher_rank,112,54,269
teacher_rank,112,55,186
teacher_rank,112,56,206
teacher_rank,112,57,182
teacher_rank,112,58,176
teacher_rank,112,59,143
teacher_rank,112,60,139
teacher_rank,112,61,262
teacher_rank,112,62,212
teacher_rank,112,63,204
teacher_rank,112,64,152
teacher_rank,112,65,249
teacher_rank,112,66,265
teacher_rank,112,67,197
teacher_rank,112,68,253
teacher_rank,112,69,221
teacher_rank,112,70,254
teacher_rank,112,71,169
teacher_rank,112,72,144
teacher_rank,112,73,273
teacher_rank,112,74,201
teacher_rank,112,75,194
teacher_rank,112,76,215
teacher_rank,112,77,267
teacher_rank,112,78,229
teacher_rank,112,79,175
teacher_rank,112,80,241
teacher_rank,112,81,150
teacher_rank,112,82,140
teacher_rank,112,83,275
teacher_rank,112,84,199
teacher_rank,112,85,223
teacher_rank,112,86,277
teacher_rank,112,87,174
teacher_rank,112,88,189
teacher_rank,112,89,259
teacher_rank,112,90,209
teacher_rank,112,91,217
teacher_rank,112,92,244
teacher_rank,112,93,232
teacher_rank,112,94,155
teacher_rank,112,95,196
teacher_rank,112,96,165
teacher_rank,112,97,168
teacher_rank,112,98,153
teacher_rank,112,99,132
teacher_rank,112,100,193
teacher_rank,112,101,181
teacher_rank,112,102,183
teacher_rank,112,103,167
teacher_rank,112,104,227
teacher_rank,112,105,239
teacher_rank,112,106,252
teacher_rank,112,107,134
teacher_rank,112,108,188
teacher_rank,112,109,274
teacher_rank,112,110,270
teacher_rank,112,111,145
teacher_rank,112,112,245
teacher_rank,112,113,224
teacher_rank,112,114,264
teacher_rank,112,115,137
teacher_rank,112,116,210
teacher_rank,112,117,280
teacher_rank,112,118,260
teacher_rank,112,119,246
teacher_rank,112,120,271
teacher_rank,112,121,266
teacher_rank,112,122,205
teacher_rank,112,123,138
teacher_rank,112,124,195
teacher_rank,112,125,268
teacher_rank,112,126,180
teacher_rank,112,127,154
teacher_rank,112,128,147
teacher_rank,112,129,242
teacher_rank,112,130,158
teacher_rank,112,131,263
teacher_rank,112,132,219
teacher_rank,112,133,276
teacher_rank,112,134,131
teacher_rank,112,135,172
teacher_rank,112,136,177
teacher_rank,112,137,184
teacher_rank,112,138,135
teacher_rank,112,139,225
teacher_rank,112,140,230
teacher_rank,112,141,185
teacher_rank,112,142,279
teacher_rank,112,143,261
teacher_rank,112,144,214
teacher_rank,112,145,170
teacher_rank,112,146,228
teacher_rank,112,147,256
teacher_rank,112,148,163
teacher_rank,112,149,149
teacher_rank,112,150,203
teacher_rank,113,1,207
teacher_rank,113,2,141
teacher_rank,113,3,213
teacher_rank,113,4,146
teacher_rank,113,5,182
teacher_rank,113,6,210
teacher_rank,113,7,248
teacher_rank,113,8,192
teacher_rank,113,9,272
teacher_rank,113,10,242
teacher_rank,113,11,184
teacher_rank,113,12,256
teacher_rank,113,13,216
teacher_rank,113,14,265
teacher_rank,113,15,171
teacher_rank,113,16,165
teacher_rank,113,17,241
teacher_rank,113,18,215
teacher_rank,113,19,244
teacher_rank,113,20,166
teacher_rank,113,21,270
teacher_rank,113,22,238
teacher_rank,113,23,236
teacher_rank,113,24,151
teacher_rank,113,25,200
teacher_rank,113,26,197
teacher_rank,113,27,243
teacher_rank,113,28,173
teacher_rank,113,29,249
teacher_rank,113,30,262
teacher_rank,113,31,258
teacher_rank,113,32,224
teacher_rank,113,33,221
teacher_rank,113,34,176
teacher_rank,113,35,189
teacher_rank,113,36,251
teacher_rank,113,37,240
teacher_rank,113,38,174
teacher_rank,113,39,142
teacher_rank,113,40,211
teacher_rank,113,41,253
teacher_rank,113,42,220
teacher_rank,113,43,160
teacher_rank,113,44,164
teacher_rank,113,45,148
teacher_rank,113,46,190
teacher_rank,113,47,202
teacher_rank,113,48,147
teacher_rank,113,49,247
teacher_rank,113,50,233
teacher_rank,113,51,271
teacher_rank,113,52,178
teacher_rank,113,53,275
teacher_rank,113,54,208
teacher_rank,113,55,193
teacher_rank,113,56,254
teacher_rank,113,57,144
teacher_rank,113,58,246
teacher_rank,113,59,223
teacher_rank,113,60,231
teacher_rank,113,61,196
teacher_rank,113,62,194
teacher_rank,113,63,209
teacher_rank,113,64,218
teacher_rank,113,65,257
teacher_rank,113,66,133
teacher_rank,113,67,175
teacher_rank,113,68,134
teacher_rank,113,69,273
teacher_rank,113,70,183
teacher_rank,113,71,162
teacher_rank,113,72,186
teacher_rank,113,73,152
teacher_rank,113,74,156
teacher_rank,113,75,234
teacher_rank,113,76,159
teacher_rank,113,77,139
teacher_rank,113,78,179
teacher_rank,113,79,255
teacher_rank,113,80,198
teacher_rank,113,81,235
teacher_rank,113,82,205
teacher_rank,113,83,181
teacher_rank,113,84,191
teacher_rank,113,85,280
teacher_rank,113,86,158
teacher_rank,113,87,201
teacher_rank,113,88,195
teacher_rank,113,89,226
teacher_rank,113,90,245
teacher_rank,113,91,264
teacher_rank,113,92,222
teacher_rank,113,93,199
teacher_rank,113,94,232
teacher_rank,113,95,206
teacher_rank,113,96,136
teacher_rank,113,97,212
teacher_rank,113,98,188
teacher_rank,113,99,161
teacher_rank,113,100,217
teacher_rank,113,101,239
teacher_rank,113,102,187
teacher_rank,113,103,172
teacher_rank,113,104,219
teacher_rank,113,105,260
teacher_rank,113,106,259
teacher_rank,113,107,157
teacher_rank,113,108,267
teacher_rank,113,109,252
teacher_rank,113,110,153
teacher_rank,113,111,278
teacher_rank,113,112,143
teacher_rank,113,113,227
teacher_rank,113,114,266
teacher_rank,113,115,250
teacher_rank,113,116,154
teacher_rank,113,117,155
teacher_rank,113,118,169
teacher_rank,113,119,269
teacher_rank,113,120,237
teacher_rank,113,121,268
teacher_rank,113,122,263
teacher_rank,113,123,145
teacher_rank,113,124,150
teacher_rank,113,125,167
teacher_rank,113,126,276
teacher_rank,113,127,140
teacher_rank,113,128,180
teacher_rank,113,129,135
teacher_rank,113,130,170
teacher_rank,113,131,132
teacher_rank,113,132,137
teacher_rank,113,133,274
teacher_rank,113,134,279
teacher_rank,113,135,261
teacher_rank,113,136,229
teacher_rank,113,137,203
teacher_rank,113,138,204
teacher_rank,113,139,177
teacher_rank,113,140,131
teacher_rank,113,141,225
teacher_rank,113,142,185
teacher_rank,113,143,149
teacher_rank,113,144,228
teacher_rank,113,145,277
teacher_rank,113,146,168
teacher_rank,113,147,230
teacher_rank,113,148,138
teacher_rank,113,149,163
teacher_rank,113,150,214
teacher_rank,114,1,176
teacher_rank,114,2,193
teacher_rank,114,3,255
teacher_rank,114,4,257
teacher_rank,114,5,170
teacher_rank,114,6,234
teacher_rank,114,7,179
teacher_rank,114,8,232
teacher_rank,114,9,278
teacher_rank,114,10,274
teacher_rank,114,11,132
teacher_rank,114,12,134
teacher_rank,114,13,199
teacher_rank,114,14,231
teacher_rank,114,15,250
teacher_rank,114,16,163
teacher_rank,114,17,222
teacher_rank,114,18,254
teacher_rank,114,19,220
teacher_rank,114,20,173
teacher_rank,114,21,139
teacher_rank,114,22,189
teacher_rank,114,23,148
teacher_rank,114,24,267
teacher_rank,114,25,160
teacher_rank,114,26,243
teacher_rank,114,27,236
teacher_rank,114,28,159
teacher_rank,114,29,249
teacher_rank,114,30,211
teacher_rank,114,31,156
teacher_rank,114,32,174
teacher_rank,114,33,209
teacher_rank,114,34,164
teacher_rank,114,35,175
teacher_rank,114,36,208
teacher_rank,114,37,200
teacher_rank,114,38,162
teacher_rank,114,39,247
teacher_rank,114,40,144
teacher_rank,114,41,258
teacher_rank,114,42,218
teacher_rank,114,43,178
teacher_rank,114,44,143
teacher_rank,114,45,142
teacher_rank,114,46,192
teacher_rank,114,47,206
teacher_rank,114,48,197
teacher_rank,114,49,187
teacher_rank,114,50,245
teacher_rank,114,51,146
teacher_rank,114,52,221
teacher_rank,114,53,226
teacher_rank,114,54,152
teacher_rank,114,55,171
teacher_rank,114,56,150
teacher_rank,114,57,262
teacher_rank,114,58,240
teacher_rank,114,59,169
teacher_rank,114,60,235
teacher_rank,114,61,233
teacher_rank,114,62,272
teacher_rank,114,63,182
teacher_rank,114,64,253
teacher_rank,114,65,151
teacher_rank,114,66,239
teacher_rank,114,67,251
teacher_rank,114,68,271
teacher_rank,114,69,273
teacher_rank,114,70,252
teacher_rank,114,71,195
teacher_rank,114,72,153
teacher_rank,114,73,180
teacher_rank,114,74,154
teacher_rank,114,75,268
teacher_rank,114,76,161
teacher_rank,114,77,155
teacher_rank,114,78,168
teacher_rank,114,79,165
teacher_rank,114,80,141
teacher_rank,114,81,136
teacher_rank,114,82,223
teacher_rank,114,83,198
teacher_rank,114,84,217
teacher_rank,114,85,140
teacher_rank,114,86,202
teacher_rank,114,87,137
teacher_rank,114,88,186
teacher_rank,114,89,269
teacher_rank,114,90,191
teacher_rank,114,91,270
teacher_rank,114,92,194
teacher_rank,114,93,181
teacher_rank,114,94,207
teacher_rank,114,95,196
teacher_rank,114,96,166
teacher_rank,114,97,158
teacher_rank,114,98,183
teacher_rank,114,99,265
teacher_rank,114,100,177
teacher_rank,114,101,263
teacher_rank,114,102,260
teacher_rank,114,103,275
teacher_rank,114,104,248
teacher_rank,114,105,216
teacher_rank,114,106,145
teacher_rank,114,107,201
teacher_rank,114,108,212
teacher_rank,114,109,276
teacher_rank,114,110,266
teacher_rank,114,111,210
teacher_rank,114,112,147
teacher_rank,114,113,259
teacher_rank,114,114,279
teacher_rank,114,115,133
teacher_rank,114,116,242
teacher_rank,114,117,229
teacher_rank,114,118,204
teacher_rank,114,119,157
teacher_rank,114,120,190
teacher_rank,114,121,135
teacher_rank,114,122,224
teacher_rank,114,123,188
teacher_rank,114,124,219
teacher_rank,114,125,205
teacher_rank,114,126,264
teacher_rank,114,127,167
teacher_rank,114,128,131
teacher_rank,114,129,261
teacher_rank,114,130,237
teacher_rank,114,131,215
teacher_rank,114,132,225
teacher_rank,114,133,230
teacher_rank,114,134,213
teacher_rank,114,135,227
teacher_rank,114,136,185
teacher_rank,114,137,246
teacher_rank,114,138,238
teacher_rank,114,139,280
teacher_rank,114,140,244
teacher_rank,114,141,256
teacher_rank,114,142,149
teacher_rank,114,143,184
teacher_rank,114,144,138
teacher_rank,114,145,277
teacher_rank,114,146,172
teacher_rank,114,147,203
teacher_rank,114,148,214
teacher_rank,114,149,228
teacher_rank,114,150,241
teacher_rank,118,1,182
teacher_rank,118,2,200
teacher_rank,118,3,207
teacher_rank,118,4,174
teacher_rank,118,5,236
teacher_rank,118,6,173
teacher_rank,118,7,189
teacher_rank,118,8,249
teacher_rank,118,9,178
teacher_rank,118,10,196
teacher_rank,118,11,243
teacher_rank,118,12,146
teacher_rank,118,13,194
teacher_rank,118,14,210
teacher_rank,118,15,141
teacher_rank,118,16,171
teacher_rank,118,17,221
teacher_rank,118,18,265
teacher_rank,118,19,258
teacher_rank,118,20,248
teacher_rank,118,21,256
teacher_rank,118,22,188
teacher_rank,118,23,183
teacher_rank,118,24,184
teacher_rank,118,25,271
teacher_rank,118,26,272
teacher_rank,118,27,165
teacher_rank,118,28,164
teacher_rank,118,29,262
teacher_rank,118,30,213
teacher_rank,118,31,242
teacher_rank,118,32,240
teacher_rank,118,33,253
teacher_rank,118,34,264
teacher_rank,118,35,172
teacher_rank,118,36,216
teacher_rank,118,37,150
teacher_rank,118,38,192
teacher_rank,118,39,246
teacher_rank,118,40,259
teacher_rank,118,41,280
teacher_rank,118,42,228
teacher_rank,118,43,266
teacher_rank,118,44,197
teacher_rank,118,45,241
teacher_rank,118,46,215
teacher_rank,118,47,166
teacher_rank,118,48,270
teacher_rank,118,49,223
teacher_rank,118,50,244
teacher_rank,118,51,275
teacher_rank,118,52,238
teacher_rank,118,53,208
teacher_rank,118,54,151
teacher_rank,118,55,257
teacher_rank,118,56,147
teacher_rank,118,57,154
teacher_rank,118,58,159
teacher_rank,118,59,251
teacher_rank,118,60,239
teacher_rank,118,61,254
teacher_rank,118,62,201
teacher_rank,118,63,227
teacher_rank,118,64,234
teacher_rank,118,65,232
teacher_rank,118,66,185
teacher_rank,118,67,175
teacher_rank,118,68,229
teacher_rank,118,69,148
teacher_rank,118,70,247
teacher_rank,118,71,191
teacher_rank,118,72,176
teacher_rank,118,73,218
teacher_rank,118,74,252
teacher_rank,118,75,190
teacher_rank,118,76,143
teacher_rank,118,77,202
teacher_rank,118,78,273
teacher_rank,118,79,233
teacher_rank,118,80,222
teacher_rank,118,81,263
teacher_rank,118,82,139
teacher_rank,118,83,180
teacher_rank,118,84,268
teacher_rank,118,85,177
teacher_rank,118,86,231
teacher_rank,118,87,211
teacher_rank,118,88,260
teacher_rank,118,89,237
teacher_rank,118,90,160
teacher_rank,118,91,220
teacher_rank,118,92,276
teacher_rank,118,93,136
teacher_rank,118,94,219
teacher_rank,118,95,193
teacher_rank,118,96,225
teacher_rank,118,97,179
teacher_rank,118,98,133
teacher_rank,118,99,162
teacher_rank,118,100,134
teacher_rank,118,101,186
teacher_rank,118,102,267
teacher_rank,118,103,161
teacher_rank,118,104,144
teacher_rank,118,105,195
teacher_rank,118,106,158
teacher_rank,118,107,209
teacher_rank,118,108,245
teacher_rank,118,109,226
teacher_rank,118,110,255
teacher_rank,118,111,152
teacher_rank,118,112,181
teacher_rank,118,113,224
teacher_rank,118,114,155
teacher_rank,118,115,199
teacher_rank,118,116,169
teacher_rank,118,117,261
teacher_rank,118,118,157
teacher_rank,118,119,140
teacher_rank,118,120,269
teacher_rank,118,121,142
teacher_rank,118,122,167
teacher_rank,118,123,198
teacher_rank,118,124,278
teacher_rank,118,125,137
teacher_rank,118,126,131
teacher_rank,118,127,170
teacher_rank,118,128,187
teacher_rank,118,129,135
teacher_rank,118,130,274
teacher_rank,118,131,156
teacher_rank,118,132,145
teacher_rank,118,133,212
teacher_rank,118,134,277
teacher_rank,118,135,168
teacher_rank,118,136,206
teacher_rank,118,137,235
teacher_rank,118,138,279
teacher_rank,118,139,217
teacher_rank,118,140,205
teacher_rank,118,141,138
teacher_rank,118,142,153
teacher_rank,118,143,203
teacher_rank,118,144,230
teacher_rank,118,145,214
teacher_rank,118,146,163
teacher_rank,118,147,250
teacher_rank,118,148,204
teacher_rank,118,149,149
teacher_rank,118,150,132
teacher_rank,119,1,146
teacher_rank,119,2,182
teacher_rank,119,3,141
teacher_rank,119,4,207
teacher_rank,119,5,192
teacher_rank,119,6,248
teacher_rank,119,7,184
teacher_rank,119,8,216
teacher_rank,119,9,210
teacher_rank,119,10,171
teacher_rank,119,11,213
teacher_rank,119,12,272
teacher_rank,119,13,242
teacher_rank,119,14,265
teacher_rank,119,15,256
teacher_rank,119,16,238
teacher_rank,119,17,165
teacher_rank,119,18,244
teacher_rank,119,19,215
teacher_rank,119,20,270
teacher_rank,119,21,166
teacher_rank,119,22,241
teacher_rank,119,23,151
teacher_rank,119,24,173
teacher_rank,119,25,243
teacher_rank,119,26,174
teacher_rank,119,27,189
teacher_rank,119,28,224
teacher_rank,119,29,197
teacher_rank,119,30,249
teacher_rank,119,31,236
teacher_rank,119,32,164
teacher_rank,119,33,258
teacher_rank,119,34,147
teacher_rank,119,35,176
teacher_rank,119,36,220
teacher_rank,119,37,200
teacher_rank,119,38,221
teacher_rank,119,39,234
teacher_rank,119,40,251
teacher_rank,119,41,254
teacher_rank,119,42,253
teacher_rank,119,43,240
teacher_rank,119,44,178
teacher_rank,119,45,144
teacher_rank,119,46,133
teacher_rank,119,47,162
teacher_rank,119,48,156
teacher_rank,119,49,194
teacher_rank,119,50,211
teacher_rank,119,51,262
teacher_rank,119,52,275
teacher_rank,119,53,231
teacher_rank,119,54,208
teacher_rank,119,55,148
teacher_rank,119,56,247
teacher_rank,119,57,136
teacher_rank,119,58,193
teacher_rank,119,59,183
teacher_rank,119,60,202
teacher_rank,119,61,186
teacher_rank,119,62,196
teacher_rank,119,63,266
teacher_rank,119,64,169
teacher_rank,119,65,153
teacher_rank,119,66,271
teacher_rank,119,67,191
teacher_rank,119,68,264
teacher_rank,119,69,160
teacher_rank,119,70,246
teacher_rank,119,71,159
teacher_rank,119,72,139
teacher_rank,119,73,152
teacher_rank,119,74,222
teacher_rank,119,75,245
teacher_rank,119,76,199
teacher_rank,119,77,209
teacher_rank,119,78,217
teacher_rank,119,79,218
teacher_rank,119,80,235
teacher_rank,119,81,142
teacher_rank,119,82,143
teacher_rank,119,83,181
teacher_rank,119,84,190
teacher_rank,119,85,280
teacher_rank,119,86,206
teacher_rank,119,87,255
teacher_rank,119,88,212
teacher_rank,119,89,223
teacher_rank,119,90,167
teacher_rank,119,91,175
teacher_rank,119,92,227
teacher_rank,119,93,205
teacher_rank,119,94,179
teacher_rank,119,95,257
teacher_rank,119,96,226
teacher_rank,119,97,188
teacher_rank,119,98,195
teacher_rank,119,99,239
teacher_rank,119,100,187
teacher_rank,119,101,278
teacher_rank,119,102,134
teacher_rank,119,103,273
teacher_rank,119,104,150
teacher_rank,119,105,232
teacher_rank,119,106,267
teacher_rank,119,107,158
teacher_rank,119,108,140
teacher_rank,119,109,161
teacher_rank,119,110,204
teacher_rank,119,111,269
teacher_rank,119,112,135
teacher_rank,119,113,201
teacher_rank,119,114,252
teacher_rank,119,115,261
teacher_rank,119,116,233
teacher_rank,119,117,132
teacher_rank,119,118,229
teacher_rank,119,119,154
teacher_rank,119,120,149
teacher_rank,119,121,172
teacher_rank,119,122,137
teacher_rank,119,123,163
teacher_rank,119,124,198
teacher_rank,119,125,225
teacher_rank,119,126,131
teacher_rank,119,127,155
teacher_rank,119,128,279
teacher_rank,119,129,250
teacher_rank,119,130,263
teacher_rank,119,131,259
teacher_rank,119,132,260
teacher_rank,119,133,180
teacher_rank,119,134,268
teacher_rank,119,135,170
teacher_rank,119,136,145
teacher_rank,119,137,157
teacher_rank,119,138,168
teacher_rank,119,139,219
teacher_rank,119,140,203
teacher_rank,119,141,277
teacher_rank,119,142,276
teacher_rank,119,143,177
teacher_rank,119,144,237
teacher_rank,119,145,274
teacher_rank,119,146,214
teacher_rank,119,147,228
teacher_rank,119,148,138
teacher_rank,119,149,230
teacher_rank,119,150,185
teacher_rank,123,1,173
teacher_rank,123,2,221
teacher_rank,123,3,200
teacher_rank,123,4,174
teacher_rank,123,5,249
teacher_rank,123,6,243
teacher_rank,123,7,197
teacher_rank,123,8,258
teacher_rank,123,9,259
teacher_rank,123,10,183
teacher_rank,123,11,189
teacher_rank,123,12,164
teacher_rank,123,13,223
teacher_rank,123,14,253
teacher_rank,123,15,194
teacher_rank,123,16,264
teacher_rank,123,17,240
teacher_rank,123,18,262
teacher_rank,123,19,266
teacher_rank,123,20,246
teacher_rank,123,21,188
teacher_rank,123,22,271
teacher_rank,123,23,208
teacher_rank,123,24,150
teacher_rank,123,25,275
teacher_rank,123,26,228
teacher_rank,123,27,172
teacher_rank,123,28,251
teacher_rank,123,29,272
teacher_rank,123,30,220
teacher_rank,123,31,171
teacher_rank,123,32,190
teacher_rank,123,33,143
teacher_rank,123,34,178
teacher_rank,123,35,159
teacher_rank,123,36,254
teacher_rank,123,37,182
teacher_rank,123,38,207
teacher_rank,123,39,270
teacher_rank,123,40,144
teacher_rank,123,41,229
teacher_rank,123,42,265
teacher_rank,123,43,176
teacher_rank,123,44,248
teacher_rank,123,45,146
teacher_rank,123,46,160
teacher_rank,123,47,157
teacher_rank,123,48,211
teacher_rank,123,49,165
teacher_rank,123,50,148
teacher_rank,123,51,237
teacher_rank,123,52,234
teacher_rank,123,53,236
teacher_rank,123,54,181
teacher_rank,123,55,193
teacher_rank,123,56,141
teacher_rank,123,57,201
teacher_rank,123,58,175
teacher_rank,123,59,245
teacher_rank,123,60,139
teacher_rank,123,61,161
teacher_rank,123,62,156
teacher_rank,123,63,247
teacher_rank,123,64,162
teacher_rank,123,65,152
teacher_rank,123,66,191
teacher_rank,123,67,231
teacher_rank,123,68,158
teacher_rank,123,69,142
teacher_rank,123,70,151
teacher_rank,123,71,257
teacher_rank,123,72,227
teacher_rank,123,73,233
teacher_rank,123,74,195
teacher_rank,123,75,147
teacher_rank,123,76,209
teacher_rank,123,77,216
teacher_rank,123,78,184
teacher_rank,123,79,202
teacher_rank,123,80,242
teacher_rank,123,81,238
teacher_rank,123,82,134
teacher_rank,123,83,196
teacher_rank,123,84,213
teacher_rank,123,85,279
teacher_rank,123,86,218
teacher_rank,123,87,226
teacher_rank,123,88,205
teacher_rank,123,89,215
teacher_rank,123,90,133
teacher_rank,123,91,244
teacher_rank,123,92,186
teacher_rank,123,93,136
teacher_rank,123,94,235
teacher_rank,123,95,232
teacher_rank,123,96,180
teacher_rank,123,97,192
teacher_rank,123,98,222
teacher_rank,123,99,219
teacher_rank,123,100,267
teacher_rank,123,101,273
teacher_rank,123,102,169
teacher_rank,123,103,252
teacher_rank,123,104,269
teacher_rank,123,105,166
teacher_rank,123,106,268
teacher_rank,123,107,241
teacher_rank,123,108,206
teacher_rank,123,109,179
teacher_rank,123,110,154
teacher_rank,123,111,255
teacher_rank,123,112,153
teacher_rank,123,113,239
teacher_rank,123,114,217
teacher_rank,123,115,278
teacher_rank,123,116,212
teacher_rank,123,117,155
teacher_rank,123,118,198
teacher_rank,123,119,210
teacher_rank,123,120,225
teacher_rank,123,121,187
teacher_rank,123,122,137
teacher_rank,123,123,177
teacher_rank,123,124,260
teacher_rank,123,125,204
teacher_rank,123,126,199
teacher_rank,123,127,276
teacher_rank,123,128,261
teacher_rank,123,129,263
teacher_rank,123,130,224
teacher_rank,123,131,140
teacher_rank,123,132,256
teacher_rank,123,133,167
teacher_rank,123,134,185
teacher_rank,123,135,131
teacher_rank,123,136,250
teacher_rank,123,137,145
teacher_rank,123,138,132
teacher_rank,123,139,274
teacher_rank,123,140,280
teacher_rank,123,141,135
teacher_rank,123,142,277
teacher_rank,123,143,170
teacher_rank,123,144,230
teacher_rank,123,145,168
teacher_rank,123,146,163
teacher_rank,123,147,138
teacher_rank,123,148,149
teacher_rank,123,149,214
teacher_rank,123,150,203
teacher_rank,125,1,254
teacher_rank,125,2,173
teacher_rank,125,3,169
teacher_rank,125,4,221
teacher_rank,125,5,269
teacher_rank,125,6,226
teacher_rank,125,7,249
teacher_rank,125,8,155
teacher_rank,125,9,195
teacher_rank,125,10,174
teacher_rank,125,11,158
teacher_rank,125,12,148
teacher_rank,125,13,143
teacher_rank,125,14,175
teacher_rank,125,15,258
teacher_rank,125,16,233
teacher_rank,125,17,225
teacher_rank,125,18,243
teacher_rank,125,19,149
teacher_rank,125,20,200
teacher_rank,125,21,253
teacher_rank,125,22,279
teacher_rank,125,23,181
teacher_rank,125,24,137
teacher_rank,125,25,252
teacher_rank,125,26,159
teacher_rank,125,27,277
teacher_rank,125,28,183
teacher_rank,125,29,197
teacher_rank,125,30,167
teacher_rank,125,31,261
teacher_rank,125,32,212
teacher_rank,125,33,187
teacher_rank,125,34,223
teacher_rank,125,35,240
teacher_rank,125,36,201
teacher_rank,125,37,259
teacher_rank,125,38,142
teacher_rank,125,39,194
teacher_rank,125,40,208
teacher_rank,125,41,266
teacher_rank,125,42,267
teacher_rank,125,43,235
teacher_rank,125,44,135
teacher_rank,125,45,189
teacher_rank,125,46,219
teacher_rank,125,47,180
teacher_rank,125,48,188
teacher_rank,125,49,168
teacher_rank,125,50,156
teacher_rank,125,51,139
teacher_rank,125,52,153
teacher_rank,125,53,264
teacher_rank,125,54,205
teacher_rank,125,55,150
teacher_rank,125,56,157
teacher_rank,125,57,164
teacher_rank,125,58,262
teacher_rank,125,59,136
teacher_rank,125,60,230
teacher_rank,125,61,203
teacher_rank,125,62,131
teacher_rank,125,63,271
teacher_rank,125,64,214
teacher_rank,125,65,246
teacher_rank,125,66,275
teacher_rank,125,67,268
teacher_rank,125,68,228
teacher_rank,125,69,154
teacher_rank,125,70,162
teacher_rank,125,71,140
teacher_rank,125,72,177
teacher_rank,125,73,172
teacher_rank,125,74,247
teacher_rank,125,75,144
teacher_rank,125,76,152
teacher_rank,125,77,220
teacher_rank,125,78,147
teacher_rank,125,79,270
teacher_rank,125,80,245
teacher_rank,125,81,178
teacher_rank,125,82,206
teacher_rank,125,83,211
teacher_rank,125,84,160
teacher_rank,125,85,186
teacher_rank,125,86,182
teacher_rank,125,87,242
teacher_rank,125,88,184
teacher_rank,125,89,146
teacher_rank,125,90,176
teacher_rank,125,91,251
teacher_rank,125,92,217
teacher_rank,125,93,209
teacher_rank,125,94,134
teacher_rank,125,95,234
teacher_rank,125,96,273
teacher_rank,125,97,191
teacher_rank,125,98,265
teacher_rank,125,99,229
teacher_rank,125,100,207
teacher_rank,125,101,244
teacher_rank,125,102,248
teacher_rank,125,103,272
teacher_rank,125,104,202
teacher_rank,125,105,151
teacher_rank,125,106,161
teacher_rank,125,107,238
teacher_rank,125,108,215
teacher_rank,125,109,204
teacher_rank,125,110,224
teacher_rank,125,111,239
teacher_rank,125,112,141
teacher_rank,125,113,236
teacher_rank,125,114,278
teacher_rank,125,115,237
teacher_rank,125,116,213
teacher_rank,125,117,216
teacher_rank,125,118,199
teacher_rank,125,119,231
teacher_rank,125,120,227
teacher_rank,125,121,196
teacher_rank,125,122,257
teacher_rank,125,123,192
teacher_rank,125,124,198
teacher_rank,125,125,190
teacher_rank,125,126,193
teacher_rank,125,127,255
teacher_rank,125,128,222
teacher_rank,125,129,165
teacher_rank,125,130,133
teacher_rank,125,131,260
teacher_rank,125,132,170
teacher_rank,125,133,179
teacher_rank,125,134,145
teacher_rank,125,135,171
teacher_rank,125,136,166
teacher_rank,125,137,163
teacher_rank,125,138,276
teacher_rank,125,139,274
teacher_rank,125,140,241
teacher_rank,125,141,263
teacher_rank,125,142,218
teacher_rank,125,143,138
teacher_rank,125,144,210
teacher_rank,125,145,132
teacher_rank,125,146,250
teacher_rank,125,147,280
teacher_rank,125,148,256
teacher_rank,125,149,232
teacher_rank,125,150,185
teacher_rank,126,1,193
teacher_rank,126,2,176
teacher_rank,126,3,174
teacher_rank,126,4,221
teacher_rank,126,5,249
teacher_rank,126,6,173
teacher_rank,126,7,200
teacher_rank,126,8,183
teacher_rank,126,9,232
teacher_rank,126,10,243
teacher_rank,126,11,234
teacher_rank,126,12,255
teacher_rank,126,13,170
teacher_rank,126,14,164
teacher_rank,126,15,258
teacher_rank,126,16,274
teacher_rank,126,17,278
teacher_rank,126,18,259
teacher_rank,126,19,257
teacher_rank,126,20,189
teacher_rank,126,21,264
teacher_rank,126,22,240
teacher_rank,126,23,253
teacher_rank,126,24,197
teacher_rank,126,25,132
teacher_rank,126,26,179
teacher_rank,126,27,134
teacher_rank,126,28,150
teacher_rank,126,29,266
teacher_rank,126,30,163
teacher_rank,126,31,262
teacher_rank,126,32,194
teacher_rank,126,33,223
teacher_rank,126,34,188
teacher_rank,126,35,246
teacher_rank,126,36,271
teacher_rank,126,37,222
teacher_rank,126,38,199
teacher_rank,126,39,231
teacher_rank,126,40,250
teacher_rank,126,41,208
teacher_rank,126,42,228
teacher_rank,126,43,275
teacher_rank,126,44,172
teacher_rank,126,45,171
teacher_rank,126,46,254
teacher_rank,126,47,182
teacher_rank,126,48,143
teacher_rank,126,49,146
teacher_rank,126,50,220
teacher_rank,126,51,161
teacher_rank,126,52,272
teacher_rank,126,53,178
teacher_rank,126,54,159
teacher_rank,126,55,165
teacher_rank,126,56,248
teacher_rank,126,57,229
teacher_rank,126,58,141
teacher_rank,126,59,267
teacher_rank,126,60,139
teacher_rank,126,61,251
teacher_rank,126,62,242
teacher_rank,126,63,196
teacher_rank,126,64,147
teacher_rank,126,65,218
teacher_rank,126,66,162
teacher_rank,126,67,154
teacher_rank,126,68,192
teacher_rank,126,69,144
teacher_rank,126,70,157
teacher_rank,126,71,181
teacher_rank,126,72,158
teacher_rank,126,73,245
teacher_rank,126,74,279
teacher_rank,126,75,270
teacher_rank,126,76,261
teacher_rank,126,77,151
teacher_rank,126,78,252
teacher_rank,126,79,227
teacher_rank,126,80,215
teacher_rank,126,81,160
teacher_rank,126,82,195
teacher_rank,126,83,226
teacher_rank,126,84,239
teacher_rank,126,85,191
teacher_rank,126,86,190
teacher_rank,126,87,207
teacher_rank,126,88,136
teacher_rank,126,89,152
teacher_rank,126,90,201
teacher_rank,126,91,265
teacher_rank,126,92,211
teacher_rank,126,93,137
teacher_rank,126,94,237
teacher_rank,126,95,187
teacher_rank,126,96,166
teacher_rank,126,97,263
teacher_rank,126,98,184
teacher_rank,126,99,268
teacher_rank,126,100,156
teacher_rank,126,101,247
teacher_rank,126,102,169
teacher_rank,126,103,175
teacher_rank,126,104,210
teacher_rank,126,105,216
teacher_rank,126,106,236
teacher_rank,126,107,148
teacher_rank,126,108,209
teacher_rank,126,109,177
teacher_rank,126,110,235
teacher_rank,126,111,238
teacher_rank,126,112,155
teacher_rank,126,113,256
teacher_rank,126,114,204
teacher_rank,126,115,140
teacher_rank,126,116,180
teacher_rank,126,117,276
teacher_rank,126,118,273
teacher_rank,126,119,233
teacher_rank,126,120,135
teacher_rank,126,121,198
teacher_rank,126,122,142
teacher_rank,126,123,269
teacher_rank,126,124,167
teacher_rank,126,125,205
teacher_rank,126,126,244
teacher_rank,126,127,206
teacher_rank,126,128,185
teacher_rank,126,129,202
teacher_rank,126,130,203
teacher_rank,126,131,225
teacher_rank,126,132,260
teacher_rank,126,133,168
teacher_rank,126,134,219
teacher_rank,126,135,133
teacher_rank,126,136,145
teacher_rank,126,137,186
teacher_rank,126,138,217
teacher_rank,126,139,131
teacher_rank,126,140,212
teacher_rank,126,141,224
teacher_rank,126,142,213
teacher_rank,126,143,149
teacher_rank,126,144,280
teacher_rank,126,145,241
teacher_rank,126,146,230
teacher_rank,126,147,153
teacher_rank,126,148,214
teacher_rank,126,149,277
teacher_rank,126,150,138
teacher_rank,129,1,221
teacher_rank,129,2,249
teacher_rank,129,3,173
teacher_rank,129,4,174
teacher_rank,129,5,259
teacher_rank,129,6,258
teacher_rank,129,7,200
teacher_rank,129,8,243
teacher_rank,129,9,183
teacher_rank,129,10,197
teacher_rank,129,11,223
teacher_rank,129,12,188
teacher_rank,129,13,246
teacher_rank,129,14,253
teacher_rank,129,15,240
teacher_rank,129,16,194
teacher_rank,129,17,264
teacher_rank,129,18,189
teacher_rank,129,19,266
teacher_rank,129,20,150
teacher_rank,129,21,164
teacher_rank,129,22,262
teacher_rank,129,23,271
teacher_rank,129,24,208
teacher_rank,129,25,228
teacher_rank,129,26,275
teacher_rank,129,27,172
teacher_rank,129,28,272
teacher_rank,129,29,161
teacher_rank,129,30,251
teacher_rank,129,31,270
teacher_rank,129,32,229
teacher_rank,129,33,190
teacher_rank,129,34,237
teacher_rank,129,35,257
teacher_rank,129,36,134
teacher_rank,129,37,234
teacher_rank,129,38,254
teacher_rank,129,39,159
teacher_rank,129,40,231
teacher_rank,129,41,182
teacher_rank,129,42,207
teacher_rank,129,43,141
teacher_rank,129,44,171
teacher_rank,129,45,157
teacher_rank,129,46,146
teacher_rank,129,47,176
teacher_rank,129,48,191
teacher_rank,129,49,201
teacher_rank,129,50,179
teacher_rank,129,51,158
teacher_rank,129,52,248
teacher_rank,129,53,213
teacher_rank,129,54,202
teacher_rank,129,55,143
teacher_rank,129,56,199
teacher_rank,129,57,215
teacher_rank,129,58,244
teacher_rank,129,59,195
teacher_rank,129,60,178
teacher_rank,129,61,181
teacher_rank,129,62,211
teacher_rank,129,63,226
teacher_rank,129,64,265
teacher_rank,129,65,220
teacher_rank,129,66,148
teacher_rank,129,67,160
teacher_rank,129,68,193
teacher_rank,129,69,245
teacher_rank,129,70,222
teacher_rank,129,71,278
teacher_rank,129,72,166
teacher_rank,129,73,216
teacher_rank,129,74,133
teacher_rank,129,75,142
teacher_rank,129,76,165
teacher_rank,129,77,217
teacher_rank,129,78,255
teacher_rank,129,79,205
teacher_rank,129,80,227
teacher_rank,129,81,152
teacher_rank,129,82,242
teacher_rank,129,83,144
teacher_rank,129,84,184
teacher_rank,129,85,267
teacher_rank,129,86,218
teacher_rank,129,87,233
teacher_rank,129,88,238
teacher_rank,129,89,219
teacher_rank,129,90,232
teacher_rank,129,91,198
teacher_rank,129,92,136
teacher_rank,129,93,145
teacher_rank,129,94,196
teacher_rank,129,95,239
teacher_rank,129,96,241
teacher_rank,129,97,192
teacher_rank,129,98,236
teacher_rank,129,99,279
teacher_rank,129,100,269
teacher_rank,129,101,169
teacher_rank,129,102,147
teacher_rank,129,103,155
teacher_rank,129,104,139
teacher_rank,129,105,273
teacher_rank,129,106,250
teacher_rank,129,107,209
teacher_rank,129,108,138
teacher_rank,129,109,175
teacher_rank,129,110,132
teacher_rank,129,111,274
teacher_rank,129,112,252
teacher_rank,129,113,180
teacher_rank,129,114,140
teacher_rank,129,115,156
teacher_rank,129,116,162
teacher_rank,129,117,235
teacher_rank,129,118,247
teacher_rank,129,119,151
teacher_rank,129,120,276
teacher_rank,129,121,135
teacher_rank,129,122,187
teacher_rank,129,123,186
teacher_rank,129,124,263
teacher_rank,129,125,260
teacher_rank,129,126,225
teacher_rank,129,127,204
teacher_rank,129,128,177
teacher_rank,129,129,212
teacher_rank,129,130,167
teacher_rank,129,131,206
teacher_rank,129,132,170
teacher_rank,129,133,131
teacher_rank,129,134,280
teacher_rank,129,135,154
teacher_rank,129,136,210
teacher_rank,129,137,268
teacher_rank,129,138,277
teacher_rank,129,139,153
teacher_rank,129,140,256
teacher_rank,129,141,137
teacher_rank,129,142,261
teacher_rank,129,143,163
teacher_rank,129,144,203
teacher_rank,129,145,168
teacher_rank,129,146,214
teacher_rank,129,147,185
teacher_rank,129,148,230
teacher_rank,129,149,149
teacher_rank,129,150,224
teacher_rank,130,1,146
teacher_rank,130,2,207
teacher_rank,130,3,141
teacher_rank,130,4,171
teacher_rank,130,5,248
teacher_rank,130,6,272
teacher_rank,130,7,182
teacher_rank,130,8,174
teacher_rank,130,9,213
teacher_rank,130,10,184
teacher_rank,130,11,242
teacher_rank,130,12,216
teacher_rank,130,13,221
teacher_rank,130,14,173
teacher_rank,130,15,270
teacher_rank,130,16,249
teacher_rank,130,17,265
teacher_rank,130,18,241
teacher_rank,130,19,166
teacher_rank,130,20,259
teacher_rank,130,21,200
teacher_rank,130,22,194
teacher_rank,130,23,244
teacher_rank,130,24,253
teacher_rank,130,25,197
teacher_rank,130,26,258
teacher_rank,130,27,215
teacher_rank,130,28,243
teacher_rank,130,29,183
teacher_rank,130,30,192
teacher_rank,130,31,165
teacher_rank,130,32,164
teacher_rank,130,33,210
teacher_rank,130,34,238
teacher_rank,130,35,264
teacher_rank,130,36,240
teacher_rank,130,37,223
teacher_rank,130,38,189
teacher_rank,130,39,188
teacher_rank,130,40,266
teacher_rank,130,41,256
teacher_rank,130,42,246
teacher_rank,130,43,150
teacher_rank,130,44,271
teacher_rank,130,45,262
teacher_rank,130,46,208
teacher_rank,130,47,275
teacher_rank,130,48,228
teacher_rank,130,49,172
teacher_rank,130,50,251
teacher_rank,130,51,143
teacher_rank,130,52,220
teacher_rank,130,53,190
teacher_rank,130,54,202
teacher_rank,130,55,160
teacher_rank,130,56,161
teacher_rank,130,57,229
teacher_rank,130,58,157
teacher_rank,130,59,178
teacher_rank,130,60,237
teacher_rank,130,61,142
teacher_rank,130,62,211
teacher_rank,130,63,227
teacher_rank,130,64,139
teacher_rank,130,65,209
teacher_rank,130,66,233
teacher_rank,130,67,191
teacher_rank,130,68,159
teacher_rank,130,69,279
teacher_rank,130,70,236
teacher_rank,130,71,156
teacher_rank,130,72,148
teacher_rank,130,73,181
teacher_rank,130,74,144
teacher_rank,130,75,152
teacher_rank,130,76,162
teacher_rank,130,77,151
teacher_rank,130,78,198
teacher_rank,130,79,133
teacher_rank,130,80,137
teacher_rank,130,81,247
teacher_rank,130,82,136
teacher_rank,130,83,180
teacher_rank,130,84,212
teacher_rank,130,85,201
teacher_rank,130,86,231
teacher_rank,130,87,187
teacher_rank,130,88,158
teacher_rank,130,89,175
teacher_rank,130,90,252
teacher_rank,130,91,147
teacher_rank,130,92,186
teacher_rank,130,93,196
teacher_rank,130,94,132
teacher_rank,130,95,204
teacher_rank,130,96,245
teacher_rank,130,97,134
teacher_rank,130,98,250
teacher_rank,130,99,195
teacher_rank,130,100,167
teacher_rank,130,101,170
teacher_rank,130,102,234
teacher_rank,130,103,269
teacher_rank,130,104,176
teacher_rank,130,105,254
teacher_rank,130,106,169
teacher_rank,130,107,263
teacher_rank,130,108,217
teacher_rank,130,109,155
teacher_rank,130,110,226
teacher_rank,130,111,219
teacher_rank,130,112,276
teacher_rank,130,113,218
teacher_rank,130,114,224
teacher_rank,130,115,193
teacher_rank,130,116,154
teacher_rank,130,117,168
teacher_rank,130,118,235
teacher_rank,130,119,268
teacher_rank,130,120,273
teacher_rank,130,121,135
teacher_rank,130,122,257
teacher_rank,130,123,153
teacher_rank,130,124,267
teacher_rank,130,125,205
teacher_rank,130,126,199
teacher_rank,130,127,149
teacher_rank,130,128,239
teacher_rank,130,129,179
teacher_rank,130,130,140
teacher_rank,130,131,222
teacher_rank,130,132,185
teacher_rank,130,133,232
teacher_rank,130,134,278
teacher_rank,130,135,145
teacher_rank,130,136,131
teacher_rank,130,137,261
teacher_rank,130,138,138
teacher_rank,130,139,163
teacher_rank,130,140,260
teacher_rank,130,141,230
teacher_rank,130,142,255
teacher_rank,130,143,225
teacher_rank,130,144,177
teacher_rank,130,145,206
teacher_rank,130,146,280
teacher_rank,130,147,277
teacher_rank,130,148,214
teacher_rank,130,149,274
teacher_rank,130,150,203
teacher_rank,132,1,207
teacher_rank,132,2,249
teacher_rank,132,3,173
teacher_rank,132,4,200
teacher_rank,132,5,146
teacher_rank,132,6,141
teacher_rank,132,7,182
teacher_rank,132,8,174
teacher_rank,132,9,248
teacher_rank,132,10,183
teacher_rank,132,11,221
teacher_rank,132,12,243
teacher_rank,132,13,272
teacher_rank,132,14,242
teacher_rank,132,15,213
teacher_rank,132,16,171
teacher_rank,132,17,184
teacher_rank,132,18,197
teacher_rank,132,19,258
teacher_rank,132,20,265
teacher_rank,132,21,210
teacher_rank,132,22,192
teacher_rank,132,23,259
teacher_rank,132,24,189
teacher_rank,132,25,264
teacher_rank,132,26,165
teacher_rank,132,27,253
teacher_rank,132,28,256
teacher_rank,132,29,271
teacher_rank,132,30,215
teacher_rank,132,31,240
teacher_rank,132,32,246
teacher_rank,132,33,241
teacher_rank,132,34,262
teacher_rank,132,35,216
teacher_rank,132,36,223
teacher_rank,132,37,270
teacher_rank,132,38,188
teacher_rank,132,39,164
teacher_rank,132,40,194
teacher_rank,132,41,244
teacher_rank,132,42,166
teacher_rank,132,43,238
teacher_rank,132,44,266
teacher_rank,132,45,150
teacher_rank,132,46,172
teacher_rank,132,47,208
teacher_rank,132,48,228
teacher_rank,132,49,275
teacher_rank,132,50,147
teacher_rank,132,51,176
teacher_rank,132,52,251
teacher_rank,132,53,190
teacher_rank,132,54,193
teacher_rank,132,55,236
teacher_rank,132,56,254
teacher_rank,132,57,159
teacher_rank,132,58,191
teacher_rank,132,59,196
teacher_rank,132,60,142
teacher_rank,132,61,237
teacher_rank,132,62,227
teacher_rank,132,63,160
teacher_rank,132,64,158
teacher_rank,132,65,202
teacher_rank,132,66,245
teacher_rank,132,67,148
teacher_rank,132,68,195
teacher_rank,132,69,181
teacher_rank,132,70,257
teacher_rank,132,71,205
teacher_rank,132,72,219
teacher_rank,132,73,273
teacher_rank,132,74,220
teacher_rank,132,75,234
teacher_rank,132,76,151
teacher_rank,132,77,134
teacher_rank,132,78,175
teacher_rank,132,79,229
teacher_rank,132,80,218
teacher_rank,132,81,143
teacher_rank,132,82,232
teacher_rank,132,83,157
teacher_rank,132,84,211
teacher_rank,132,85,280
teacher_rank,132,86,144
teacher_rank,132,87,178
teacher_rank,132,88,231
teacher_rank,132,89,239
teacher_rank,132,90,152
teacher_rank,132,91,226
teacher_rank,132,92,133
teacher_rank,132,93,233
teacher_rank,132,94,139
teacher_rank,132,95,255
teacher_rank,132,96,209
teacher_rank,132,97,155
teacher_rank,132,98,201
teacher_rank,132,99,162
teacher_rank,132,100,252
teacher_rank,132,101,180
teacher_rank,132,102,136
teacher_rank,132,103,268
teacher_rank,132,104,179
teacher_rank,132,105,222
teacher_rank,132,106,198
teacher_rank,132,107,161
teacher_rank,132,108,276
teacher_rank,132,109,156
teacher_rank,132,110,263
teacher_rank,132,111,154
teacher_rank,132,112,267
teacher_rank,132,113,278
teacher_rank,132,114,199
teacher_rank,132,115,217
teacher_rank,132,116,250
teacher_rank,132,117,247
teacher_rank,132,118,169
teacher_rank,132,119,187
teacher_rank,132,120,279
teacher_rank,132,121,137
teacher_rank,132,122,145
teacher_rank,132,123,269
teacher_rank,132,124,260
teacher_rank,132,125,167
teacher_rank,132,126,177
teacher_rank,132,127,225
teacher_rank,132,128,224
teacher_rank,132,129,204
teacher_rank,132,130,185
teacher_rank,132,131,235
teacher_rank,132,132,132
teacher_rank,132,133,261
teacher_rank,132,134,170
teacher_rank,132,135,140
teacher_rank,132,136,131
teacher_rank,132,137,230
teacher_rank,132,138,186
teacher_rank,132,139,135
teacher_rank,132,140,153
teacher_rank,132,141,212
teacher_rank,132,142,149
teacher_rank,132,143,203
teacher_rank,132,144,274
teacher_rank,132,145,206
teacher_rank,132,146,168
teacher_rank,132,147,138
teacher_rank,132,148,163
teacher_rank,132,149,277
teacher_rank,132,150,214
teacher_rank,133,1,207
teacher_rank,133,2,182
teacher_rank,133,3,272
teacher_rank,133,4,171
teacher_rank,133,5,141
teacher_rank,133,6,248
teacher_rank,133,7,265
teacher_rank,133,8,146
teacher_rank,133,9,184
teacher_rank,133,10,213
teacher_rank,133,11,165
teacher_rank,133,12,249
teacher_rank,133,13,221
teacher_rank,133,14,270
teacher_rank,133,15,242
teacher_rank,133,16,241
teacher_rank,133,17,173
teacher_rank,133,18,210
teacher_rank,133,19,215
teacher_rank,133,20,216
teacher_rank,133,21,200
teacher_rank,133,22,244
teacher_rank,133,23,238
teacher_rank,133,24,192
teacher_rank,133,25,174
teacher_rank,133,26,166
teacher_rank,133,27,243
teacher_rank,133,28,256
teacher_rank,133,29,197
teacher_rank,133,30,183
teacher_rank,133,31,258
teacher_rank,133,32,259
teacher_rank,133,33,189
teacher_rank,133,34,246
teacher_rank,133,35,253
teacher_rank,133,36,188
teacher_rank,133,37,240
teacher_rank,133,38,164
teacher_rank,133,39,264
teacher_rank,133,40,194
teacher_rank,133,41,262
teacher_rank,133,42,266
teacher_rank,133,43,271
teacher_rank,133,44,223
teacher_rank,133,45,150
teacher_rank,133,46,208
teacher_rank,133,47,275
teacher_rank,133,48,172
teacher_rank,133,49,228
teacher_rank,133,50,251
teacher_rank,133,51,190
teacher_rank,133,52,191
teacher_rank,133,53,159
teacher_rank,133,54,254
teacher_rank,133,55,229
teacher_rank,133,56,202
teacher_rank,133,57,227
teacher_rank,133,58,147
teacher_rank,133,59,201
teacher_rank,133,60,220
teacher_rank,133,61,158
teacher_rank,133,62,143
teacher_rank,133,63,157
teacher_rank,133,64,148
teacher_rank,133,65,178
teacher_rank,133,66,181
teacher_rank,133,67,196
teacher_rank,133,68,133
teacher_rank,133,69,195
teacher_rank,133,70,160
teacher_rank,133,71,236
teacher_rank,133,72,237
teacher_rank,133,73,211
teacher_rank,133,74,161
teacher_rank,133,75,176
teacher_rank,133,76,144
teacher_rank,133,77,233
teacher_rank,133,78,219
teacher_rank,133,79,245
teacher_rank,133,80,151
teacher_rank,133,81,152
teacher_rank,133,82,134
teacher_rank,133,83,175
teacher_rank,133,84,234
teacher_rank,133,85,193
teacher_rank,133,86,209
teacher_rank,133,87,142
teacher_rank,133,88,247
teacher_rank,133,89,205
teacher_rank,133,90,180
teacher_rank,133,91,139
teacher_rank,133,92,252
teacher_rank,133,93,231
teacher_rank,133,94,226
teacher_rank,133,95,239
teacher_rank,133,96,257
teacher_rank,133,97,267
teacher_rank,133,98,279
teacher_rank,133,99,260
teacher_rank,133,100,269
teacher_rank,133,101,156
teacher_rank,133,102,177
teacher_rank,133,103,136
teacher_rank,133,104,273
teacher_rank,133,105,162
teacher_rank,133,106,280
teacher_rank,133,107,232
teacher_rank,133,108,263
teacher_rank,133,109,179
teacher_rank,133,110,155
teacher_rank,133,111,169
teacher_rank,133,112,154
teacher_rank,133,113,276
teacher_rank,133,114,186
teacher_rank,133,115,225
teacher_rank,133,116,278
teacher_rank,133,117,198
teacher_rank,133,118,268
teacher_rank,133,119,140
teacher_rank,133,120,261
teacher_rank,133,121,217
teacher_rank,133,122,224
teacher_rank,133,123,212
teacher_rank,133,124,235
teacher_rank,133,125,170
teacher_rank,133,126,137
teacher_rank,133,127,187
teacher_rank,133,128,145
teacher_rank,133,129,185
teacher_rank,133,130,222
teacher_rank,133,131,255
teacher_rank,133,132,218
teacher_rank,133,133,206
teacher_rank,133,134,204
teacher_rank,133,135,153
teacher_rank,133,136,274
teacher_rank,133,137,135
teacher_rank,133,138,131
teacher_rank,133,139,230
teacher_rank,133,140,167
teacher_rank,133,141,277
teacher_rank,133,142,203
teacher_rank,133,143,199
teacher_rank,133,144,168
teacher_rank,133,145,149
teacher_rank,133,146,250
teacher_rank,133,147,214
teacher_rank,133,148,138
teacher_rank,133,149,163
teacher_rank,133,150,132
teacher_rank,138,1,182
teacher_rank,138,2,146
teacher_rank,138,3,184
teacher_rank,138,4,248
teacher_rank,138,5,171
teacher_rank,138,6,207
teacher_rank,138,7,141
teacher_rank,138,8,210
teacher_rank,138,9,192
teacher_rank,138,10,216
teacher_rank,138,11,242
teacher_rank,138,12,272
teacher_rank,138,13,256
teacher_rank,138,14,265
teacher_rank,138,15,165
teacher_rank,138,16,213
teacher_rank,138,17,238
teacher_rank,138,18,270
teacher_rank,138,19,215
teacher_rank,138,20,244
teacher_rank,138,21,166
teacher_rank,138,22,241
teacher_rank,138,23,174
teacher_rank,138,24,189
teacher_rank,138,25,173
teacher_rank,138,26,164
teacher_rank,138,27,243
teacher_rank,138,28,200
teacher_rank,138,29,197
teacher_rank,138,30,275
teacher_rank,138,31,249
teacher_rank,138,32,258
teacher_rank,138,33,262
teacher_rank,138,34,221
teacher_rank,138,35,240
teacher_rank,138,36,194
teacher_rank,138,37,266
teacher_rank,138,38,253
teacher_rank,138,39,271
teacher_rank,138,40,264
teacher_rank,138,41,183
teacher_rank,138,42,151
teacher_rank,138,43,208
teacher_rank,138,44,220
teacher_rank,138,45,224
teacher_rank,138,46,254
teacher_rank,138,47,234
teacher_rank,138,48,176
teacher_rank,138,49,178
teacher_rank,138,50,147
teacher_rank,138,51,196
teacher_rank,138,52,144
teacher_rank,138,53,246
teacher_rank,138,54,139
teacher_rank,138,55,162
teacher_rank,138,56,188
teacher_rank,138,57,251
teacher_rank,138,58,156
teacher_rank,138,59,247
teacher_rank,138,60,148
teacher_rank,138,61,259
teacher_rank,138,62,211
teacher_rank,138,63,169
teacher_rank,138,64,152
teacher_rank,138,65,202
teacher_rank,138,66,160
teacher_rank,138,67,181
teacher_rank,138,68,223
teacher_rank,138,69,153
teacher_rank,138,70,239
teacher_rank,138,71,218
teacher_rank,138,72,236
teacher_rank,138,73,159
teacher_rank,138,74,175
teacher_rank,138,75,150
teacher_rank,138,76,186
teacher_rank,138,77,193
teacher_rank,138,78,133
teacher_rank,138,79,209
teacher_rank,138,80,257
teacher_rank,138,81,154
teacher_rank,138,82,231
teacher_rank,138,83,232
teacher_rank,138,84,143
teacher_rank,138,85,261
teacher_rank,138,86,222
teacher_rank,138,87,227
teacher_rank,138,88,263
teacher_rank,138,89,279
teacher_rank,138,90,161
teacher_rank,138,91,245
teacher_rank,138,92,226
teacher_rank,138,93,191
teacher_rank,138,94,172
teacher_rank,138,95,136
teacher_rank,138,96,135
teacher_rank,138,97,195
teacher_rank,138,98,187
teacher_rank,138,99,268
teacher_rank,138,100,142
teacher_rank,138,101,199
teacher_rank,138,102,267
teacher_rank,138,103,134
teacher_rank,138,104,163
teacher_rank,138,105,217
teacher_rank,138,106,179
teacher_rank,138,107,252
teacher_rank,138,108,158
teacher_rank,138,109,137
teacher_rank,138,110,180
teacher_rank,138,111,190
teacher_rank,138,112,280
teacher_rank,138,113,278
teacher_rank,138,114,225
teacher_rank,138,115,235
teacher_rank,138,116,212
teacher_rank,138,117,206
teacher_rank,138,118,233
teacher_rank,138,119,177
teacher_rank,138,120,167
teacher_rank,138,121,140
teacher_rank,138,122,255
teacher_rank,138,123,201
teacher_rank,138,124,170
teacher_rank,138,125,229
teacher_rank,138,126,149
teacher_rank,138,127,228
teacher_rank,138,128,131
teacher_rank,138,129,155
teacher_rank,138,130,168
teacher_rank,138,131,205
teacher_rank,138,132,260
teacher_rank,138,133,204
teacher_rank,138,134,157
teacher_rank,138,135,276
teacher_rank,138,136,273
teacher_rank,138,137,203
teacher_rank,138,138,250
teacher_rank,138,139,198
teacher_rank,138,140,214
teacher_rank,138,141,269
teacher_rank,138,142,145
teacher_rank,138,143,185
teacher_rank,138,144,132
teacher_rank,138,145,274
teacher_rank,138,146,138
teacher_rank,138,147,230
teacher_rank,138,148,277
teacher_rank,138,149,219
teacher_rank,138,150,237
teacher_rank,141,1,176
teacher_rank,141,2,189
teacher_rank,141,3,193
teacher_rank,141,4,232
teacher_rank,141,5,178
teacher_rank,141,6,174
teacher_rank,141,7,236
teacher_rank,141,8,150
teacher_rank,141,9,257
teacher_rank,141,10,196
teacher_rank,141,11,255
teacher_rank,141,12,234
teacher_rank,141,13,170
teacher_rank,141,14,243
teacher_rank,141,15,179
teacher_rank,141,16,173
teacher_rank,141,17,278
teacher_rank,141,18,194
teacher_rank,141,19,274
teacher_rank,141,20,271
teacher_rank,141,21,258
teacher_rank,141,22,188
teacher_rank,141,23,249
teacher_rank,141,24,132
teacher_rank,141,25,134
teacher_rank,141,26,228
teacher_rank,141,27,163
teacher_rank,141,28,172
teacher_rank,141,29,231
teacher_rank,141,30,259
teacher_rank,141,31,199
teacher_rank,141,32,164
teacher_rank,141,33,250
teacher_rank,141,34,222
teacher_rank,141,35,253
teacher_rank,141,36,221
teacher_rank,141,37,223
teacher_rank,141,38,280
teacher_rank,141,39,266
teacher_rank,141,40,154
teacher_rank,141,41,254
teacher_rank,141,42,182
teacher_rank,141,43,218
teacher_rank,141,44,165
teacher_rank,141,45,171
teacher_rank,141,46,200
teacher_rank,141,47,210
teacher_rank,141,48,151
teacher_rank,141,49,159
teacher_rank,141,50,267
teacher_rank,141,51,175
teacher_rank,141,52,268
teacher_rank,141,53,185
teacher_rank,141,54,247
teacher_rank,141,55,143
teacher_rank,141,56,148
teacher_rank,141,57,265
teacher_rank,141,58,201
teacher_rank,141,59,239
teacher_rank,141,60,252
teacher_rank,141,61,139
teacher_rank,141,62,226
teacher_rank,141,63,192
teacher_rank,141,64,181
teacher_rank,141,65,187
teacher_rank,141,66,220
teacher_rank,141,67,180
teacher_rank,141,68,256
teacher_rank,141,69,141
teacher_rank,141,70,137
teacher_rank,141,71,263
teacher_rank,141,72,272
teacher_rank,141,73,168
teacher_rank,141,74,160
teacher_rank,141,75,166
teacher_rank,141,76,162
teacher_rank,141,77,273
teacher_rank,141,78,136
teacher_rank,141,79,140
teacher_rank,141,80,161
teacher_rank,141,81,144
teacher_rank,141,82,251
teacher_rank,141,83,177
teacher_rank,141,84,209
teacher_rank,141,85,206
teacher_rank,141,86,262
teacher_rank,141,87,183
teacher_rank,141,88,169
teacher_rank,141,89,276
teacher_rank,141,90,146
teacher_rank,141,91,211
teacher_rank,141,92,245
teacher_rank,141,93,217
teacher_rank,141,94,156
teacher_rank,141,95,207
teacher_rank,141,96,208
teacher_rank,141,97,147
teacher_rank,141,98,260
teacher_rank,141,99,167
teacher_rank,141,100,248
teacher_rank,141,101,191
teacher_rank,141,102,233
teacher_rank,141,103,142
teacher_rank,141,104,270
teacher_rank,141,105,242
teacher_rank,141,106,235
teacher_rank,141,107,152
teacher_rank,141,108,279
teacher_rank,141,109,269
teacher_rank,141,110,202
teacher_rank,141,111,216
teacher_rank,141,112,157
teacher_rank,141,113,195
teacher_rank,141,114,155
teacher_rank,141,115,261
teacher_rank,141,116,158
teacher_rank,141,117,240
teacher_rank,141,118,133
teacher_rank,141,119,190
teacher_rank,141,120,197
teacher_rank,141,121,131
teacher_rank,141,122,229
teacher_rank,141,123,198
teacher_rank,141,124,225
teacher_rank,141,125,145
teacher_rank,141,126,230
teacher_rank,141,127,264
teacher_rank,141,128,227
teacher_rank,141,129,204
teacher_rank,141,130,184
teacher_rank,141,131,135
teacher_rank,141,132,219
teacher_rank,141,133,238
teacher_rank,141,134,205
teacher_rank,141,135,153
teacher_rank,141,136,186
teacher_rank,141,137,215
teacher_rank,141,138,246
teacher_rank,141,139,213
teacher_rank,141,140,149
teacher_rank,141,141,138
teacher_rank,141,142,275
teacher_rank,141,143,203
teacher_rank,141,144,237
teacher_rank,141,145,212
teacher_rank,141,146,244
teacher_rank,141,147,277
teacher_rank,141,148,214
teacher_rank,141,149,224
teacher_rank,141,150,241
teacher_rank,142,1,183
teacher_rank,142,2,207
teacher_rank,142,3,269
teacher_rank,142,4,146
teacher_rank,142,5,173
teacher_rank,142,6,182
teacher_rank,142,7,174
teacher_rank,142,8,248
teacher_rank,142,9,181
teacher_rank,142,10,200
teacher_rank,142,11,221
teacher_rank,142,12,184
teacher_rank,142,13,249
teacher_rank,142,14,213
teacher_rank,142,15,175
teacher_rank,142,16,141
teacher_rank,142,17,171
teacher_rank,142,18,242
teacher_rank,142,19,258
teacher_rank,142,20,148
teacher_rank,142,21,243
teacher_rank,142,22,238
teacher_rank,142,23,201
teacher_rank,142,24,233
teacher_rank,142,25,259
teacher_rank,142,26,189
teacher_rank,142,27,188
teacher_rank,142,28,197
teacher_rank,142,29,216
teacher_rank,142,30,210
teacher_rank,142,31,272
teacher_rank,142,32,139
teacher_rank,142,33,192
teacher_rank,142,34,253
teacher_rank,142,35,277
teacher_rank,142,36,265
teacher_rank,142,37,240
teacher_rank,142,38,212
teacher_rank,142,39,264
teacher_rank,142,40,194
teacher_rank,142,41,165
teacher_rank,142,42,256
teacher_rank,142,43,154
teacher_rank,142,44,223
teacher_rank,142,45,131
teacher_rank,142,46,164
teacher_rank,142,47,246
teacher_rank,142,48,156
teacher_rank,142,49,215
teacher_rank,142,50,270
teacher_rank,142,51,262
teacher_rank,142,52,271
teacher_rank,142,53,166
teacher_rank,142,54,266
teacher_rank,142,55,205
teacher_rank,142,56,150
teacher_rank,142,57,162
teacher_rank,142,58,235
teacher_rank,142,59,241
teacher_rank,142,60,142
teacher_rank,142,61,214
teacher_rank,142,62,208
teacher_rank,142,63,244
teacher_rank,142,64,153
teacher_rank,142,65,172
teacher_rank,142,66,275
teacher_rank,142,67,228
teacher_rank,142,68,147
teacher_rank,142,69,234
teacher_rank,142,70,155
teacher_rank,142,71,176
teacher_rank,142,72,254
teacher_rank,142,73,251
teacher_rank,142,74,191
teacher_rank,142,75,237
teacher_rank,142,76,247
teacher_rank,142,77,159
teacher_rank,142,78,144
teacher_rank,142,79,196
teacher_rank,142,80,227
teacher_rank,142,81,151
teacher_rank,142,82,193
teacher_rank,142,83,220
teacher_rank,142,84,152
teacher_rank,142,85,160
teacher_rank,142,86,229
teacher_rank,142,87,178
teacher_rank,142,88,133
teacher_rank,142,89,190
teacher_rank,142,90,136
teacher_rank,142,91,222
teacher_rank,142,92,202
teacher_rank,142,93,180
teacher_rank,142,94,245
teacher_rank,142,95,218
teacher_rank,142,96,134
teacher_rank,142,97,195
teacher_rank,142,98,257
teacher_rank,142,99,169
teacher_rank,142,100,145
teacher_rank,142,101,260
teacher_rank,142,102,255
teacher_rank,142,103,158
teacher_rank,142,104,226
teacher_rank,142,105,231
teacher_rank,142,106,211
teacher_rank,142,107,161
teacher_rank,142,108,177
teacher_rank,142,109,140
teacher_rank,142,110,225
teacher_rank,142,111,236
teacher_rank,142,112,157
teacher_rank,142,113,232
teacher_rank,142,114,209
teacher_rank,142,115,179
teacher_rank,142,116,137
teacher_rank,142,117,204
teacher_rank,142,118,217
teacher_rank,142,119,263
teacher_rank,142,120,239
teacher_rank,142,121,163
teacher_rank,142,122,199
teacher_rank,142,123,143
teacher_rank,142,124,279
teacher_rank,142,125,252
teacher_rank,142,126,261
teacher_rank,142,127,198
teacher_rank,142,128,268
teacher_rank,142,129,224
teacher_rank,142,130,250
teacher_rank,142,131,168
teacher_rank,142,132,267
teacher_rank,142,133,280
teacher_rank,142,134,206
teacher_rank,142,135,219
teacher_rank,142,136,186
teacher_rank,142,137,149
teacher_rank,142,138,187
teacher_rank,142,139,273
teacher_rank,142,140,170
teacher_rank,142,141,132
teacher_rank,142,142,185
teacher_rank,142,143,278
teacher_rank,142,144,276
teacher_rank,142,145,167
teacher_rank,142,146,230
teacher_rank,142,147,135
teacher_rank,142,148,138
teacher_rank,142,149,203
teacher_rank,142,150,274
teacher_rank,143,1,207
teacher_rank,143,2,146
teacher_rank,143,3,184
teacher_rank,143,4,182
teacher_rank,143,5,248
teacher_rank,143,6,183
teacher_rank,143,7,213
teacher_rank,143,8,269
teacher_rank,143,9,242
teacher_rank,143,10,141
teacher_rank,143,11,173
teacher_rank,143,12,221
teacher_rank,143,13,238
teacher_rank,143,14,174
teacher_rank,143,15,181
teacher_rank,143,16,249
teacher_rank,143,17,171
teacher_rank,143,18,272
teacher_rank,143,19,216
teacher_rank,143,20,192
teacher_rank,143,21,258
teacher_rank,143,22,210
teacher_rank,143,23,265
teacher_rank,143,24,200
teacher_rank,143,25,175
teacher_rank,143,26,148
teacher_rank,143,27,277
teacher_rank,143,28,270
teacher_rank,143,29,259
teacher_rank,143,30,256
teacher_rank,143,31,188
teacher_rank,143,32,240
teacher_rank,143,33,212
teacher_rank,143,34,253
teacher_rank,143,35,215
teacher_rank,143,36,201
teacher_rank,143,37,165
teacher_rank,143,38,243
teacher_rank,143,39,241
teacher_rank,143,40,244
teacher_rank,143,41,194
teacher_rank,143,42,264
teacher_rank,143,43,233
teacher_rank,143,44,189
teacher_rank,143,45,197
teacher_rank,143,46,166
teacher_rank,143,47,266
teacher_rank,143,48,223
teacher_rank,143,49,139
teacher_rank,143,50,156
teacher_rank,143,51,131
teacher_rank,143,52,246
teacher_rank,143,53,214
teacher_rank,143,54,164
teacher_rank,143,55,153
teacher_rank,143,56,205
teacher_rank,143,57,150
teacher_rank,143,58,154
teacher_rank,143,59,271
teacher_rank,143,60,142
teacher_rank,143,61,208
teacher_rank,143,62,235
teacher_rank,143,63,262
teacher_rank,143,64,275
teacher_rank,143,65,162
teacher_rank,143,66,228
teacher_rank,143,67,172
teacher_rank,143,68,147
teacher_rank,143,69,191
teacher_rank,143,70,254
teacher_rank,143,71,227
teacher_rank,143,72,144
teacher_rank,143,73,155
teacher_rank,143,74,133
teacher_rank,143,75,202
teacher_rank,143,76,234
teacher_rank,143,77,251
teacher_rank,143,78,169
teacher_rank,143,79,229
teacher_rank,143,80,237
teacher_rank,143,81,247
teacher_rank,143,82,176
teacher_rank,143,83,195
teacher_rank,143,84,159
teacher_rank,143,85,152
teacher_rank,143,86,245
teacher_rank,143,87,196
teacher_rank,143,88,178
teacher_rank,143,89,220
teacher_rank,143,90,134
teacher_rank,143,91,136
teacher_rank,143,92,158
teacher_rank,143,93,279
teacher_rank,143,94,217
teacher_rank,143,95,151
teacher_rank,143,96,224
teacher_rank,143,97,160
teacher_rank,143,98,225
teacher_rank,143,99,190
teacher_rank,143,100,211
teacher_rank,143,101,161
teacher_rank,143,102,163
teacher_rank,143,103,145
teacher_rank,143,104,226
teacher_rank,143,105,193
teacher_rank,143,106,140
teacher_rank,143,107,180
teacher_rank,143,108,198
teacher_rank,143,109,222
teacher_rank,143,110,260
teacher_rank,143,111,157
teacher_rank,143,112,239
teacher_rank,143,113,204
teacher_rank,143,114,261
teacher_rank,143,115,137
teacher_rank,143,116,209
teacher_rank,143,117,149
teacher_rank,143,118,280
teacher_rank,143,119,255
teacher_rank,143,120,186
teacher_rank,143,121,168
teacher_rank,143,122,236
teacher_rank,143,123,231
teacher_rank,143,124,135
teacher_rank,143,125,143
teacher_rank,143,126,267
teacher_rank,143,127,177
teacher_rank,143,128,170
teacher_rank,143,129,132
teacher_rank,143,130,206
teacher_rank,143,131,257
teacher_rank,143,132,219
teacher_rank,143,133,179
teacher_rank,143,134,263
teacher_rank,143,135,252
teacher_rank,143,136,250
teacher_rank,143,137,203
teacher_rank,143,138,199
teacher_rank,143,139,218
teacher_rank,143,140,138
teacher_rank,143,141,167
teacher_rank,143,142,276
teacher_rank,143,143,268
teacher_rank,143,144,278
teacher_rank,143,145,187
teacher_rank,143,146,273
teacher_rank,143,147,232
teacher_rank,143,148,274
teacher_rank,143,149,230
teacher_rank,143,150,185
teacher_rank,144,1,183
teacher_rank,144,2,207
teacher_rank,144,3,182
teacher_rank,144,4,173
teacher_rank,144,5,174
teacher_rank,144,6,200
teacher_rank,144,7,146
teacher_rank,144,8,248
teacher_rank,144,9,249
teacher_rank,144,10,181
teacher_rank,144,11,171
teacher_rank,144,12,242
teacher_rank,144,13,175
teacher_rank,144,14,243
teacher_rank,144,15,269
teacher_rank,144,16,221
teacher_rank,144,17,141
teacher_rank,144,18,201
teacher_rank,144,19,210
teacher_rank,144,20,213
teacher_rank,144,21,148
teacher_rank,144,22,233
teacher_rank,144,23,184
teacher_rank,144,24,189
teacher_rank,144,25,258
teacher_rank,144,26,272
teacher_rank,144,27,192
teacher_rank,144,28,139
teacher_rank,144,29,165
teacher_rank,144,30,259
teacher_rank,144,31,265
teacher_rank,144,32,154
teacher_rank,144,33,216
teacher_rank,144,34,253
teacher_rank,144,35,197
teacher_rank,144,36,240
teacher_rank,144,37,164
teacher_rank,144,38,256
teacher_rank,144,39,264
teacher_rank,144,40,188
teacher_rank,144,41,277
teacher_rank,144,42,238
teacher_rank,144,43,262
teacher_rank,144,44,212
teacher_rank,144,45,271
teacher_rank,144,46,246
teacher_rank,144,47,156
teacher_rank,144,48,223
teacher_rank,144,49,194
teacher_rank,144,50,162
teacher_rank,144,51,270
teacher_rank,144,52,215
teacher_rank,144,53,142
teacher_rank,144,54,131
teacher_rank,144,55,266
teacher_rank,144,56,166
teacher_rank,144,57,235
teacher_rank,144,58,150
teacher_rank,144,59,205
teacher_rank,144,60,241
teacher_rank,144,61,244
teacher_rank,144,62,214
teacher_rank,144,63,153
teacher_rank,144,64,208
teacher_rank,144,65,172
teacher_rank,144,66,275
teacher_rank,144,67,228
teacher_rank,144,68,147
teacher_rank,144,69,251
teacher_rank,144,70,234
teacher_rank,144,71,176
teacher_rank,144,72,254
teacher_rank,144,73,159
teacher_rank,144,74,220
teacher_rank,144,75,191
teacher_rank,144,76,231
teacher_rank,144,77,218
teacher_rank,144,78,247
teacher_rank,144,79,236
teacher_rank,144,80,155
teacher_rank,144,81,237
teacher_rank,144,82,143
teacher_rank,144,83,160
teacher_rank,144,84,196
teacher_rank,144,85,232
teacher_rank,144,86,144
teacher_rank,144,87,190
teacher_rank,144,88,226
teacher_rank,144,89,180
teacher_rank,144,90,178
teacher_rank,144,91,257
teacher_rank,144,92,193
teacher_rank,144,93,151
teacher_rank,144,94,252
teacher_rank,144,95,209
teacher_rank,144,96,202
teacher_rank,144,97,227
teacher_rank,144,98,136
teacher_rank,144,99,222
teacher_rank,144,100,152
teacher_rank,144,101,229
teacher_rank,144,102,263
teacher_rank,144,103,245
teacher_rank,144,104,169
teacher_rank,144,105,195
teacher_rank,144,106,134
teacher_rank,144,107,133
teacher_rank,144,108,158
teacher_rank,144,109,239
teacher_rank,144,110,260
teacher_rank,144,111,255
teacher_rank,144,112,211
teacher_rank,144,113,268
teacher_rank,144,114,137
teacher_rank,144,115,250
teacher_rank,144,116,179
teacher_rank,144,117,145
teacher_rank,144,118,273
teacher_rank,144,119,267
teacher_rank,144,120,177
teacher_rank,144,121,217
teacher_rank,144,122,187
teacher_rank,144,123,157
teacher_rank,144,124,199
teacher_rank,144,125,219
teacher_rank,144,126,278
teacher_rank,144,127,161
teacher_rank,144,128,198
teacher_rank,144,129,140
teacher_rank,144,130,204
teacher_rank,144,131,261
teacher_rank,144,132,279
teacher_rank,144,133,185
teacher_rank,144,134,276
teacher_rank,144,135,225
teacher_rank,144,136,167
teacher_rank,144,137,280
teacher_rank,144,138,230
teacher_rank,144,139,170
teacher_rank,144,140,132
teacher_rank,144,141,206
teacher_rank,144,142,186
teacher_rank,144,143,224
teacher_rank,144,144,168
teacher_rank,144,145,149
teacher_rank,144,146,163
teacher_rank,144,147,135
teacher_rank,144,148,203
teacher_rank,144,149,138
teacher_rank,144,150,274
teacher_rank,145,1,200
teacher_rank,145,2,173
teacher_rank,145,3,174
teacher_rank,145,4,221
teacher_rank,145,5,243
teacher_rank,145,6,249
teacher_rank,145,7,197
teacher_rank,145,8,183
teacher_rank,145,9,258
teacher_rank,145,10,240
teacher_rank,145,11,207
teacher_rank,145,12,189
teacher_rank,145,13,164
teacher_rank,145,14,194
teacher_rank,145,15,253
teacher_rank,145,16,182
teacher_rank,145,17,248
teacher_rank,145,18,146
teacher_rank,145,19,262
teacher_rank,145,20,264
teacher_rank,145,21,266
teacher_rank,145,22,141
teacher_rank,145,23,171
teacher_rank,145,24,259
teacher_rank,145,25,188
teacher_rank,145,26,272
teacher_rank,145,27,184
teacher_rank,145,28,275
teacher_rank,145,29,246
teacher_rank,145,30,223
teacher_rank,145,31,210
teacher_rank,145,32,242
teacher_rank,145,33,265
teacher_rank,145,34,192
teacher_rank,145,35,213
teacher_rank,145,36,271
teacher_rank,145,37,216
teacher_rank,145,38,208
teacher_rank,145,39,165
teacher_rank,145,40,256
teacher_rank,145,41,241
teacher_rank,145,42,238
teacher_rank,145,43,150
teacher_rank,145,44,270
teacher_rank,145,45,244
teacher_rank,145,46,215
teacher_rank,145,47,166
teacher_rank,145,48,228
teacher_rank,145,49,172
teacher_rank,145,50,147
teacher_rank,145,51,220
teacher_rank,145,52,151
teacher_rank,145,53,251
teacher_rank,145,54,178
teacher_rank,145,55,254
teacher_rank,145,56,196
teacher_rank,145,57,236
teacher_rank,145,58,211
teacher_rank,145,59,144
teacher_rank,145,60,148
teacher_rank,145,61,224
teacher_rank,145,62,190
teacher_rank,145,63,201
teacher_rank,145,64,159
teacher_rank,145,65,152
teacher_rank,145,66,181
teacher_rank,145,67,162
teacher_rank,145,68,160
teacher_rank,145,69,227
teacher_rank,145,70,139
teacher_rank,145,71,247
teacher_rank,145,72,156
teacher_rank,145,73,175
teacher_rank,145,74,234
teacher_rank,145,75,191
teacher_rank,145,76,202
teacher_rank,145,77,143
teacher_rank,145,78,186
teacher_rank,145,79,142
teacher_rank,145,80,245
teacher_rank,145,81,209
teacher_rank,145,82,176
teacher_rank,145,83,157
teacher_rank,145,84,133
teacher_rank,145,85,229
teacher_rank,145,86,158
teacher_rank,145,87,235
teacher_rank,145,88,226
teacher_rank,145,89,161
teacher_rank,145,90,233
teacher_rank,145,91,231
teacher_rank,145,92,239
teacher_rank,145,93,280
teacher_rank,145,94,195
teacher_rank,145,95,153
teacher_rank,145,96,134
teacher_rank,145,97,269
teacher_rank,145,98,212
teacher_rank,145,99,136
teacher_rank,145,100,237
teacher_rank,145,101,169
teacher_rank,145,102,205
teacher_rank,145,103,225
teacher_rank,145,104,180
teacher_rank,145,105,252
teacher_rank,145,106,279
teacher_rank,145,107,193
teacher_rank,145,108,206
teacher_rank,145,109,261
teacher_rank,145,110,154
teacher_rank,145,111,267
teacher_rank,145,112,278
teacher_rank,145,113,257
teacher_rank,145,114,217
teacher_rank,145,115,268
teacher_rank,145,116,273
teacher_rank,145,117,222
teacher_rank,145,118,263
teacher_rank,145,119,232
teacher_rank,145,120,177
teacher_rank,145,121,187
teacher_rank,145,122,137
teacher_rank,145,123,219
teacher_rank,145,124,155
teacher_rank,145,125,260
teacher_rank,145,126,140
teacher_rank,145,127,179
teacher_rank,145,128,276
teacher_rank,145,129,277
teacher_rank,145,130,198
teacher_rank,145,131,218
teacher_rank,145,132,163
teacher_rank,145,133,167
teacher_rank,145,134,255
teacher_rank,145,135,274
teacher_rank,145,136,135
teacher_rank,145,137,204
teacher_rank,145,138,145
teacher_rank,145,139,131
teacher_rank,145,140,170
teacher_rank,145,141,185
teacher_rank,145,142,250
teacher_rank,145,143,138
teacher_rank,145,144,230
teacher_rank,145,145,168
teacher_rank,145,146,214
teacher_rank,145,147,149
teacher_rank,145,148,199
teacher_rank,145,149,203
teacher_rank,145,150,132
teacher_rank,147,1,146
teacher_rank,147,2,141
teacher_rank,147,3,207
teacher_rank,147,4,272
teacher_rank,147,5,171
teacher_rank,147,6,213
teacher_rank,147,7,248
teacher_rank,147,8,182
teacher_rank,147,9,184
teacher_rank,147,10,242
teacher_rank,147,11,216
teacher_rank,147,12,270
teacher_rank,147,13,174
teacher_rank,147,14,166
teacher_rank,147,15,244
teacher_rank,147,16,265
teacher_rank,147,17,249
teacher_rank,147,18,221
teacher_rank,147,19,173
teacher_rank,147,20,241
teacher_rank,147,21,183
teacher_rank,147,22,264
teacher_rank,147,23,253
teacher_rank,147,24,192
teacher_rank,147,25,238
teacher_rank,147,26,165
teacher_rank,147,27,215
teacher_rank,147,28,194
teacher_rank,147,29,210
teacher_rank,147,30,259
teacher_rank,147,31,200
teacher_rank,147,32,258
teacher_rank,147,33,240
teacher_rank,147,34,188
teacher_rank,147,35,150
teacher_rank,147,36,223
teacher_rank,147,37,164
teacher_rank,147,38,243
teacher_rank,147,39,256
teacher_rank,147,40,197
teacher_rank,147,41,266
teacher_rank,147,42,246
teacher_rank,147,43,228
teacher_rank,147,44,189
teacher_rank,147,45,271
teacher_rank,147,46,262
teacher_rank,147,47,208
teacher_rank,147,48,275
teacher_rank,147,49,172
teacher_rank,147,50,202
teacher_rank,147,51,251
teacher_rank,147,52,229
teacher_rank,147,53,143
teacher_rank,147,54,227
teacher_rank,147,55,161
teacher_rank,147,56,237
teacher_rank,147,57,191
teacher_rank,147,58,132
teacher_rank,147,59,250
teacher_rank,147,60,190
teacher_rank,147,61,234
teacher_rank,147,62,199
teacher_rank,147,63,209
teacher_rank,147,64,231
teacher_rank,147,65,198
teacher_rank,147,66,236
teacher_rank,147,67,217
teacher_rank,147,68,252
teacher_rank,147,69,134
teacher_rank,147,70,160
teacher_rank,147,71,142
teacher_rank,147,72,159
teacher_rank,147,73,133
teacher_rank,147,74,233
teacher_rank,147,75,187
teacher_rank,147,76,226
teacher_rank,147,77,274
teacher_rank,147,78,170
teacher_rank,147,79,279
teacher_rank,147,80,220
teacher_rank,147,81,179
teacher_rank,147,82,167
teacher_rank,147,83,139
teacher_rank,147,84,169
teacher_rank,147,85,147
teacher_rank,147,86,148
teacher_rank,147,87,155
teacher_rank,147,88,267
teacher_rank,147,89,168
teacher_rank,147,90,257
teacher_rank,147,91,149
teacher_rank,147,92,135
teacher_rank,147,93,156
teacher_rank,147,94,137
teacher_rank,147,95,157
teacher_rank,147,96,235
teacher_rank,147,97,138
teacher_rank,147,98,212
teacher_rank,147,99,201
teacher_rank,147,100,180
teacher_rank,147,101,269
teacher_rank,147,102,255
teacher_rank,147,103,278
teacher_rank,147,104,211
teacher_rank,147,105,136
teacher_rank,147,106,181
teacher_rank,147,107,178
teacher_rank,147,108,154
teacher_rank,147,109,218
teacher_rank,147,110,245
teacher_rank,147,111,268
teacher_rank,147,112,222
teacher_rank,147,113,239
teacher_rank,147,114,276
teacher_rank,147,115,140
teacher_rank,147,116,163
teacher_rank,147,117,263
teacher_rank,147,118,219
teacher_rank,147,119,195
teacher_rank,147,120,232
teacher_rank,147,121,158
teacher_rank,147,122,186
teacher_rank,147,123,204
teacher_rank,147,124,176
teacher_rank,147,125,162
teacher_rank,147,126,273
teacher_rank,147,127,254
teacher_rank,147,128,205
teacher_rank,147,129,144
teacher_rank,147,130,152
teacher_rank,147,131,145
teacher_rank,147,132,247
teacher_rank,147,133,131
teacher_rank,147,134,196
teacher_rank,147,135,175
teacher_rank,147,136,151
teacher_rank,147,137,153
teacher_rank,147,138,260
teacher_rank,147,139,224
teacher_rank,147,140,193
teacher_rank,147,141,185
teacher_rank,147,142,280
teacher_rank,147,143,214
teacher_rank,147,144,261
teacher_rank,147,145,277
teacher_rank,147,146,203
teacher_rank,147,147,225
teacher_rank,147,148,230
teacher_rank,147,149,177
teacher_rank,147,150,206
teacher_rank,150,1,189
teacher_rank,150,2,236
teacher_rank,150,3,194
teacher_rank,150,4,182
teacher_rank,150,5,174
teacher_rank,150,6,173
teacher_rank,150,7,196
teacher_rank,150,8,176
teacher_rank,150,9,188
teacher_rank,150,10,150
teacher_rank,150,11,210
teacher_rank,150,12,232
teacher_rank,150,13,257
teacher_rank,150,14,249
teacher_rank,150,15,193
teacher_rank,150,16,234
teacher_rank,150,17,258
teacher_rank,150,18,271
teacher_rank,150,19,170
teacher_rank,150,20,178
teacher_rank,150,21,255
teacher_rank,150,22,207
teacher_rank,150,23,243
teacher_rank,150,24,146
teacher_rank,150,25,179
teacher_rank,150,26,278
teacher_rank,150,27,228
teacher_rank,150,28,248
teacher_rank,150,29,172
teacher_rank,150,30,274
teacher_rank,150,31,192
teacher_rank,150,32,171
teacher_rank,150,33,253
teacher_rank,150,34,141
teacher_rank,150,35,256
teacher_rank,150,36,132
teacher_rank,150,37,265
teacher_rank,150,38,199
teacher_rank,150,39,164
teacher_rank,150,40,216
teacher_rank,150,41,184
teacher_rank,150,42,163
teacher_rank,150,43,272
teacher_rank,150,44,259
teacher_rank,150,45,231
teacher_rank,150,46,221
teacher_rank,150,47,242
teacher_rank,150,48,213
teacher_rank,150,49,280
teacher_rank,150,50,134
teacher_rank,150,51,165
teacher_rank,150,52,166
teacher_rank,150,53,266
teacher_rank,150,54,250
teacher_rank,150,55,222
teacher_rank,150,56,223
teacher_rank,150,57,244
teacher_rank,150,58,215
teacher_rank,150,59,241
teacher_rank,150,60,270
teacher_rank,150,61,238
teacher_rank,150,62,218
teacher_rank,150,63,239
teacher_rank,150,64,267
teacher_rank,150,65,200
teacher_rank,150,66,151
teacher_rank,150,67,254
teacher_rank,150,68,251
teacher_rank,150,69,154
teacher_rank,150,70,202
teacher_rank,150,71,262
teacher_rank,150,72,191
teacher_rank,150,73,264
teacher_rank,150,74,247
teacher_rank,150,75,159
teacher_rank,150,76,226
teacher_rank,150,77,168
teacher_rank,150,78,275
teacher_rank,150,79,252
teacher_rank,150,80,268
teacher_rank,150,81,147
teacher_rank,150,82,183
teacher_rank,150,83,185
teacher_rank,150,84,240
teacher_rank,150,85,175
teacher_rank,150,86,140
teacher_rank,150,87,276
teacher_rank,150,88,133
teacher_rank,150,89,148
teacher_rank,150,90,263
teacher_rank,150,91,169
teacher_rank,150,92,139
teacher_rank,150,93,187
teacher_rank,150,94,137
teacher_rank,150,95,143
teacher_rank,150,96,206
teacher_rank,150,97,156
teacher_rank,150,98,273
teacher_rank,150,99,227
teacher_rank,150,100,209
teacher_rank,150,101,208
teacher_rank,150,102,145
teacher_rank,150,103,160
teacher_rank,150,104,180
teacher_rank,150,105,220
teacher_rank,150,106,224
teacher_rank,150,107,217
teacher_rank,150,108,177
teacher_rank,150,109,245
teacher_rank,150,110,161
teacher_rank,150,111,162
teacher_rank,150,112,269
teacher_rank,150,113,136
teacher_rank,150,114,246
teacher_rank,150,115,201
teacher_rank,150,116,197
teacher_rank,150,117,260
teacher_rank,150,118,135
teacher_rank,150,119,155
teacher_rank,150,120,235
teacher_rank,150,121,233
teacher_rank,150,122,211
teacher_rank,150,123,152
teacher_rank,150,124,131
teacher_rank,150,125,195
teacher_rank,150,126,261
teacher_rank,150,127,229
teacher_rank,150,128,144
teacher_rank,150,129,225
teacher_rank,150,130,142
teacher_rank,150,131,204
teacher_rank,150,132,153
teacher_rank,150,133,190
teacher_rank,150,134,167
teacher_rank,150,135,203
teacher_rank,150,136,158
teacher_rank,150,137,212
teacher_rank,150,138,279
teacher_rank,150,139,186
teacher_rank,150,140,198
teacher_rank,150,141,181
teacher_rank,150,142,219
teacher_rank,150,143,214
teacher_rank,150,144,230
teacher_rank,150,145,138
teacher_rank,150,146,277
teacher_rank,150,147,205
teacher_rank,150,148,149
teacher_rank,150,149,157
teacher_rank,150,150,237
teacher_rank,151,1,175
teacher_rank,151,2,269
teacher_rank,151,3,148
teacher_rank,151,4,233
teacher_rank,151,5,277
teacher_rank,151,6,235
teacher_rank,151,7,181
teacher_rank,151,8,212
teacher_rank,151,9,139
teacher_rank,151,10,142
teacher_rank,151,11,156
teacher_rank,151,12,131
teacher_rank,151,13,162
teacher_rank,151,14,201
teacher_rank,151,15,154
teacher_rank,151,16,153
teacher_rank,151,17,205
teacher_rank,151,18,214
teacher_rank,151,19,247
teacher_rank,151,20,144
teacher_rank,151,21,152
teacher_rank,151,22,220
teacher_rank,151,23,206
teacher_rank,151,24,155
teacher_rank,151,25,213
teacher_rank,151,26,250
teacher_rank,151,27,173
teacher_rank,151,28,160
teacher_rank,151,29,169
teacher_rank,151,30,243
teacher_rank,151,31,238
teacher_rank,151,32,174
teacher_rank,151,33,237
teacher_rank,151,34,254
teacher_rank,151,35,211
teacher_rank,151,36,208
teacher_rank,151,37,189
teacher_rank,151,38,178
teacher_rank,151,39,200
teacher_rank,151,40,159
teacher_rank,151,41,216
teacher_rank,151,42,231
teacher_rank,151,43,151
teacher_rank,151,44,180
teacher_rank,151,45,194
teacher_rank,151,46,186
teacher_rank,151,47,136
teacher_rank,151,48,183
teacher_rank,151,49,204
teacher_rank,151,50,164
teacher_rank,151,51,198
teacher_rank,151,52,146
teacher_rank,151,53,258
teacher_rank,151,54,217
teacher_rank,151,55,209
teacher_rank,151,56,226
teacher_rank,151,57,143
teacher_rank,151,58,224
teacher_rank,151,59,168
teacher_rank,151,60,134
teacher_rank,151,61,137
teacher_rank,151,62,234
teacher_rank,151,63,147
teacher_rank,151,64,251
teacher_rank,151,65,138
teacher_rank,151,66,182
teacher_rank,151,67,133
teacher_rank,151,68,141
teacher_rank,151,69,223
teacher_rank,151,70,248
teacher_rank,151,71,275
teacher_rank,151,72,145
teacher_rank,151,73,221
teacher_rank,151,74,202
teacher_rank,151,75,171
teacher_rank,151,76,236
teacher_rank,151,77,161
teacher_rank,151,78,140
teacher_rank,151,79,218
teacher_rank,151,80,262
teacher_rank,151,81,270
teacher_rank,151,82,255
teacher_rank,151,83,242
teacher_rank,151,84,222
teacher_rank,151,85,150
teacher_rank,151,86,249
teacher_rank,151,87,225
teacher_rank,151,88,176
teacher_rank,151,89,192
teacher_rank,151,90,163
teacher_rank,151,91,240
teacher_rank,151,92,263
teacher_rank,151,93,184
teacher_rank,151,94,165
teacher_rank,151,95,259
teacher_rank,151,96,253
teacher_rank,151,97,172
teacher_rank,151,98,191
teacher_rank,151,99,271
teacher_rank,151,100,272
teacher_rank,151,101,239
teacher_rank,151,102,187
teacher_rank,151,103,132
teacher_rank,151,104,197
teacher_rank,151,105,252
teacher_rank,151,106,245
teacher_rank,151,107,188
teacher_rank,151,108,207
teacher_rank,151,109,266
teacher_rank,151,110,167
teacher_rank,151,111,264
teacher_rank,151,112,179
teacher_rank,151,113,210
teacher_rank,151,114,196
teacher_rank,151,115,273
teacher_rank,151,116,135
teacher_rank,151,117,157
teacher_rank,151,118,260
teacher_rank,151,119,279
teacher_rank,151,120,177
teacher_rank,151,121,257
teacher_rank,151,122,195
teacher_rank,151,123,185
teacher_rank,151,124,278
teacher_rank,151,125,166
teacher_rank,151,126,268
teacher_rank,151,127,267
teacher_rank,151,128,256
teacher_rank,151,129,199
teacher_rank,151,130,190
teacher_rank,151,131,170
teacher_rank,151,132,232
teacher_rank,151,133,215
teacher_rank,151,134,229
teacher_rank,151,135,158
teacher_rank,151,136,261
teacher_rank,151,137,246
teacher_rank,151,138,241
teacher_rank,151,139,149
teacher_rank,151,140,244
teacher_rank,151,141,230
teacher_rank,151,142,227
teacher_rank,151,143,193
teacher_rank,151,144,228
teacher_rank,151,145,265
teacher_rank,151,146,276
teacher_rank,151,147,280
teacher_rank,151,148,274
teacher_rank,151,149,219
teacher_rank,151,150,203
teacher_rank,152,1,141
teacher_rank,152,2,207
teacher_rank,152,3,146
teacher_rank,152,4,182
teacher_rank,152,5,242
teacher_rank,152,6,184
teacher_rank,152,7,213
teacher_rank,152,8,248
teacher_rank,152,9,173
teacher_rank,152,10,221
teacher_rank,152,11,192
teacher_rank,152,12,272
teacher_rank,152,13,249
teacher_rank,152,14,256
teacher_rank,152,15,174
teacher_rank,152,16,171
teacher_rank,152,17,210
teacher_rank,152,18,265
teacher_rank,152,19,183
teacher_rank,152,20,188
teacher_rank,152,21,258
teacher_rank,152,22,166
teacher_rank,152,23,200
teacher_rank,152,24,238
teacher_rank,152,25,165
teacher_rank,152,26,216
teacher_rank,152,27,244
teacher_rank,152,28,241
teacher_rank,152,29,215
teacher_rank,152,30,270
teacher_rank,152,31,240
teacher_rank,152,32,253
teacher_rank,152,33,259
teacher_rank,152,34,194
teacher_rank,152,35,243
teacher_rank,152,36,264
teacher_rank,152,37,189
teacher_rank,152,38,246
teacher_rank,152,39,223
teacher_rank,152,40,197
teacher_rank,152,41,208
teacher_rank,152,42,164
teacher_rank,152,43,266
teacher_rank,152,44,150
teacher_rank,152,45,271
teacher_rank,152,46,262
teacher_rank,152,47,172
teacher_rank,152,48,228
teacher_rank,152,49,275
teacher_rank,152,50,147
teacher_rank,152,51,148
teacher_rank,152,52,202
teacher_rank,152,53,151
teacher_rank,152,54,191
teacher_rank,152,55,196
teacher_rank,152,56,254
teacher_rank,152,57,211
teacher_rank,152,58,136
teacher_rank,152,59,251
teacher_rank,152,60,181
teacher_rank,152,61,133
teacher_rank,152,62,229
teacher_rank,152,63,161
teacher_rank,152,64,201
teacher_rank,152,65,227
teacher_rank,152,66,134
teacher_rank,152,67,159
teacher_rank,152,68,190
teacher_rank,152,69,269
teacher_rank,152,70,157
teacher_rank,152,71,158
teacher_rank,152,72,176
teacher_rank,152,73,179
teacher_rank,152,74,237
teacher_rank,152,75,195
teacher_rank,152,76,220
teacher_rank,152,77,142
teacher_rank,152,78,140
teacher_rank,152,79,160
teacher_rank,152,80,226
teacher_rank,152,81,178
teacher_rank,152,82,234
teacher_rank,152,83,186
teacher_rank,152,84,152
teacher_rank,152,85,247
teacher_rank,152,86,144
teacher_rank,152,87,169
teacher_rank,152,88,280
teacher_rank,152,89,180
teacher_rank,152,90,168
teacher_rank,152,91,239
teacher_rank,152,92,224
teacher_rank,152,93,175
teacher_rank,152,94,233
teacher_rank,152,95,236
teacher_rank,152,96,231
teacher_rank,152,97,225
teacher_rank,152,98,209
teacher_rank,152,99,198
teacher_rank,152,100,267
teacher_rank,152,101,167
teacher_rank,152,102,155
teacher_rank,152,103,145
teacher_rank,152,104,219
teacher_rank,152,105,139
teacher_rank,152,106,170
teacher_rank,152,107,245
teacher_rank,152,108,277
teacher_rank,152,109,143
teacher_rank,152,110,187
teacher_rank,152,111,260
teacher_rank,152,112,217
teacher_rank,152,113,153
teacher_rank,152,114,193
teacher_rank,152,115,212
teacher_rank,152,116,261
teacher_rank,152,117,263
teacher_rank,152,118,205
teacher_rank,152,119,204
teacher_rank,152,120,177
teacher_rank,152,121,156
teacher_rank,152,122,135
teacher_rank,152,123,252
teacher_rank,152,124,131
teacher_rank,152,125,255
teacher_rank,152,126,222
teacher_rank,152,127,273
teacher_rank,152,128,163
teacher_rank,152,129,257
teacher_rank,152,130,235
teacher_rank,152,131,278
teacher_rank,152,132,279
teacher_rank,152,133,138
teacher_rank,152,134,162
teacher_rank,152,135,232
teacher_rank,152,136,154
teacher_rank,152,137,276
teacher_rank,152,138,274
teacher_rank,152,139,206
teacher_rank,152,140,149
teacher_rank,152,141,137
teacher_rank,152,142,203
teacher_rank,152,143,199
teacher_rank,152,144,214
teacher_rank,152,145,132
teacher_rank,152,146,185
teacher_rank,152,147,250
teacher_rank,152,148,230
teacher_rank,152,149,218
teacher_rank,152,150,268
teacher_rank,159,1,176
teacher_rank,159,2,255
teacher_rank,159,3,274
teacher_rank,159,4,193
teacher_rank,159,5,232
teacher_rank,159,6,179
teacher_rank,159,7,257
teacher_rank,159,8,278
teacher_rank,159,9,234
teacher_rank,159,10,170
teacher_rank,159,11,132
teacher_rank,159,12,231
teacher_rank,159,13,199
teacher_rank,159,14,134
teacher_rank,159,15,250
teacher_rank,159,16,222
teacher_rank,159,17,163
teacher_rank,159,18,162
teacher_rank,159,19,164
teacher_rank,159,20,235
teacher_rank,159,21,151
teacher_rank,159,22,220
teacher_rank,159,23,206
teacher_rank,159,24,200
teacher_rank,159,25,174
teacher_rank,159,26,243
teacher_rank,159,27,267
teacher_rank,159,28,189
teacher_rank,159,29,148
teacher_rank,159,30,192
teacher_rank,159,31,240
teacher_rank,159,32,173
teacher_rank,159,33,136
teacher_rank,159,34,171
teacher_rank,159,35,139
teacher_rank,159,36,178
teacher_rank,159,37,141
teacher_rank,159,38,143
teacher_rank,159,39,211
teacher_rank,159,40,140
teacher_rank,159,41,150
teacher_rank,159,42,182
teacher_rank,159,43,208
teacher_rank,159,44,175
teacher_rank,159,45,159
teacher_rank,159,46,187
teacher_rank,159,47,226
teacher_rank,159,48,218
teacher_rank,159,49,262
teacher_rank,159,50,254
teacher_rank,159,51,253
teacher_rank,159,52,160
teacher_rank,159,53,247
teacher_rank,159,54,258
teacher_rank,159,55,166
teacher_rank,159,56,236
teacher_rank,159,57,209
teacher_rank,159,58,156
teacher_rank,159,59,165
teacher_rank,159,60,249
teacher_rank,159,61,146
teacher_rank,159,62,168
teacher_rank,159,63,144
teacher_rank,159,64,154
teacher_rank,159,65,251
teacher_rank,159,66,191
teacher_rank,159,67,275
teacher_rank,159,68,221
teacher_rank,159,69,169
teacher_rank,159,70,239
teacher_rank,159,71,152
teacher_rank,159,72,186
teacher_rank,159,73,210
teacher_rank,159,74,201
teacher_rank,159,75,269
teacher_rank,159,76,177
teacher_rank,159,77,167
teacher_rank,159,78,233
teacher_rank,159,79,252
teacher_rank,159,80,202
teacher_rank,159,81,188
teacher_rank,159,82,263
teacher_rank,159,83,180
teacher_rank,159,84,204
teacher_rank,159,85,268
teacher_rank,159,86,153
teacher_rank,159,87,223
teacher_rank,159,88,161
teacher_rank,159,89,194
teacher_rank,159,90,266
teacher_rank,159,91,197
teacher_rank,159,92,155
teacher_rank,159,93,273
teacher_rank,159,94,207
teacher_rank,159,95,142
teacher_rank,159,96,183
teacher_rank,159,97,181
teacher_rank,159,98,248
teacher_rank,159,99,137
teacher_rank,159,100,260
teacher_rank,159,101,229
teacher_rank,159,102,271
teacher_rank,159,103,265
teacher_rank,159,104,196
teacher_rank,159,105,276
teacher_rank,159,106,147
teacher_rank,159,107,195
teacher_rank,159,108,157
teacher_rank,159,109,256
teacher_rank,159,110,245
teacher_rank,159,111,272
teacher_rank,159,112,133
teacher_rank,159,113,190
teacher_rank,159,114,216
teacher_rank,159,115,158
teacher_rank,159,116,198
teacher_rank,159,117,185
teacher_rank,159,118,242
teacher_rank,159,119,215
teacher_rank,159,120,270
teacher_rank,159,121,224
teacher_rank,159,122,261
teacher_rank,159,123,217
teacher_rank,159,124,213
teacher_rank,159,125,131
teacher_rank,159,126,238
teacher_rank,159,127,172
teacher_rank,159,128,225
teacher_rank,159,129,145
teacher_rank,159,130,219
teacher_rank,159,131,230
teacher_rank,159,132,246
teacher_rank,159,133,212
teacher_rank,159,134,184
teacher_rank,159,135,259
teacher_rank,159,136,138
teacher_rank,159,137,237
teacher_rank,159,138,264
teacher_rank,159,139,205
teacher_rank,159,140,279
teacher_rank,159,141,277
teacher_rank,159,142,135
teacher_rank,159,143,227
teacher_rank,159,144,280
teacher_rank,159,145,244
teacher_rank,159,146,203
teacher_rank,159,147,214
teacher_rank,159,148,241
teacher_rank,159,149,228
teacher_rank,159,150,149
teacher_rank,160,1,277
teacher_rank,160,2,131
teacher_rank,160,3,269
teacher_rank,160,4,175
teacher_rank,160,5,212
teacher_rank,160,6,233
teacher_rank,160,7,153
teacher_rank,160,8,185
teacher_rank,160,9,181
teacher_rank,160,10,201
teacher_rank,160,11,148
teacher_rank,160,12,205
teacher_rank,160,13,263
teacher_rank,160,14,139
teacher_rank,160,15,154
teacher_rank,160,16,142
teacher_rank,160,17,214
teacher_rank,160,18,186
teacher_rank,160,19,156
teacher_rank,160,20,235
teacher_rank,160,21,162
teacher_rank,160,22,239
teacher_rank,160,23,209
teacher_rank,160,24,160
teacher_rank,160,25,145
teacher_rank,160,26,216
teacher_rank,160,27,222
teacher_rank,160,28,231
teacher_rank,160,29,237
teacher_rank,160,30,259
teacher_rank,160,31,198
teacher_rank,160,32,234
teacher_rank,160,33,250
teacher_rank,160,34,204
teacher_rank,160,35,238
teacher_rank,160,36,247
teacher_rank,160,37,146
teacher_rank,160,38,169
teacher_rank,160,39,183
teacher_rank,160,40,218
teacher_rank,160,41,217
teacher_rank,160,42,136
teacher_rank,160,43,255
teacher_rank,160,44,202
teacher_rank,160,45,133
teacher_rank,160,46,168
teacher_rank,160,47,141
teacher_rank,160,48,137
teacher_rank,160,49,155
teacher_rank,160,50,194
teacher_rank,160,51,179
teacher_rank,160,52,264
teacher_rank,160,53,253
teacher_rank,160,54,226
teacher_rank,160,55,213
teacher_rank,160,56,147
teacher_rank,160,57,161
teacher_rank,160,58,254
teacher_rank,160,59,223
teacher_rank,160,60,275
teacher_rank,160,61,188
teacher_rank,160,62,244
teacher_rank,160,63,248
teacher_rank,160,64,138
teacher_rank,160,65,257
teacher_rank,160,66,132
teacher_rank,160,67,135
teacher_rank,160,68,196
teacher_rank,160,69,206
teacher_rank,160,70,251
teacher_rank,160,71,163
teacher_rank,160,72,208
teacher_rank,160,73,173
teacher_rank,160,74,199
teacher_rank,160,75,184
teacher_rank,160,76,143
teacher_rank,160,77,176
teacher_rank,160,78,220
teacher_rank,160,79,152
teacher_rank,160,80,187
teacher_rank,160,81,134
teacher_rank,160,82,224
teacher_rank,160,83,273
teacher_rank,160,84,225
teacher_rank,160,85,278
teacher_rank,160,86,144
teacher_rank,160,87,192
teacher_rank,160,88,258
teacher_rank,160,89,170
teacher_rank,160,90,149
teacher_rank,160,91,140
teacher_rank,160,92,243
teacher_rank,160,93,242
teacher_rank,160,94,164
teacher_rank,160,95,266
teacher_rank,160,96,228
teacher_rank,160,97,150
teacher_rank,160,98,182
teacher_rank,160,99,261
teacher_rank,160,100,270
teacher_rank,160,101,232
teacher_rank,160,102,272
teacher_rank,160,103,191
teacher_rank,160,104,211
teacher_rank,160,105,159
teacher_rank,160,106,157
teacher_rank,160,107,180
teacher_rank,160,108,172
teacher_rank,160,109,171
teacher_rank,160,110,167
teacher_rank,160,111,280
teacher_rank,160,112,215
teacher_rank,160,113,165
teacher_rank,160,114,267
teacher_rank,160,115,221
teacher_rank,160,116,227
teacher_rank,160,117,166
teacher_rank,160,118,271
teacher_rank,160,119,200
teacher_rank,160,120,252
teacher_rank,160,121,245
teacher_rank,160,122,195
teacher_rank,160,123,193
teacher_rank,160,124,203
teacher_rank,160,125,240
teacher_rank,160,126,279
teacher_rank,160,127,151
teacher_rank,160,128,246
teacher_rank,160,129,189
teacher_rank,160,130,230
teacher_rank,160,131,174
teacher_rank,160,132,207
teacher_rank,160,133,241
teacher_rank,160,134,210
teacher_rank,160,135,268
teacher_rank,160,136,158
teacher_rank,160,137,274
teacher_rank,160,138,229
teacher_rank,160,139,236
teacher_rank,160,140,260
teacher_rank,160,141,178
teacher_rank,160,142,265
teacher_rank,160,143,177
teacher_rank,160,144,249
teacher_rank,160,145,197
teacher_rank,160,146,256
teacher_rank,160,147,276
teacher_rank,160,148,262
teacher_rank,160,149,190
teacher_rank,160,150,219
teacher_rank,161,1,269
teacher_rank,161,2,169
teacher_rank,161,3,155
teacher_rank,161,4,254
teacher_rank,161,5,167
teacher_rank,161,6,226
teacher_rank,161,7,137
teacher_rank,161,8,277
teacher_rank,161,9,225
teacher_rank,161,10,149
teacher_rank,161,11,195
teacher_rank,161,12,181
teacher_rank,161,13,168
teacher_rank,161,14,175
teacher_rank,161,15,187
teacher_rank,161,16,158
teacher_rank,161,17,252
teacher_rank,161,18,212
teacher_rank,161,19,148
teacher_rank,161,20,143
teacher_rank,161,21,201
teacher_rank,161,22,135
teacher_rank,161,23,131
teacher_rank,161,24,136
teacher_rank,161,25,180
teacher_rank,161,26,279
teacher_rank,161,27,156
teacher_rank,161,28,261
teacher_rank,161,29,233
teacher_rank,161,30,140
teacher_rank,161,31,159
teacher_rank,161,32,214
teacher_rank,161,33,153
teacher_rank,161,34,235
teacher_rank,161,35,162
teacher_rank,161,36,267
teacher_rank,161,37,230
teacher_rank,161,38,139
teacher_rank,161,39,219
teacher_rank,161,40,205
teacher_rank,161,41,154
teacher_rank,161,42,177
teacher_rank,161,43,142
teacher_rank,161,44,203
teacher_rank,161,45,268
teacher_rank,161,46,157
teacher_rank,161,47,255
teacher_rank,161,48,234
teacher_rank,161,49,218
teacher_rank,161,50,133
teacher_rank,161,51,179
teacher_rank,161,52,217
teacher_rank,161,53,222
teacher_rank,161,54,138
teacher_rank,161,55,231
teacher_rank,161,56,204
teacher_rank,161,57,163
teacher_rank,161,58,193
teacher_rank,161,59,199
teacher_rank,161,60,208
teacher_rank,161,61,176
teacher_rank,161,62,213
teacher_rank,161,63,250
teacher_rank,161,64,191
teacher_rank,161,65,188
teacher_rank,161,66,238
teacher_rank,161,67,150
teacher_rank,161,68,245
teacher_rank,161,69,183
teacher_rank,161,70,147
teacher_rank,161,71,206
teacher_rank,161,72,161
teacher_rank,161,73,247
teacher_rank,161,74,146
teacher_rank,161,75,216
teacher_rank,161,76,170
teacher_rank,161,77,145
teacher_rank,161,78,152
teacher_rank,161,79,240
teacher_rank,161,80,144
teacher_rank,161,81,184
teacher_rank,161,82,202
teacher_rank,161,83,134
teacher_rank,161,84,237
teacher_rank,161,85,270
teacher_rank,161,86,232
teacher_rank,161,87,141
teacher_rank,161,88,257
teacher_rank,161,89,172
teacher_rank,161,90,260
teacher_rank,161,91,258
teacher_rank,161,92,186
teacher_rank,161,93,198
teacher_rank,161,94,192
teacher_rank,161,95,273
teacher_rank,161,96,132
teacher_rank,161,97,248
teacher_rank,161,98,166
teacher_rank,161,99,173
teacher_rank,161,100,239
teacher_rank,161,101,194
teacher_rank,161,102,182
teacher_rank,161,103,207
teacher_rank,161,104,189
teacher_rank,161,105,178
teacher_rank,161,106,251
teacher_rank,161,107,174
teacher_rank,161,108,253
teacher_rank,161,109,242
teacher_rank,161,110,211
teacher_rank,161,111,259
teacher_rank,161,112,229
teacher_rank,161,113,160
teacher_rank,161,114,244
teacher_rank,161,115,220
teacher_rank,161,116,243
teacher_rank,161,117,197
teacher_rank,161,118,249
teacher_rank,161,119,221
teacher_rank,161,120,280
teacher_rank,161,121,223
teacher_rank,161,122,275
teacher_rank,161,123,274
teacher_rank,161,124,278
teacher_rank,161,125,215
teacher_rank,161,126,209
teacher_rank,161,127,228
teacher_rank,161,128,200
teacher_rank,161,129,264
teacher_rank,161,130,151
teacher_rank,161,131,271
teacher_rank,161,132,263
teacher_rank,161,133,266
teacher_rank,161,134,210
teacher_rank,161,135,246
teacher_rank,161,136,276
teacher_rank,161,137,227
teacher_rank,161,138,171
teacher_rank,161,139,164
teacher_rank,161,140,224
teacher_rank,161,141,236
teacher_rank,161,142,196
teacher_rank,161,143,256
teacher_rank,161,144,165
teacher_rank,161,145,265
teacher_rank,161,146,262
teacher_rank,161,147,241
teacher_rank,161,148,272
teacher_rank,161,149,185
teacher_rank,161,150,190
teacher_rank,165,1,269
teacher_rank,165,2,255
teacher_rank,165,3,170
teacher_rank,165,4,155
teacher_rank,165,5,274
teacher_rank,165,6,179
teacher_rank,165,7,254
teacher_rank,165,8,169
teacher_rank,165,9,193
teacher_rank,165,10,163
teacher_rank,165,11,226
teacher_rank,165,12,195
teacher_rank,165,13,277
teacher_rank,165,14,234
teacher_rank,165,15,168
teacher_rank,165,16,267
teacher_rank,165,17,225
teacher_rank,165,18,187
teacher_rank,165,19,167
teacher_rank,165,20,252
teacher_rank,165,21,137
teacher_rank,165,22,149
teacher_rank,165,23,140
teacher_rank,165,24,212
teacher_rank,165,25,278
teacher_rank,165,26,232
teacher_rank,165,27,158
teacher_rank,165,28,175
teacher_rank,165,29,176
teacher_rank,165,30,201
teacher_rank,165,31,132
teacher_rank,165,32,181
teacher_rank,165,33,180
teacher_rank,165,34,235
teacher_rank,165,35,261
teacher_rank,165,36,233
teacher_rank,165,37,250
teacher_rank,165,38,143
teacher_rank,165,39,279
teacher_rank,165,40,134
teacher_rank,165,41,257
teacher_rank,165,42,148
teacher_rank,165,43,231
teacher_rank,165,44,214
teacher_rank,165,45,135
teacher_rank,165,46,222
teacher_rank,165,47,136
teacher_rank,165,48,159
teacher_rank,165,49,131
teacher_rank,165,50,230
teacher_rank,165,51,199
teacher_rank,165,52,219
teacher_rank,165,53,139
teacher_rank,165,54,156
teacher_rank,165,55,177
teacher_rank,165,56,153
teacher_rank,165,57,205
teacher_rank,165,58,154
teacher_rank,165,59,203
teacher_rank,165,60,162
teacher_rank,165,61,142
teacher_rank,165,62,157
teacher_rank,165,63,268
teacher_rank,165,64,206
teacher_rank,165,65,208
teacher_rank,165,66,150
teacher_rank,165,67,188
teacher_rank,165,68,191
teacher_rank,165,69,217
teacher_rank,165,70,238
teacher_rank,165,71,138
teacher_rank,165,72,166
teacher_rank,165,73,133
teacher_rank,165,74,218
teacher_rank,165,75,213
teacher_rank,165,76,183
teacher_rank,165,77,240
teacher_rank,165,78,247
teacher_rank,165,79,145
teacher_rank,165,80,152
teacher_rank,165,81,248
teacher_rank,165,82,260
teacher_rank,165,83,161
teacher_rank,165,84,216
teacher_rank,165,85,192
teacher_rank,165,86,253
teacher_rank,165,87,207
teacher_rank,165,88,202
teacher_rank,165,89,173
teacher_rank,165,90,146
teacher_rank,165,91,147
teacher_rank,165,92,182
teacher_rank,165,93,270
teacher_rank,165,94,258
teacher_rank,165,95,239
teacher_rank,165,96,144
teacher_rank,165,97,266
teacher_rank,165,98,245
teacher_rank,165,99,198
teacher_rank,165,100,186
teacher_rank,165,101,251
teacher_rank,165,102,244
teacher_rank,165,103,275
teacher_rank,165,104,197
teacher_rank,165,105,194
teacher_rank,165,106,237
teacher_rank,165,107,184
teacher_rank,165,108,204
teacher_rank,165,109,259
teacher_rank,165,110,172
teacher_rank,165,111,223
teacher_rank,165,112,211
teacher_rank,165,113,220
teacher_rank,165,114,242
teacher_rank,165,115,160
teacher_rank,165,116,229
teacher_rank,165,117,280
teacher_rank,165,118,209
teacher_rank,165,119,178
teacher_rank,165,120,141
teacher_rank,165,121,210
teacher_rank,165,122,215
teacher_rank,165,123,265
teacher_rank,165,124,189
teacher_rank,165,125,249
teacher_rank,165,126,221
teacher_rank,165,127,262
teacher_rank,165,128,263
teacher_rank,165,129,200
teacher_rank,165,130,246
teacher_rank,165,131,272
teacher_rank,165,132,243
teacher_rank,165,133,276
teacher_rank,165,134,256
teacher_rank,165,135,273
teacher_rank,165,136,151
teacher_rank,165,137,196
teacher_rank,165,138,228
teacher_rank,165,139,227
teacher_rank,165,140,236
teacher_rank,165,141,271
teacher_rank,165,142,264
teacher_rank,165,143,224
teacher_rank,165,144,174
teacher_rank,165,145,165
teacher_rank,165,146,171
teacher_rank,165,147,241
teacher_rank,165,148,164
teacher_rank,165,149,185
teacher_rank,165,150,190
teacher_rank,166,1,207
teacher_rank,166,2,182
teacher_rank,166,3,141
teacher_rank,166,4,171
teacher_rank,166,5,248
teacher_rank,166,6,272
teacher_rank,166,7,184
teacher_rank,166,8,265
teacher_rank,166,9,213
teacher_rank,166,10,146
teacher_rank,166,11,165
teacher_rank,166,12,210
teacher_rank,166,13,200
teacher_rank,166,14,216
teacher_rank,166,15,242
teacher_rank,166,16,241
teacher_rank,166,17,215
teacher_rank,166,18,174
teacher_rank,166,19,243
teacher_rank,166,20,256
teacher_rank,166,21,173
teacher_rank,166,22,221
teacher_rank,166,23,244
teacher_rank,166,24,238
teacher_rank,166,25,183
teacher_rank,166,26,270
teacher_rank,166,27,166
teacher_rank,166,28,192
teacher_rank,166,29,249
teacher_rank,166,30,164
teacher_rank,166,31,264
teacher_rank,166,32,189
teacher_rank,166,33,259
teacher_rank,166,34,258
teacher_rank,166,35,194
teacher_rank,166,36,266
teacher_rank,166,37,197
teacher_rank,166,38,262
teacher_rank,166,39,253
teacher_rank,166,40,271
teacher_rank,166,41,188
teacher_rank,166,42,240
teacher_rank,166,43,246
teacher_rank,166,44,223
teacher_rank,166,45,275
teacher_rank,166,46,228
teacher_rank,166,47,172
teacher_rank,166,48,150
teacher_rank,166,49,208
teacher_rank,166,50,251
teacher_rank,166,51,227
teacher_rank,166,52,190
teacher_rank,166,53,147
teacher_rank,166,54,196
teacher_rank,166,55,191
teacher_rank,166,56,202
teacher_rank,166,57,151
teacher_rank,166,58,254
teacher_rank,166,59,143
teacher_rank,166,60,229
teacher_rank,166,61,237
teacher_rank,166,62,220
teacher_rank,166,63,133
teacher_rank,166,64,159
teacher_rank,166,65,181
teacher_rank,166,66,157
teacher_rank,166,67,139
teacher_rank,166,68,154
teacher_rank,166,69,261
teacher_rank,166,70,201
teacher_rank,166,71,161
teacher_rank,166,72,160
teacher_rank,166,73,231
teacher_rank,166,74,232
teacher_rank,166,75,178
teacher_rank,166,76,175
teacher_rank,166,77,148
teacher_rank,166,78,137
teacher_rank,166,79,162
teacher_rank,166,80,224
teacher_rank,166,81,279
teacher_rank,166,82,247
teacher_rank,166,83,180
teacher_rank,166,84,263
teacher_rank,166,85,152
teacher_rank,166,86,236
teacher_rank,166,87,225
teacher_rank,166,88,239
teacher_rank,166,89,158
teacher_rank,166,90,234
teacher_rank,166,91,144
teacher_rank,166,92,252
teacher_rank,166,93,268
teacher_rank,166,94,233
teacher_rank,166,95,211
teacher_rank,166,96,257
teacher_rank,166,97,136
teacher_rank,166,98,176
teacher_rank,166,99,280
teacher_rank,166,100,222
teacher_rank,166,101,134
teacher_rank,166,102,185
teacher_rank,166,103,273
teacher_rank,166,104,156
teacher_rank,166,105,245
teacher_rank,166,106,169
teacher_rank,166,107,177
teacher_rank,166,108,209
teacher_rank,166,109,195
teacher_rank,166,110,212
teacher_rank,166,111,204
teacher_rank,166,112,193
teacher_rank,166,113,155
teacher_rank,166,114,187
teacher_rank,166,115,142
teacher_rank,166,116,163
teacher_rank,166,117,226
teacher_rank,166,118,217
teacher_rank,166,119,219
teacher_rank,166,120,198
teacher_rank,166,121,205
teacher_rank,166,122,218
teacher_rank,166,123,250
teacher_rank,166,124,260
teacher_rank,166,125,186
teacher_rank,166,126,131
teacher_rank,166,127,267
teacher_rank,166,128,230
teacher_rank,166,129,277
teacher_rank,166,130,135
teacher_rank,166,131,269
teacher_rank,166,132,170
teacher_rank,166,133,167
teacher_rank,166,134,203
teacher_rank,166,135,276
teacher_rank,166,136,278
teacher_rank,166,137,140
teacher_rank,166,138,132
teacher_rank,166,139,153
teacher_rank,166,140,149
teacher_rank,166,141,168
teacher_rank,166,142,145
teacher_rank,166,143,199
teacher_rank,166,144,179
teacher_rank,166,145,274
teacher_rank,166,146,138
teacher_rank,166,147,214
teacher_rank,166,148,235
teacher_rank,166,149,206
teacher_rank,166,150,255
teacher_rank,169,1,131
teacher_rank,169,2,175
teacher_rank,169,3,277
teacher_rank,169,4,185
teacher_rank,169,5,139
teacher_rank,169,6,181
teacher_rank,169,7,263
teacher_rank,169,8,148
teacher_rank,169,9,233
teacher_rank,169,10,201
teacher_rank,169,11,269
teacher_rank,169,12,154
teacher_rank,169,13,212
teacher_rank,169,14,205
teacher_rank,169,15,153
teacher_rank,169,16,156
teacher_rank,169,17,160
teacher_rank,169,18,214
teacher_rank,169,19,142
teacher_rank,169,20,162
teacher_rank,169,21,209
teacher_rank,169,22,186
teacher_rank,169,23,239
teacher_rank,169,24,235
teacher_rank,169,25,220
teacher_rank,169,26,152
teacher_rank,169,27,254
teacher_rank,169,28,247
teacher_rank,169,29,137
teacher_rank,169,30,204
teacher_rank,169,31,144
teacher_rank,169,32,237
teacher_rank,169,33,216
teacher_rank,169,34,183
teacher_rank,169,35,155
teacher_rank,169,36,164
teacher_rank,169,37,248
teacher_rank,169,38,146
teacher_rank,169,39,231
teacher_rank,169,40,171
teacher_rank,169,41,243
teacher_rank,169,42,145
teacher_rank,169,43,180
teacher_rank,169,44,250
teacher_rank,169,45,242
teacher_rank,169,46,182
teacher_rank,169,47,147
teacher_rank,169,48,165
teacher_rank,169,49,238
teacher_rank,169,50,143
teacher_rank,169,51,200
teacher_rank,169,52,189
teacher_rank,169,53,234
teacher_rank,169,54,173
teacher_rank,169,55,174
teacher_rank,169,56,217
teacher_rank,169,57,159
teacher_rank,169,58,259
teacher_rank,169,59,136
teacher_rank,169,60,261
teacher_rank,169,61,196
teacher_rank,169,62,161
teacher_rank,169,63,132
teacher_rank,169,64,225
teacher_rank,169,65,169
teacher_rank,169,66,271
teacher_rank,169,67,221
teacher_rank,169,68,211
teacher_rank,169,69,141
teacher_rank,169,70,222
teacher_rank,169,71,134
teacher_rank,169,72,176
teacher_rank,169,73,251
teacher_rank,169,74,264
teacher_rank,169,75,163
teacher_rank,169,76,194
teacher_rank,169,77,232
teacher_rank,169,78,252
teacher_rank,169,79,270
teacher_rank,169,80,177
teacher_rank,169,81,257
teacher_rank,169,82,184
teacher_rank,169,83,210
teacher_rank,169,84,268
teacher_rank,169,85,256
teacher_rank,169,86,133
teacher_rank,169,87,192
teacher_rank,169,88,278
teacher_rank,169,89,273
teacher_rank,169,90,187
teacher_rank,169,91,138
teacher_rank,169,92,172
teacher_rank,169,93,151
teacher_rank,169,94,275
teacher_rank,169,95,195
teacher_rank,169,96,198
teacher_rank,169,97,218
teacher_rank,169,98,226
teacher_rank,169,99,158
teacher_rank,169,100,253
teacher_rank,169,101,224
teacher_rank,169,102,215
teacher_rank,169,103,135
teacher_rank,169,104,265
teacher_rank,169,105,258
teacher_rank,169,106,167
teacher_rank,169,107,223
teacher_rank,169,108,170
teacher_rank,169,109,213
teacher_rank,169,110,178
teacher_rank,169,111,202
teacher_rank,169,112,272
teacher_rank,169,113,207
teacher_rank,169,114,279
teacher_rank,169,115,230
teacher_rank,169,116,245
teacher_rank,169,117,149
teacher_rank,169,118,244
teacher_rank,169,119,262
teacher_rank,169,120,229
teacher_rank,169,121,140
teacher_rank,169,122,157
teacher_rank,169,123,260
teacher_rank,169,124,227
teacher_rank,169,125,276
teacher_rank,169,126,266
teacher_rank,169,127,193
teacher_rank,169,128,168
teacher_rank,169,129,188
teacher_rank,169,130,228
teacher_rank,169,131,191
teacher_rank,169,132,150
teacher_rank,169,133,249
teacher_rank,169,134,203
teacher_rank,169,135,208
teacher_rank,169,136,199
teacher_rank,169,137,190
teacher_rank,169,138,206
teacher_rank,169,139,219
teacher_rank,169,140,246
teacher_rank,169,141,179
teacher_rank,169,142,197
teacher_rank,169,143,241
teacher_rank,169,144,236
teacher_rank,169,145,280
teacher_rank,169,146,166
teacher_rank,169,147,240
teacher_rank,169,148,255
teacher_rank,169,149,267
teacher_rank,169,150,274
teacher_rank,171,1,174
teacher_rank,171,2,183
teacher_rank,171,3,173
teacher_rank,171,4,200
teacher_rank,171,5,141
teacher_rank,171,6,207
teacher_rank,171,7,146
teacher_rank,171,8,243
teacher_rank,171,9,182
teacher_rank,171,10,249
teacher_rank,171,11,221
teacher_rank,171,12,171
teacher_rank,171,13,253
teacher_rank,171,14,259
teacher_rank,171,15,264
teacher_rank,171,16,272
teacher_rank,171,17,164
teacher_rank,171,18,188
teacher_rank,171,19,248
teacher_rank,171,20,240
teacher_rank,171,21,189
teacher_rank,171,22,258
teacher_rank,171,23,246
teacher_rank,171,24,213
teacher_rank,171,25,242
teacher_rank,171,26,194
teacher_rank,171,27,197
teacher_rank,171,28,192
teacher_rank,171,29,262
teacher_rank,171,30,210
teacher_rank,171,31,184
teacher_rank,171,32,271
teacher_rank,171,33,165
teacher_rank,171,34,265
teacher_rank,171,35,216
teacher_rank,171,36,256
teacher_rank,171,37,223
teacher_rank,171,38,266
teacher_rank,171,39,150
teacher_rank,171,40,166
teacher_rank,171,41,215
teacher_rank,171,42,172
teacher_rank,171,43,238
teacher_rank,171,44,244
teacher_rank,171,45,208
teacher_rank,171,46,270
teacher_rank,171,47,275
teacher_rank,171,48,228
teacher_rank,171,49,241
teacher_rank,171,50,147
teacher_rank,171,51,151
teacher_rank,171,52,251
teacher_rank,171,53,196
teacher_rank,171,54,254
teacher_rank,171,55,143
teacher_rank,171,56,159
teacher_rank,171,57,202
teacher_rank,171,58,227
teacher_rank,171,59,220
teacher_rank,171,60,154
teacher_rank,171,61,176
teacher_rank,171,62,231
teacher_rank,171,63,136
teacher_rank,171,64,191
teacher_rank,171,65,236
teacher_rank,171,66,190
teacher_rank,171,67,232
teacher_rank,171,68,234
teacher_rank,171,69,157
teacher_rank,171,70,178
teacher_rank,171,71,148
teacher_rank,171,72,201
teacher_rank,171,73,263
teacher_rank,171,74,162
teacher_rank,171,75,181
teacher_rank,171,76,139
teacher_rank,171,77,211
teacher_rank,171,78,257
teacher_rank,171,79,229
teacher_rank,171,80,252
teacher_rank,171,81,187
teacher_rank,171,82,222
teacher_rank,171,83,161
teacher_rank,171,84,218
teacher_rank,171,85,193
teacher_rank,171,86,160
teacher_rank,171,87,144
teacher_rank,171,88,133
teacher_rank,171,89,239
teacher_rank,171,90,245
teacher_rank,171,91,267
teacher_rank,171,92,233
teacher_rank,171,93,268
teacher_rank,171,94,198
teacher_rank,171,95,226
teacher_rank,171,96,247
teacher_rank,171,97,169
teacher_rank,171,98,209
teacher_rank,171,99,137
teacher_rank,171,100,279
teacher_rank,171,101,199
teacher_rank,171,102,158
teacher_rank,171,103,273
teacher_rank,171,104,155
teacher_rank,171,105,142
teacher_rank,171,106,175
teacher_rank,171,107,280
teacher_rank,171,108,237
teacher_rank,171,109,219
teacher_rank,171,110,185
teacher_rank,171,111,261
teacher_rank,171,112,152
teacher_rank,171,113,134
teacher_rank,171,114,224
teacher_rank,171,115,260
teacher_rank,171,116,195
teacher_rank,171,117,205
teacher_rank,171,118,140
teacher_rank,171,119,179
teacher_rank,171,120,180
teacher_rank,171,121,156
teacher_rank,171,122,217
teacher_rank,171,123,255
teacher_rank,171,124,212
teacher_rank,171,125,167
teacher_rank,171,126,235
teacher_rank,171,127,230
teacher_rank,171,128,274
teacher_rank,171,129,168
teacher_rank,171,130,204
teacher_rank,171,131,177
teacher_rank,171,132,278
teacher_rank,171,133,269
teacher_rank,171,134,170
teacher_rank,171,135,250
teacher_rank,171,136,145
teacher_rank,171,137,149
teacher_rank,171,138,131
teacher_rank,171,139,163
teacher_rank,171,140,132
teacher_rank,171,141,186
teacher_rank,171,142,135
teacher_rank,171,143,276
teacher_rank,171,144,206
teacher_rank,171,145,214
teacher_rank,171,146,203
teacher_rank,171,147,153
teacher_rank,171,148,225
teacher_rank,171,149,277
teacher_rank,171,150,138
teacher_rank,172,1,174
teacher_rank,172,2,183
teacher_rank,172,3,173
teacher_rank,172,4,200
teacher_rank,172,5,259
teacher_rank,172,6,264
teacher_rank,172,7,243
teacher_rank,172,8,249
teacher_rank,172,9,221
teacher_rank,172,10,194
teacher_rank,172,11,164
teacher_rank,172,12,253
teacher_rank,172,13,188
teacher_rank,172,14,150
teacher_rank,172,15,223
teacher_rank,172,16,258
teacher_rank,172,17,197
teacher_rank,172,18,240
teacher_rank,172,19,271
teacher_rank,172,20,189
teacher_rank,172,21,246
teacher_rank,172,22,266
teacher_rank,172,23,262
teacher_rank,172,24,228
teacher_rank,172,25,208
teacher_rank,172,26,172
teacher_rank,172,27,275
teacher_rank,172,28,141
teacher_rank,172,29,272
teacher_rank,172,30,143
teacher_rank,172,31,231
teacher_rank,172,32,202
teacher_rank,172,33,161
teacher_rank,172,34,171
teacher_rank,172,35,251
teacher_rank,172,36,237
teacher_rank,172,37,166
teacher_rank,172,38,190
teacher_rank,172,39,257
teacher_rank,172,40,248
teacher_rank,172,41,250
teacher_rank,172,42,157
teacher_rank,172,43,187
teacher_rank,172,44,198
teacher_rank,172,45,132
teacher_rank,172,46,213
teacher_rank,172,47,165
teacher_rank,172,48,232
teacher_rank,172,49,234
teacher_rank,172,50,146
teacher_rank,172,51,191
teacher_rank,172,52,182
teacher_rank,172,53,179
teacher_rank,172,54,227
teacher_rank,172,55,207
teacher_rank,172,56,222
teacher_rank,172,57,229
teacher_rank,172,58,136
teacher_rank,172,59,265
teacher_rank,172,60,199
teacher_rank,172,61,142
teacher_rank,172,62,220
teacher_rank,172,63,134
teacher_rank,172,64,137
teacher_rank,172,65,159
teacher_rank,172,66,160
teacher_rank,172,67,244
teacher_rank,172,68,139
teacher_rank,172,69,252
teacher_rank,172,70,218
teacher_rank,172,71,162
teacher_rank,172,72,238
teacher_rank,172,73,215
teacher_rank,172,74,216
teacher_rank,172,75,270
teacher_rank,172,76,242
teacher_rank,172,77,181
teacher_rank,172,78,217
teacher_rank,172,79,154
teacher_rank,172,80,155
teacher_rank,172,81,151
teacher_rank,172,82,236
teacher_rank,172,83,241
teacher_rank,172,84,176
teacher_rank,172,85,196
teacher_rank,172,86,192
teacher_rank,172,87,133
teacher_rank,172,88,147
teacher_rank,172,89,278
teacher_rank,172,90,211
teacher_rank,172,91,167
teacher_rank,172,92,204
teacher_rank,172,93,201
teacher_rank,172,94,209
teacher_rank,172,95,233
teacher_rank,172,96,263
teacher_rank,172,97,226
teacher_rank,172,98,268
teacher_rank,172,99,180
teacher_rank,172,100,279
teacher_rank,172,101,273
teacher_rank,172,102,156
teacher_rank,172,103,138
teacher_rank,172,104,274
teacher_rank,172,105,148
teacher_rank,172,106,255
teacher_rank,172,107,269
teacher_rank,172,108,184
teacher_rank,172,109,168
teacher_rank,172,110,178
teacher_rank,172,111,185
teacher_rank,172,112,193
teacher_rank,172,113,276
teacher_rank,172,114,205
teacher_rank,172,115,170
teacher_rank,172,116,169
teacher_rank,172,117,254
teacher_rank,172,118,175
teacher_rank,172,119,152
teacher_rank,172,120,245
teacher_rank,172,121,140
teacher_rank,172,122,210
teacher_rank,172,123,219
teacher_rank,172,124,195
teacher_rank,172,125,163
teacher_rank,172,126,235
teacher_rank,172,127,158
teacher_rank,172,128,277
teacher_rank,172,129,267
teacher_rank,172,130,149
teacher_rank,172,131,212
teacher_rank,172,132,144
teacher_rank,172,133,239
teacher_rank,172,134,135
teacher_rank,172,135,145
teacher_rank,172,136,261
teacher_rank,172,137,247
teacher_rank,172,138,230
teacher_rank,172,139,256
teacher_rank,172,140,131
teacher_rank,172,141,186
teacher_rank,172,142,280
teacher_rank,172,143,177
teacher_rank,172,144,260
teacher_rank,172,145,153
teacher_rank,172,146,225
teacher_rank,172,147,214
teacher_rank,172,148,224
teacher_rank,172,149,206
teacher_rank,172,150,203
teacher_rank,174,1,189
teacher_rank,174,2,194
teacher_rank,174,3,174
teacher_rank,174,4,178
teacher_rank,174,5,236
teacher_rank,174,6,173
teacher_rank,174,7,243
teacher_rank,174,8,249
teacher_rank,174,9,258
teacher_rank,174,10,228
teacher_rank,174,11,150
teacher_rank,174,12,271
teacher_rank,174,13,223
teacher_rank,174,14,196
teacher_rank,174,15,164
teacher_rank,174,16,259
teacher_rank,174,17,188
teacher_rank,174,18,253
teacher_rank,174,19,172
teacher_rank,174,20,221
teacher_rank,174,21,266
teacher_rank,174,22,280
teacher_rank,174,23,200
teacher_rank,174,24,151
teacher_rank,174,25,262
teacher_rank,174,26,197
teacher_rank,174,27,208
teacher_rank,174,28,220
teacher_rank,174,29,247
teacher_rank,174,30,257
teacher_rank,174,31,182
teacher_rank,174,32,143
teacher_rank,174,33,218
teacher_rank,174,34,160
teacher_rank,174,35,139
teacher_rank,174,36,233
teacher_rank,174,37,234
teacher_rank,174,38,275
teacher_rank,174,39,175
teacher_rank,174,40,154
teacher_rank,174,41,211
teacher_rank,174,42,222
teacher_rank,174,43,159
teacher_rank,174,44,232
teacher_rank,174,45,162
teacher_rank,174,46,254
teacher_rank,174,47,231
teacher_rank,174,48,201
teacher_rank,174,49,240
teacher_rank,174,50,186
teacher_rank,174,51,273
teacher_rank,174,52,148
teacher_rank,174,53,210
teacher_rank,174,54,251
teacher_rank,174,55,142
teacher_rank,174,56,183
teacher_rank,174,57,248
teacher_rank,174,58,252
teacher_rank,174,59,141
teacher_rank,174,60,264
teacher_rank,174,61,171
teacher_rank,174,62,152
teacher_rank,174,63,209
teacher_rank,174,64,263
teacher_rank,174,65,165
teacher_rank,174,66,272
teacher_rank,174,67,161
teacher_rank,174,68,185
teacher_rank,174,69,256
teacher_rank,174,70,239
teacher_rank,174,71,176
teacher_rank,174,72,246
teacher_rank,174,73,157
teacher_rank,174,74,265
teacher_rank,174,75,155
teacher_rank,174,76,136
teacher_rank,174,77,235
teacher_rank,174,78,212
teacher_rank,174,79,268
teacher_rank,174,80,144
teacher_rank,174,81,156
teacher_rank,174,82,192
teacher_rank,174,83,207
teacher_rank,174,84,190
teacher_rank,174,85,187
teacher_rank,174,86,225
teacher_rank,174,87,261
teacher_rank,174,88,276
teacher_rank,174,89,180
teacher_rank,174,90,216
teacher_rank,174,91,134
teacher_rank,174,92,224
teacher_rank,174,93,226
teacher_rank,174,94,198
teacher_rank,174,95,137
teacher_rank,174,96,177
teacher_rank,174,97,260
teacher_rank,174,98,181
teacher_rank,174,99,195
teacher_rank,174,100,206
teacher_rank,174,101,237
teacher_rank,174,102,193
teacher_rank,174,103,202
teacher_rank,174,104,227
teacher_rank,174,105,242
teacher_rank,174,106,205
teacher_rank,174,107,179
teacher_rank,174,108,158
teacher_rank,174,109,278
teacher_rank,174,110,215
teacher_rank,174,111,277
teacher_rank,174,112,245
teacher_rank,174,113,255
teacher_rank,174,114,279
teacher_rank,174,115,153
teacher_rank,174,116,146
teacher_rank,174,117,250
teacher_rank,174,118,170
teacher_rank,174,119,219
teacher_rank,174,120,229
teacher_rank,174,121,267
teacher_rank,174,122,199
teacher_rank,174,123,238
teacher_rank,174,124,166
teacher_rank,174,125,244
teacher_rank,174,126,269
teacher_rank,174,127,145
teacher_rank,174,128,135
teacher_rank,174,129,147
teacher_rank,174,130,140
teacher_rank,174,131,138
teacher_rank,174,132,270
teacher_rank,174,133,241
teacher_rank,174,134,131
teacher_rank,174,135,163
teacher_rank,174,136,167
teacher_rank,174,137,217
teacher_rank,174,138,191
teacher_rank,174,139,169
teacher_rank,174,140,204
teacher_rank,174,141,213
teacher_rank,174,142,230
teacher_rank,174,143,184
teacher_rank,174,144,168
teacher_rank,174,145,203
teacher_rank,174,146,149
teacher_rank,174,147,132
teacher_rank,174,148,214
teacher_rank,174,149,133
teacher_rank,174,150,274
teacher_rank,175,1,171
teacher_rank,175,2,248
teacher_rank,175,3,207
teacher_rank,175,4,146
teacher_rank,175,5,141
teacher_rank,175,6,272
teacher_rank,175,7,182
teacher_rank,175,8,242
teacher_rank,175,9,216
teacher_rank,175,10,213
teacher_rank,175,11,265
teacher_rank,175,12,193
teacher_rank,175,13,174
teacher_rank,175,14,165
teacher_rank,175,15,274
teacher_rank,175,16,278
teacher_rank,175,17,176
teacher_rank,175,18,249
teacher_rank,175,19,166
teacher_rank,175,20,200
teacher_rank,175,21,243
teacher_rank,175,22,270
teacher_rank,175,23,173
teacher_rank,175,24,184
teacher_rank,175,25,210
teacher_rank,175,26,170
teacher_rank,175,27,221
teacher_rank,175,28,232
teacher_rank,175,29,192
teacher_rank,175,30,215
teacher_rank,175,31,132
teacher_rank,175,32,255
teacher_rank,175,33,183
teacher_rank,175,34,241
teacher_rank,175,35,259
teacher_rank,175,36,134
teacher_rank,175,37,256
teacher_rank,175,38,244
teacher_rank,175,39,238
teacher_rank,175,40,197
teacher_rank,175,41,257
teacher_rank,175,42,164
teacher_rank,175,43,253
teacher_rank,175,44,234
teacher_rank,175,45,258
teacher_rank,175,46,179
teacher_rank,175,47,188
teacher_rank,175,48,250
teacher_rank,175,49,189
teacher_rank,175,50,240
teacher_rank,175,51,163
teacher_rank,175,52,246
teacher_rank,175,53,150
teacher_rank,175,54,264
teacher_rank,175,55,262
teacher_rank,175,56,194
teacher_rank,175,57,231
teacher_rank,175,58,223
teacher_rank,175,59,271
teacher_rank,175,60,266
teacher_rank,175,61,199
teacher_rank,175,62,222
teacher_rank,175,63,208
teacher_rank,175,64,172
teacher_rank,175,65,228
teacher_rank,175,66,275
teacher_rank,175,67,190
teacher_rank,175,68,251
teacher_rank,175,69,229
teacher_rank,175,70,143
teacher_rank,175,71,237
teacher_rank,175,72,157
teacher_rank,175,73,159
teacher_rank,175,74,160
teacher_rank,175,75,161
teacher_rank,175,76,254
teacher_rank,175,77,191
teacher_rank,175,78,220
teacher_rank,175,79,201
teacher_rank,175,80,196
teacher_rank,175,81,267
teacher_rank,175,82,178
teacher_rank,175,83,202
teacher_rank,175,84,227
teacher_rank,175,85,236
teacher_rank,175,86,142
teacher_rank,175,87,233
teacher_rank,175,88,226
teacher_rank,175,89,252
teacher_rank,175,90,211
teacher_rank,175,91,154
teacher_rank,175,92,139
teacher_rank,175,93,181
teacher_rank,175,94,151
teacher_rank,175,95,245
teacher_rank,175,96,158
teacher_rank,175,97,187
teacher_rank,175,98,162
teacher_rank,175,99,198
teacher_rank,175,100,152
teacher_rank,175,101,263
teacher_rank,175,102,136
teacher_rank,175,103,137
teacher_rank,175,104,209
teacher_rank,175,105,195
teacher_rank,175,106,144
teacher_rank,175,107,268
teacher_rank,175,108,148
teacher_rank,175,109,147
teacher_rank,175,110,276
teacher_rank,175,111,180
teacher_rank,175,112,205
teacher_rank,175,113,175
teacher_rank,175,114,279
teacher_rank,175,115,219
teacher_rank,175,116,185
teacher_rank,175,117,273
teacher_rank,175,118,140
teacher_rank,175,119,235
teacher_rank,175,120,155
teacher_rank,175,121,239
teacher_rank,175,122,177
teacher_rank,175,123,261
teacher_rank,175,124,204
teacher_rank,175,125,218
teacher_rank,175,126,133
teacher_rank,175,127,168
teacher_rank,175,128,145
teacher_rank,175,129,206
teacher_rank,175,130,167
teacher_rank,175,131,269
teacher_rank,175,132,260
teacher_rank,175,133,156
teacher_rank,175,134,169
teacher_rank,175,135,230
teacher_rank,175,136,247
teacher_rank,175,137,217
teacher_rank,175,138,280
teacher_rank,175,139,135
teacher_rank,175,140,225
teacher_rank,175,141,277
teacher_rank,175,142,131
teacher_rank,175,143,212
teacher_rank,175,144,149
teacher_rank,175,145,138
teacher_rank,175,146,203
teacher_rank,175,147,186
teacher_rank,175,148,153
teacher_rank,175,149,214
teacher_rank,175,150,224
teacher_rank,176,1,148
teacher_rank,176,2,181
teacher_rank,176,3,277
teacher_rank,176,4,269
teacher_rank,176,5,175
teacher_rank,176,6,139
teacher_rank,176,7,233
teacher_rank,176,8,201
teacher_rank,176,9,156
teacher_rank,176,10,142
teacher_rank,176,11,212
teacher_rank,176,12,131
teacher_rank,176,13,162
teacher_rank,176,14,154
teacher_rank,176,15,214
teacher_rank,176,16,235
teacher_rank,176,17,205
teacher_rank,176,18,153
teacher_rank,176,19,144
teacher_rank,176,20,220
teacher_rank,176,21,211
teacher_rank,176,22,152
teacher_rank,176,23,160
teacher_rank,176,24,247
teacher_rank,176,25,251
teacher_rank,176,26,159
teacher_rank,176,27,209
teacher_rank,176,28,254
teacher_rank,176,29,143
teacher_rank,176,30,272
teacher_rank,176,31,190
teacher_rank,176,32,243
teacher_rank,176,33,146
teacher_rank,176,34,173
teacher_rank,176,35,216
teacher_rank,176,36,202
teacher_rank,176,37,141
teacher_rank,176,38,178
teacher_rank,176,39,248
teacher_rank,176,40,157
teacher_rank,176,41,204
teacher_rank,176,42,164
teacher_rank,176,43,161
teacher_rank,176,44,237
teacher_rank,176,45,155
teacher_rank,176,46,259
teacher_rank,176,47,197
teacher_rank,176,48,136
teacher_rank,176,49,151
teacher_rank,176,50,265
teacher_rank,176,51,196
teacher_rank,176,52,171
teacher_rank,176,53,258
teacher_rank,176,54,174
teacher_rank,176,55,217
teacher_rank,176,56,236
teacher_rank,176,57,200
teacher_rank,176,58,137
teacher_rank,176,59,208
teacher_rank,176,60,206
teacher_rank,176,61,271
teacher_rank,176,62,231
teacher_rank,176,63,134
teacher_rank,176,64,182
teacher_rank,176,65,189
teacher_rank,176,66,253
teacher_rank,176,67,263
teacher_rank,176,68,176
teacher_rank,176,69,270
teacher_rank,176,70,226
teacher_rank,176,71,278
teacher_rank,176,72,221
teacher_rank,176,73,234
teacher_rank,176,74,257
teacher_rank,176,75,275
teacher_rank,176,76,238
teacher_rank,176,77,169
teacher_rank,176,78,245
teacher_rank,176,79,133
teacher_rank,176,80,207
teacher_rank,176,81,186
teacher_rank,176,82,165
teacher_rank,176,83,158
teacher_rank,176,84,273
teacher_rank,176,85,132
teacher_rank,176,86,242
teacher_rank,176,87,192
teacher_rank,176,88,195
teacher_rank,176,89,279
teacher_rank,176,90,249
teacher_rank,176,91,229
teacher_rank,176,92,252
teacher_rank,176,93,180
teacher_rank,176,94,198
teacher_rank,176,95,194
teacher_rank,176,96,191
teacher_rank,176,97,187
teacher_rank,176,98,219
teacher_rank,176,99,223
teacher_rank,176,100,147
teacher_rank,176,101,225
teacher_rank,176,102,183
teacher_rank,176,103,250
teacher_rank,176,104,244
teacher_rank,176,105,267
teacher_rank,176,106,222
teacher_rank,176,107,227
teacher_rank,176,108,185
teacher_rank,176,109,224
teacher_rank,176,110,262
teacher_rank,176,111,215
teacher_rank,176,112,150
teacher_rank,176,113,264
teacher_rank,176,114,241
teacher_rank,176,115,193
teacher_rank,176,116,261
teacher_rank,176,117,184
teacher_rank,176,118,145
teacher_rank,176,119,213
teacher_rank,176,120,266
teacher_rank,176,121,268
teacher_rank,176,122,179
teacher_rank,176,123,166
teacher_rank,176,124,170
teacher_rank,176,125,210
teacher_rank,176,126,276
teacher_rank,176,127,246
teacher_rank,176,128,232
teacher_rank,176,129,168
teacher_rank,176,130,218
teacher_rank,176,131,239
teacher_rank,176,132,140
teacher_rank,176,133,167
teacher_rank,176,134,240
teacher_rank,176,135,135
teacher_rank,176,136,260
teacher_rank,176,137,149
teacher_rank,176,138,188
teacher_rank,176,139,280
teacher_rank,176,140,138
teacher_rank,176,141,199
teacher_rank,176,142,177
teacher_rank,176,143,163
teacher_rank,176,144,255
teacher_rank,176,145,230
teacher_rank,176,146,274
teacher_rank,176,147,228
teacher_rank,176,148,203
teacher_rank,176,149,256
teacher_rank,176,150,172
teacher_rank,177,1,176
teacher_rank,177,2,193
teacher_rank,177,3,170
teacher_rank,177,4,132
teacher_rank,177,5,255
teacher_rank,177,6,232
teacher_rank,177,7,274
teacher_rank,177,8,257
teacher_rank,177,9,199
teacher_rank,177,10,234
teacher_rank,177,11,278
teacher_rank,177,12,179
teacher_rank,177,13,250
teacher_rank,177,14,231
teacher_rank,177,15,163
teacher_rank,177,16,134
teacher_rank,177,17,222
teacher_rank,177,18,174
teacher_rank,177,19,236
teacher_rank,177,20,218
teacher_rank,177,21,139
teacher_rank,177,22,160
teacher_rank,177,23,143
teacher_rank,177,24,209
teacher_rank,177,25,220
teacher_rank,177,26,142
teacher_rank,177,27,154
teacher_rank,177,28,272
teacher_rank,177,29,268
teacher_rank,177,30,189
teacher_rank,177,31,187
teacher_rank,177,32,166
teacher_rank,177,33,151
teacher_rank,177,34,164
teacher_rank,177,35,198
teacher_rank,177,36,150
teacher_rank,177,37,233
teacher_rank,177,38,137
teacher_rank,177,39,168
teacher_rank,177,40,252
teacher_rank,177,41,178
teacher_rank,177,42,162
teacher_rank,177,43,202
teacher_rank,177,44,194
teacher_rank,177,45,267
teacher_rank,177,46,156
teacher_rank,177,47,173
teacher_rank,177,48,271
teacher_rank,177,49,211
teacher_rank,177,50,200
teacher_rank,177,51,141
teacher_rank,177,52,235
teacher_rank,177,53,208
teacher_rank,177,54,144
teacher_rank,177,55,279
teacher_rank,177,56,167
teacher_rank,177,57,175
teacher_rank,177,58,161
teacher_rank,177,59,276
teacher_rank,177,60,247
teacher_rank,177,61,264
teacher_rank,177,62,185
teacher_rank,177,63,245
teacher_rank,177,64,262
teacher_rank,177,65,155
teacher_rank,177,66,197
teacher_rank,177,67,159
teacher_rank,177,68,258
teacher_rank,177,69,180
teacher_rank,177,70,249
teacher_rank,177,71,253
teacher_rank,177,72,148
teacher_rank,177,73,212
teacher_rank,177,74,146
teacher_rank,177,75,192
teacher_rank,177,76,171
teacher_rank,177,77,263
teacher_rank,177,78,206
teacher_rank,177,79,140
teacher_rank,177,80,227
teacher_rank,177,81,152
teacher_rank,177,82,149
teacher_rank,177,83,165
teacher_rank,177,84,275
teacher_rank,177,85,273
teacher_rank,177,86,240
teacher_rank,177,87,243
teacher_rank,177,88,182
teacher_rank,177,89,169
teacher_rank,177,90,221
teacher_rank,177,91,135
teacher_rank,177,92,251
teacher_rank,177,93,239
teacher_rank,177,94,204
teacher_rank,177,95,153
teacher_rank,177,96,223
teacher_rank,177,97,136
teacher_rank,177,98,269
teacher_rank,177,99,224
teacher_rank,177,100,226
teacher_rank,177,101,266
teacher_rank,177,102,210
teacher_rank,177,103,191
teacher_rank,177,104,242
teacher_rank,177,105,186
teacher_rank,177,106,217
teacher_rank,177,107,190
teacher_rank,177,108,157
teacher_rank,177,109,196
teacher_rank,177,110,177
teacher_rank,177,111,244
teacher_rank,177,112,265
teacher_rank,177,113,183
teacher_rank,177,114,181
teacher_rank,177,115,195
teacher_rank,177,116,256
teacher_rank,177,117,216
teacher_rank,177,118,147
teacher_rank,177,119,259
teacher_rank,177,120,254
teacher_rank,177,121,207
teacher_rank,177,122,205
teacher_rank,177,123,260
teacher_rank,177,124,238
teacher_rank,177,125,248
teacher_rank,177,126,145
teacher_rank,177,127,261
teacher_rank,177,128,229
teacher_rank,177,129,131
teacher_rank,177,130,219
teacher_rank,177,131,246
teacher_rank,177,132,201
teacher_rank,177,133,188
teacher_rank,177,134,230
teacher_rank,177,135,133
teacher_rank,177,136,228
teacher_rank,177,137,215
teacher_rank,177,138,172
teacher_rank,177,139,213
teacher_rank,177,140,280
teacher_rank,177,141,270
teacher_rank,177,142,158
teacher_rank,177,143,237
teacher_rank,177,144,241
teacher_rank,177,145,184
teacher_rank,177,146,138
teacher_rank,177,147,203
teacher_rank,177,148,214
teacher_rank,177,149,277
teacher_rank,177,150,225
teacher_rank,178,1,175
teacher_rank,178,2,269
teacher_rank,178,3,181
teacher_rank,178,4,139
teacher_rank,178,5,148
teacher_rank,178,6,212
teacher_rank,178,7,233
teacher_rank,178,8,277
teacher_rank,178,9,154
teacher_rank,178,10,156
teacher_rank,178,11,162
teacher_rank,178,12,201
teacher_rank,178,13,235
teacher_rank,178,14,153
teacher_rank,178,15,131
teacher_rank,178,16,214
teacher_rank,178,17,142
teacher_rank,178,18,205
teacher_rank,178,19,173
teacher_rank,178,20,174
teacher_rank,178,21,208
teacher_rank,178,22,189
teacher_rank,178,23,243
teacher_rank,178,24,234
teacher_rank,178,25,164
teacher_rank,178,26,200
teacher_rank,178,27,183
teacher_rank,178,28,247
teacher_rank,178,29,194
teacher_rank,178,30,254
teacher_rank,178,31,253
teacher_rank,178,32,258
teacher_rank,178,33,271
teacher_rank,178,34,220
teacher_rank,178,35,262
teacher_rank,178,36,182
teacher_rank,178,37,197
teacher_rank,178,38,240
teacher_rank,178,39,218
teacher_rank,178,40,275
teacher_rank,178,41,238
teacher_rank,178,42,259
teacher_rank,178,43,176
teacher_rank,178,44,144
teacher_rank,178,45,171
teacher_rank,178,46,249
teacher_rank,178,47,223
teacher_rank,178,48,160
teacher_rank,178,49,216
teacher_rank,178,50,221
teacher_rank,178,51,155
teacher_rank,178,52,178
teacher_rank,178,53,231
teacher_rank,178,54,150
teacher_rank,178,55,222
teacher_rank,178,56,137
teacher_rank,178,57,152
teacher_rank,178,58,151
teacher_rank,178,59,264
teacher_rank,178,60,159
teacher_rank,178,61,147
teacher_rank,178,62,226
teacher_rank,178,63,169
teacher_rank,178,64,232
teacher_rank,178,65,251
teacher_rank,178,66,248
teacher_rank,178,67,209
teacher_rank,178,68,257
teacher_rank,178,69,239
teacher_rank,178,70,224
teacher_rank,178,71,211
teacher_rank,178,72,165
teacher_rank,178,73,242
teacher_rank,178,74,266
teacher_rank,178,75,146
teacher_rank,178,76,186
teacher_rank,178,77,192
teacher_rank,178,78,263
teacher_rank,178,79,136
teacher_rank,178,80,217
teacher_rank,178,81,255
teacher_rank,178,82,180
teacher_rank,178,83,188
teacher_rank,178,84,250
teacher_rank,178,85,261
teacher_rank,178,86,204
teacher_rank,178,87,184
teacher_rank,178,88,145
teacher_rank,178,89,143
teacher_rank,178,90,252
teacher_rank,178,91,225
teacher_rank,178,92,237
teacher_rank,178,93,206
teacher_rank,178,94,168
teacher_rank,178,95,196
teacher_rank,178,96,141
teacher_rank,178,97,161
teacher_rank,178,98,163
teacher_rank,178,99,179
teacher_rank,178,100,199
teacher_rank,178,101,134
teacher_rank,178,102,267
teacher_rank,178,103,270
teacher_rank,178,104,140
teacher_rank,178,105,202
teacher_rank,178,106,268
teacher_rank,178,107,193
teacher_rank,178,108,210
teacher_rank,178,109,177
teacher_rank,178,110,278
teacher_rank,178,111,256
teacher_rank,178,112,172
teacher_rank,178,113,187
teacher_rank,178,114,245
teacher_rank,178,115,215
teacher_rank,178,116,228
teacher_rank,178,117,279
teacher_rank,178,118,213
teacher_rank,178,119,260
teacher_rank,178,120,132
teacher_rank,178,121,198
teacher_rank,178,122,195
teacher_rank,178,123,236
teacher_rank,178,124,246
teacher_rank,178,125,133
teacher_rank,178,126,273
teacher_rank,178,127,191
teacher_rank,178,128,185
teacher_rank,178,129,265
teacher_rank,178,130,135
teacher_rank,178,131,272
teacher_rank,178,132,207
teacher_rank,178,133,138
teacher_rank,178,134,229
teacher_rank,178,135,170
teacher_rank,178,136,158
teacher_rank,178,137,167
teacher_rank,178,138,166
teacher_rank,178,139,244
teacher_rank,178,140,149
teacher_rank,178,141,227
teacher_rank,178,142,276
teacher_rank,178,143,203
teacher_rank,178,144,157
teacher_rank,178,145,230
teacher_rank,178,146,280
teacher_rank,178,147,274
teacher_rank,178,148,219
teacher_rank,178,149,190
teacher_rank,178,150,241
teacher_rank,179,1,141
teacher_rank,179,2,182
teacher_rank,179,3,200
teacher_rank,179,4,207
teacher_rank,179,5,173
teacher_rank,179,6,213
teacher_rank,179,7,146
teacher_rank,179,8,248
teacher_rank,179,9,174
teacher_rank,179,10,171
teacher_rank,179,11,183
teacher_rank,179,12,249
teacher_rank,179,13,210
teacher_rank,179,14,243
teacher_rank,179,15,221
teacher_rank,179,16,265
teacher_rank,179,17,242
teacher_rank,179,18,272
teacher_rank,179,19,192
teacher_rank,179,20,256
teacher_rank,179,21,165
teacher_rank,179,22,264
teacher_rank,179,23,189
teacher_rank,179,24,262
teacher_rank,179,25,184
teacher_rank,179,26,164
teacher_rank,179,27,240
teacher_rank,179,28,258
teacher_rank,179,29,241
teacher_rank,179,30,194
teacher_rank,179,31,188
teacher_rank,179,32,215
teacher_rank,179,33,253
teacher_rank,179,34,216
teacher_rank,179,35,197
teacher_rank,179,36,259
teacher_rank,179,37,166
teacher_rank,179,38,238
teacher_rank,179,39,246
teacher_rank,179,40,266
teacher_rank,179,41,271
teacher_rank,179,42,223
teacher_rank,179,43,244
teacher_rank,179,44,150
teacher_rank,179,45,270
teacher_rank,179,46,172
teacher_rank,179,47,275
teacher_rank,179,48,228
teacher_rank,179,49,208
teacher_rank,179,50,147
teacher_rank,179,51,151
teacher_rank,179,52,251
teacher_rank,179,53,191
teacher_rank,179,54,227
teacher_rank,179,55,237
teacher_rank,179,56,257
teacher_rank,179,57,218
teacher_rank,179,58,232
teacher_rank,179,59,234
teacher_rank,179,60,176
teacher_rank,179,61,236
teacher_rank,179,62,162
teacher_rank,179,63,202
teacher_rank,179,64,254
teacher_rank,179,65,154
teacher_rank,179,66,159
teacher_rank,179,67,239
teacher_rank,179,68,196
teacher_rank,179,69,190
teacher_rank,179,70,139
teacher_rank,179,71,136
teacher_rank,179,72,273
teacher_rank,179,73,268
teacher_rank,179,74,175
teacher_rank,179,75,231
teacher_rank,179,76,222
teacher_rank,179,77,143
teacher_rank,179,78,280
teacher_rank,179,79,229
teacher_rank,179,80,250
teacher_rank,179,81,193
teacher_rank,179,82,185
teacher_rank,179,83,160
teacher_rank,179,84,220
teacher_rank,179,85,133
teacher_rank,179,86,187
teacher_rank,179,87,148
teacher_rank,179,88,252
teacher_rank,179,89,177
teacher_rank,179,90,267
teacher_rank,179,91,247
teacher_rank,179,92,233
teacher_rank,179,93,180
teacher_rank,179,94,201
teacher_rank,179,95,179
teacher_rank,179,96,278
teacher_rank,179,97,226
teacher_rank,179,98,155
teacher_rank,179,99,276
teacher_rank,179,100,260
teacher_rank,179,101,263
teacher_rank,179,102,255
teacher_rank,179,103,245
teacher_rank,179,104,152
teacher_rank,179,105,224
teacher_rank,179,106,199
teacher_rank,179,107,137
teacher_rank,179,108,198
teacher_rank,179,109,169
teacher_rank,179,110,142
teacher_rank,179,111,211
teacher_rank,179,112,140
teacher_rank,179,113,181
teacher_rank,179,114,269
teacher_rank,179,115,145
teacher_rank,179,116,205
teacher_rank,179,117,161
teacher_rank,179,118,157
teacher_rank,179,119,219
teacher_rank,179,120,261
teacher_rank,179,121,195
teacher_rank,179,122,209
teacher_rank,179,123,178
teacher_rank,179,124,134
teacher_rank,179,125,158
teacher_rank,179,126,204
teacher_rank,179,127,235
teacher_rank,179,128,144
teacher_rank,179,129,156
teacher_rank,179,130,167
teacher_rank,179,131,225
teacher_rank,179,132,230
teacher_rank,179,133,131
teacher_rank,179,134,217
teacher_rank,179,135,168
teacher_rank,179,136,212
teacher_rank,179,137,186
teacher_rank,179,138,132
teacher_rank,179,139,279
teacher_rank,179,140,274
teacher_rank,179,141,277
teacher_rank,179,142,206
teacher_rank,179,143,170
teacher_rank,179,144,138
teacher_rank,179,145,135
teacher_rank,179,146,153
teacher_rank,179,147,203
teacher_rank,179,148,163
teacher_rank,179,149,149
teacher_rank,179,150,214
teacher_rank,180,1,254
teacher_rank,180,2,169
teacher_rank,180,3,155
teacher_rank,180,4,146
teacher_rank,180,5,209
teacher_rank,180,6,137
teacher_rank,180,7,248
teacher_rank,180,8,269
teacher_rank,180,9,152
teacher_rank,180,10,149
teacher_rank,180,11,143
teacher_rank,180,12,216
teacher_rank,180,13,212
teacher_rank,180,14,156
teacher_rank,180,15,242
teacher_rank,180,16,206
teacher_rank,180,17,277
teacher_rank,180,18,207
teacher_rank,180,19,195
teacher_rank,180,20,226
teacher_rank,180,21,225
teacher_rank,180,22,182
teacher_rank,180,23,187
teacher_rank,180,24,261
teacher_rank,180,25,279
teacher_rank,180,26,213
teacher_rank,180,27,158
teacher_rank,180,28,184
teacher_rank,180,29,252
teacher_rank,180,30,171
teacher_rank,180,31,181
teacher_rank,180,32,167
teacher_rank,180,33,175
teacher_rank,180,34,141
teacher_rank,180,35,205
teacher_rank,180,36,159
teacher_rank,180,37,192
teacher_rank,180,38,139
teacher_rank,180,39,210
teacher_rank,180,40,135
teacher_rank,180,41,148
teacher_rank,180,42,168
teacher_rank,180,43,162
teacher_rank,180,44,233
teacher_rank,180,45,180
teacher_rank,180,46,239
teacher_rank,180,47,272
teacher_rank,180,48,238
teacher_rank,180,49,154
teacher_rank,180,50,153
teacher_rank,180,51,241
teacher_rank,180,52,270
teacher_rank,180,53,256
teacher_rank,180,54,244
teacher_rank,180,55,201
teacher_rank,180,56,230
teacher_rank,180,57,219
teacher_rank,180,58,131
teacher_rank,180,59,265
teacher_rank,180,60,142
teacher_rank,180,61,267
teacher_rank,180,62,165
teacher_rank,180,63,157
teacher_rank,180,64,214
teacher_rank,180,65,136
teacher_rank,180,66,215
teacher_rank,180,67,268
teacher_rank,180,68,140
teacher_rank,180,69,235
teacher_rank,180,70,166
teacher_rank,180,71,203
teacher_rank,180,72,177
teacher_rank,180,73,220
teacher_rank,180,74,144
teacher_rank,180,75,224
teacher_rank,180,76,204
teacher_rank,180,77,208
teacher_rank,180,78,147
teacher_rank,180,79,247
teacher_rank,180,80,245
teacher_rank,180,81,173
teacher_rank,180,82,178
teacher_rank,180,83,211
teacher_rank,180,84,160
teacher_rank,180,85,231
teacher_rank,180,86,266
teacher_rank,180,87,217
teacher_rank,180,88,194
teacher_rank,180,89,174
teacher_rank,180,90,183
teacher_rank,180,91,189
teacher_rank,180,92,221
teacher_rank,180,93,243
teacher_rank,180,94,186
teacher_rank,180,95,133
teacher_rank,180,96,234
teacher_rank,180,97,258
teacher_rank,180,98,253
teacher_rank,180,99,202
teacher_rank,180,100,275
teacher_rank,180,101,163
teacher_rank,180,102,164
teacher_rank,180,103,251
teacher_rank,180,104,176
teacher_rank,180,105,197
teacher_rank,180,106,259
teacher_rank,180,107,198
teacher_rank,180,108,161
teacher_rank,180,109,134
teacher_rank,180,110,145
teacher_rank,180,111,223
teacher_rank,180,112,250
teacher_rank,180,113,273
teacher_rank,180,114,249
teacher_rank,180,115,264
teacher_rank,180,116,150
teacher_rank,180,117,151
teacher_rank,180,118,132
teacher_rank,180,119,200
teacher_rank,180,120,191
teacher_rank,180,121,271
teacher_rank,180,122,170
teacher_rank,180,123,138
teacher_rank,180,124,255
teacher_rank,180,125,196
teacher_rank,180,126,240
teacher_rank,180,127,236
teacher_rank,180,128,222
teacher_rank,180,129,262
teacher_rank,180,130,199
teacher_rank,180,131,188
teacher_rank,180,132,263
teacher_rank,180,133,237
teacher_rank,180,134,227
teacher_rank,180,135,179
teacher_rank,180,136,257
teacher_rank,180,137,278
teacher_rank,180,138,193
teacher_rank,180,139,218
teacher_rank,180,140,229
teacher_rank,180,141,260
teacher_rank,180,142,228
teacher_rank,180,143,280
teacher_rank,180,144,190
teacher_rank,180,145,246
teacher_rank,180,146,232
teacher_rank,180,147,172
teacher_rank,180,148,276
teacher_rank,180,149,274
teacher_rank,180,150,185
teacher_rank,183,1,131
teacher_rank,183,2,277
teacher_rank,183,3,269
teacher_rank,183,4,146
teacher_rank,183,5,175
teacher_rank,183,6,212
teacher_rank,183,7,248
teacher_rank,183,8,201
teacher_rank,183,9,233
teacher_rank,183,10,216
teacher_rank,183,11,181
teacher_rank,183,12,148
teacher_rank,183,13,213
teacher_rank,183,14,185
teacher_rank,183,15,263
teacher_rank,183,16,207
teacher_rank,183,17,153
teacher_rank,183,18,141
teacher_rank,183,19,139
teacher_rank,183,20,184
teacher_rank,183,21,214
teacher_rank,183,22,242
teacher_rank,183,23,205
teacher_rank,183,24,182
teacher_rank,183,25,238
teacher_rank,183,26,156
teacher_rank,183,27,186
teacher_rank,183,28,235
teacher_rank,183,29,171
teacher_rank,183,30,192
teacher_rank,183,31,142
teacher_rank,183,32,160
teacher_rank,183,33,210
teacher_rank,183,34,154
teacher_rank,183,35,272
teacher_rank,183,36,215
teacher_rank,183,37,241
teacher_rank,183,38,209
teacher_rank,183,39,265
teacher_rank,183,40,256
teacher_rank,183,41,244
teacher_rank,183,42,239
teacher_rank,183,43,166
teacher_rank,183,44,270
teacher_rank,183,45,162
teacher_rank,183,46,165
teacher_rank,183,47,152
teacher_rank,183,48,144
teacher_rank,183,49,247
teacher_rank,183,50,136
teacher_rank,183,51,204
teacher_rank,183,52,226
teacher_rank,183,53,145
teacher_rank,183,54,155
teacher_rank,183,55,220
teacher_rank,183,56,237
teacher_rank,183,57,183
teacher_rank,183,58,211
teacher_rank,183,59,222
teacher_rank,183,60,234
teacher_rank,183,61,254
teacher_rank,183,62,169
teacher_rank,183,63,206
teacher_rank,183,64,217
teacher_rank,183,65,161
teacher_rank,183,66,202
teacher_rank,183,67,188
teacher_rank,183,68,259
teacher_rank,183,69,168
teacher_rank,183,70,198
teacher_rank,183,71,208
teacher_rank,183,72,225
teacher_rank,183,73,140
teacher_rank,183,74,253
teacher_rank,183,75,255
teacher_rank,183,76,250
teacher_rank,183,77,251
teacher_rank,183,78,138
teacher_rank,183,79,278
teacher_rank,183,80,133
teacher_rank,183,81,157
teacher_rank,183,82,163
teacher_rank,183,83,194
teacher_rank,183,84,275
teacher_rank,183,85,267
teacher_rank,183,86,173
teacher_rank,183,87,231
teacher_rank,183,88,258
teacher_rank,183,89,134
teacher_rank,183,90,147
teacher_rank,183,91,196
teacher_rank,183,92,191
teacher_rank,183,93,132
teacher_rank,183,94,243
teacher_rank,183,95,264
teacher_rank,183,96,137
teacher_rank,183,97,179
teacher_rank,183,98,151
teacher_rank,183,99,150
teacher_rank,183,100,159
teacher_rank,183,101,279
teacher_rank,183,102,261
teacher_rank,183,103,135
teacher_rank,183,104,266
teacher_rank,183,105,187
teacher_rank,183,106,245
teacher_rank,183,107,240
teacher_rank,183,108,218
teacher_rank,183,109,274
teacher_rank,183,110,224
teacher_rank,183,111,221
teacher_rank,183,112,164
teacher_rank,183,113,170
teacher_rank,183,114,143
teacher_rank,183,115,197
teacher_rank,183,116,223
teacher_rank,183,117,257
teacher_rank,183,118,178
teacher_rank,183,119,180
teacher_rank,183,120,228
teacher_rank,183,121,199
teacher_rank,183,122,227
teacher_rank,183,123,172
teacher_rank,183,124,203
teacher_rank,183,125,260
teacher_rank,183,126,280
teacher_rank,183,127,273
teacher_rank,183,128,195
teacher_rank,183,129,229
teacher_rank,183,130,246
teacher_rank,183,131,158
teacher_rank,183,132,252
teacher_rank,183,133,149
teacher_rank,183,134,271
teacher_rank,183,135,176
teacher_rank,183,136,167
teacher_rank,183,137,174
teacher_rank,183,138,190
teacher_rank,183,139,230
teacher_rank,183,140,249
teacher_rank,183,141,189
teacher_rank,183,142,177
teacher_rank,183,143,276
teacher_rank,183,144,268
teacher_rank,183,145,200
teacher_rank,183,146,236
teacher_rank,183,147,219
teacher_rank,183,148,232
teacher_rank,183,149,262
teacher_rank,183,150,193
teacher_rank,189,1,254
teacher_rank,189,2,169
teacher_rank,189,3,225
teacher_rank,189,4,155
teacher_rank,189,5,146
teacher_rank,189,6,137
teacher_rank,189,7,143
teacher_rank,189,8,149
teacher_rank,189,9,158
teacher_rank,189,10,248
teacher_rank,189,11,226
teacher_rank,189,12,195
teacher_rank,189,13,187
teacher_rank,189,14,207
teacher_rank,189,15,279
teacher_rank,189,16,261
teacher_rank,189,17,216
teacher_rank,189,18,159
teacher_rank,189,19,167
teacher_rank,189,20,135
teacher_rank,189,21,230
teacher_rank,189,22,252
teacher_rank,189,23,213
teacher_rank,189,24,182
teacher_rank,189,25,210
teacher_rank,189,26,168
teacher_rank,189,27,141
teacher_rank,189,28,184
teacher_rank,189,29,219
teacher_rank,189,30,192
teacher_rank,189,31,242
teacher_rank,189,32,180
teacher_rank,189,33,171
teacher_rank,189,34,272
teacher_rank,189,35,267
teacher_rank,189,36,157
teacher_rank,189,37,136
teacher_rank,189,38,241
teacher_rank,189,39,265
teacher_rank,189,40,268
teacher_rank,189,41,270
teacher_rank,189,42,203
teacher_rank,189,43,244
teacher_rank,189,44,256
teacher_rank,189,45,140
teacher_rank,189,46,238
teacher_rank,189,47,177
teacher_rank,189,48,165
teacher_rank,189,49,215
teacher_rank,189,50,166
teacher_rank,189,51,245
teacher_rank,189,52,204
teacher_rank,189,53,273
teacher_rank,189,54,133
teacher_rank,189,55,220
teacher_rank,189,56,217
teacher_rank,189,57,231
teacher_rank,189,58,221
teacher_rank,189,59,212
teacher_rank,189,60,269
teacher_rank,189,61,156
teacher_rank,189,62,144
teacher_rank,189,63,148
teacher_rank,189,64,277
teacher_rank,189,65,147
teacher_rank,189,66,259
teacher_rank,189,67,266
teacher_rank,189,68,153
teacher_rank,189,69,257
teacher_rank,189,70,205
teacher_rank,189,71,202
teacher_rank,189,72,198
teacher_rank,189,73,161
teacher_rank,189,74,134
teacher_rank,189,75,173
teacher_rank,189,76,181
teacher_rank,189,77,211
teacher_rank,189,78,152
teacher_rank,189,79,176
teacher_rank,189,80,189
teacher_rank,189,81,183
teacher_rank,189,82,258
teacher_rank,189,83,239
teacher_rank,189,84,243
teacher_rank,189,85,251
teacher_rank,189,86,142
teacher_rank,189,87,222
teacher_rank,189,88,234
teacher_rank,189,89,191
teacher_rank,189,90,139
teacher_rank,189,91,194
teacher_rank,189,92,179
teacher_rank,189,93,264
teacher_rank,189,94,188
teacher_rank,189,95,275
teacher_rank,189,96,186
teacher_rank,189,97,201
teacher_rank,189,98,178
teacher_rank,189,99,150
teacher_rank,189,100,175
teacher_rank,189,101,131
teacher_rank,189,102,247
teacher_rank,189,103,197
teacher_rank,189,104,209
teacher_rank,189,105,240
teacher_rank,189,106,208
teacher_rank,189,107,196
teacher_rank,189,108,132
teacher_rank,189,109,164
teacher_rank,189,110,145
teacher_rank,189,111,174
teacher_rank,189,112,249
teacher_rank,189,113,253
teacher_rank,189,114,278
teacher_rank,189,115,237
teacher_rank,189,116,250
teacher_rank,189,117,162
teacher_rank,189,118,260
teacher_rank,189,119,200
teacher_rank,189,120,170
teacher_rank,189,121,255
teacher_rank,189,122,199
teacher_rank,189,123,138
teacher_rank,189,124,229
teacher_rank,189,125,224
teacher_rank,189,126,227
teacher_rank,189,127,280
teacher_rank,189,128,160
teacher_rank,189,129,271
teacher_rank,189,130,235
teacher_rank,189,131,163
teacher_rank,189,132,193
teacher_rank,189,133,206
teacher_rank,189,134,228
teacher_rank,189,135,274
teacher_rank,189,136,151
teacher_rank,189,137,236
teacher_rank,189,138,233
teacher_rank,189,139,223
teacher_rank,189,140,218
teacher_rank,189,141,154
teacher_rank,189,142,262
teacher_rank,189,143,246
teacher_rank,189,144,276
teacher_rank,189,145,214
teacher_rank,189,146,190
teacher_rank,189,147,263
teacher_rank,189,148,172
teacher_rank,189,149,185
teacher_rank,189,150,232
teacher_rank,191,1,189
teacher_rank,191,2,174
teacher_rank,191,3,243
teacher_rank,191,4,228
teacher_rank,191,5,172
teacher_rank,191,6,150
teacher_rank,191,7,173
teacher_rank,191,8,194
teacher_rank,191,9,271
teacher_rank,191,10,164
teacher_rank,191,11,188
teacher_rank,191,12,259
teacher_rank,191,13,196
teacher_rank,191,14,249
teacher_rank,191,15,236
teacher_rank,191,16,178
teacher_rank,191,17,258
teacher_rank,191,18,253
teacher_rank,191,19,223
teacher_rank,191,20,221
teacher_rank,191,21,266
teacher_rank,191,22,280
teacher_rank,191,23,200
teacher_rank,191,24,262
teacher_rank,191,25,232
teacher_rank,191,26,182
teacher_rank,191,27,257
teacher_rank,191,28,171
teacher_rank,191,29,210
teacher_rank,191,30,151
teacher_rank,191,31,256
teacher_rank,191,32,154
teacher_rank,191,33,165
teacher_rank,191,34,185
teacher_rank,191,35,175
teacher_rank,191,36,218
teacher_rank,191,37,239
teacher_rank,191,38,183
teacher_rank,191,39,234
teacher_rank,191,40,162
teacher_rank,191,41,263
teacher_rank,191,42,177
teacher_rank,191,43,268
teacher_rank,191,44,213
teacher_rank,191,45,139
teacher_rank,191,46,247
teacher_rank,191,47,254
teacher_rank,191,48,141
teacher_rank,191,49,273
teacher_rank,191,50,252
teacher_rank,191,51,159
teacher_rank,191,52,250
teacher_rank,191,53,248
teacher_rank,191,54,265
teacher_rank,191,55,180
teacher_rank,191,56,231
teacher_rank,191,57,192
teacher_rank,191,58,240
teacher_rank,191,59,233
teacher_rank,191,60,160
teacher_rank,191,61,143
teacher_rank,191,62,226
teacher_rank,191,63,176
teacher_rank,191,64,187
teacher_rank,191,65,136
teacher_rank,191,66,251
teacher_rank,191,67,255
teacher_rank,191,68,222
teacher_rank,191,69,260
teacher_rank,191,70,215
teacher_rank,191,71,155
teacher_rank,191,72,148
teacher_rank,191,73,137
teacher_rank,191,74,207
teacher_rank,191,75,220
teacher_rank,191,76,264
teacher_rank,191,77,278
teacher_rank,191,78,261
teacher_rank,191,79,237
teacher_rank,191,80,179
teacher_rank,191,81,201
teacher_rank,191,82,276
teacher_rank,191,83,152
teacher_rank,191,84,246
teacher_rank,191,85,230
teacher_rank,191,86,131
teacher_rank,191,87,146
teacher_rank,191,88,216
teacher_rank,191,89,169
teacher_rank,191,90,208
teacher_rank,191,91,242
teacher_rank,191,92,267
teacher_rank,191,93,181
teacher_rank,191,94,202
teacher_rank,191,95,161
teacher_rank,191,96,197
teacher_rank,191,97,235
teacher_rank,191,98,193
teacher_rank,191,99,145
teacher_rank,191,100,140
teacher_rank,191,101,168
teacher_rank,191,102,157
teacher_rank,191,103,198
teacher_rank,191,104,138
teacher_rank,191,105,211
teacher_rank,191,106,156
teacher_rank,191,107,134
teacher_rank,191,108,225
teacher_rank,191,109,166
teacher_rank,191,110,275
teacher_rank,191,111,269
teacher_rank,191,112,190
teacher_rank,191,113,229
teacher_rank,191,114,270
teacher_rank,191,115,199
teacher_rank,191,116,195
teacher_rank,191,117,209
teacher_rank,191,118,219
teacher_rank,191,119,204
teacher_rank,191,120,186
teacher_rank,191,121,272
teacher_rank,191,122,158
teacher_rank,191,123,238
teacher_rank,191,124,217
teacher_rank,191,125,191
teacher_rank,191,126,167
teacher_rank,191,127,142
teacher_rank,191,128,147
teacher_rank,191,129,133
teacher_rank,191,130,144
teacher_rank,191,131,245
teacher_rank,191,132,241
teacher_rank,191,133,277
teacher_rank,191,134,163
teacher_rank,191,135,279
teacher_rank,191,136,206
teacher_rank,191,137,227
teacher_rank,191,138,205
teacher_rank,191,139,184
teacher_rank,191,140,153
teacher_rank,191,141,170
teacher_rank,191,142,274
teacher_rank,191,143,132
teacher_rank,191,144,135
teacher_rank,191,145,212
teacher_rank,191,146,244
teacher_rank,191,147,224
teacher_rank,191,148,203
teacher_rank,191,149,214
teacher_rank,191,150,149
teacher_rank,192,1,207
teacher_rank,192,2,210
teacher_rank,192,3,192
teacher_rank,192,4,146
teacher_rank,192,5,141
teacher_rank,192,6,182
teacher_rank,192,7,248
teacher_rank,192,8,184
teacher_rank,192,9,213
teacher_rank,192,10,256
teacher_rank,192,11,272
teacher_rank,192,12,242
teacher_rank,192,13,216
teacher_rank,192,14,171
teacher_rank,192,15,265
teacher_rank,192,16,238
teacher_rank,192,17,241
teacher_rank,192,18,244
teacher_rank,192,19,215
teacher_rank,192,20,166
teacher_rank,192,21,270
teacher_rank,192,22,165
teacher_rank,192,23,176
teacher_rank,192,24,249
teacher_rank,192,25,234
teacher_rank,192,26,202
teacher_rank,192,27,251
teacher_rank,192,28,258
teacher_rank,192,29,147
teacher_rank,192,30,173
teacher_rank,192,31,236
teacher_rank,192,32,218
teacher_rank,192,33,174
teacher_rank,192,34,254
teacher_rank,192,35,190
teacher_rank,192,36,221
teacher_rank,192,37,191
teacher_rank,192,38,271
teacher_rank,192,39,189
teacher_rank,192,40,133
teacher_rank,192,41,239
teacher_rank,192,42,205
teacher_rank,192,43,245
teacher_rank,192,44,183
teacher_rank,192,45,193
teacher_rank,192,46,197
teacher_rank,192,47,159
teacher_rank,192,48,199
teacher_rank,192,49,179
teacher_rank,192,50,246
teacher_rank,192,51,243
teacher_rank,192,52,195
teacher_rank,192,53,280
teacher_rank,192,54,200
teacher_rank,192,55,264
teacher_rank,192,56,231
teacher_rank,192,57,240
teacher_rank,192,58,257
teacher_rank,192,59,227
teacher_rank,192,60,148
teacher_rank,192,61,196
teacher_rank,192,62,151
teacher_rank,192,63,142
teacher_rank,192,64,222
teacher_rank,192,65,255
teacher_rank,192,66,158
teacher_rank,192,67,136
teacher_rank,192,68,275
teacher_rank,192,69,134
teacher_rank,192,70,262
teacher_rank,192,71,224
teacher_rank,192,72,178
teacher_rank,192,73,247
teacher_rank,192,74,135
teacher_rank,192,75,144
teacher_rank,192,76,164
teacher_rank,192,77,150
teacher_rank,192,78,161
teacher_rank,192,79,220
teacher_rank,192,80,156
teacher_rank,192,81,209
teacher_rank,192,82,208
teacher_rank,192,83,273
teacher_rank,192,84,266
teacher_rank,192,85,155
teacher_rank,192,86,169
teacher_rank,192,87,211
teacher_rank,192,88,143
teacher_rank,192,89,198
teacher_rank,192,90,194
teacher_rank,192,91,276
teacher_rank,192,92,160
teacher_rank,192,93,201
teacher_rank,192,94,267
teacher_rank,192,95,188
teacher_rank,192,96,253
teacher_rank,192,97,225
teacher_rank,192,98,139
teacher_rank,192,99,181
teacher_rank,192,100,226
teacher_rank,192,101,152
teacher_rank,192,102,252
teacher_rank,192,103,233
teacher_rank,192,104,278
teacher_rank,192,105,269
teacher_rank,192,106,175
teacher_rank,192,107,187
teacher_rank,192,108,217
teacher_rank,192,109,140
teacher_rank,192,110,162
teacher_rank,192,111,223
teacher_rank,192,112,229
teacher_rank,192,113,180
teacher_rank,192,114,232
teacher_rank,192,115,212
teacher_rank,192,116,167
teacher_rank,192,117,260
teacher_rank,192,118,186
teacher_rank,192,119,170
teacher_rank,192,120,235
teacher_rank,192,121,219
teacher_rank,192,122,237
teacher_rank,192,123,279
teacher_rank,192,124,145
teacher_rank,192,125,172
teacher_rank,192,126,177
teacher_rank,192,127,203
teacher_rank,192,128,261
teacher_rank,192,129,268
teacher_rank,192,130,263
teacher_rank,192,131,206
teacher_rank,192,132,250
teacher_rank,192,133,163
teacher_rank,192,134,132
teacher_rank,192,135,153
teacher_rank,192,136,157
teacher_rank,192,137,204
teacher_rank,192,138,149
teacher_rank,192,139,277
teacher_rank,192,140,154
teacher_rank,192,141,137
teacher_rank,192,142,168
teacher_rank,192,143,131
teacher_rank,192,144,214
teacher_rank,192,145,228
teacher_rank,192,146,259
teacher_rank,192,147,138
teacher_rank,192,148,274
teacher_rank,192,149,230
teacher_rank,192,150,185
teacher_rank,193,1,207
teacher_rank,193,2,200
teacher_rank,193,3,182
teacher_rank,193,4,141
teacher_rank,193,5,173
teacher_rank,193,6,174
teacher_rank,193,7,146
teacher_rank,193,8,249
teacher_rank,193,9,171
teacher_rank,193,10,221
teacher_rank,193,11,183
teacher_rank,193,12,213
teacher_rank,193,13,248
teacher_rank,193,14,210
teacher_rank,193,15,272
teacher_rank,193,16,243
teacher_rank,193,17,258
teacher_rank,193,18,240
teacher_rank,193,19,184
teacher_rank,193,20,265
teacher_rank,193,21,189
teacher_rank,193,22,242
teacher_rank,193,23,192
teacher_rank,193,24,256
teacher_rank,193,25,262
teacher_rank,193,26,264
teacher_rank,193,27,164
teacher_rank,193,28,165
teacher_rank,193,29,253
teacher_rank,193,30,266
teacher_rank,193,31,241
teacher_rank,193,32,194
teacher_rank,193,33,215
teacher_rank,193,34,188
teacher_rank,193,35,259
teacher_rank,193,36,216
teacher_rank,193,37,166
teacher_rank,193,38,238
teacher_rank,193,39,271
teacher_rank,193,40,246
teacher_rank,193,41,270
teacher_rank,193,42,197
teacher_rank,193,43,223
teacher_rank,193,44,150
teacher_rank,193,45,244
teacher_rank,193,46,172
teacher_rank,193,47,275
teacher_rank,193,48,228
teacher_rank,193,49,208
teacher_rank,193,50,147
teacher_rank,193,51,151
teacher_rank,193,52,227
teacher_rank,193,53,191
teacher_rank,193,54,159
teacher_rank,193,55,237
teacher_rank,193,56,257
teacher_rank,193,57,202
teacher_rank,193,58,176
teacher_rank,193,59,251
teacher_rank,193,60,236
teacher_rank,193,61,148
teacher_rank,193,62,190
teacher_rank,193,63,175
teacher_rank,193,64,218
teacher_rank,193,65,254
teacher_rank,193,66,196
teacher_rank,193,67,239
teacher_rank,193,68,234
teacher_rank,193,69,229
teacher_rank,193,70,139
teacher_rank,193,71,280
teacher_rank,193,72,201
teacher_rank,193,73,231
teacher_rank,193,74,155
teacher_rank,193,75,160
teacher_rank,193,76,180
teacher_rank,193,77,232
teacher_rank,193,78,247
teacher_rank,193,79,219
teacher_rank,193,80,211
teacher_rank,193,81,136
teacher_rank,193,82,245
teacher_rank,193,83,177
teacher_rank,193,84,193
teacher_rank,193,85,233
teacher_rank,193,86,268
teacher_rank,193,87,154
teacher_rank,193,88,273
teacher_rank,193,89,252
teacher_rank,193,90,222
teacher_rank,193,91,195
teacher_rank,193,92,143
teacher_rank,193,93,220
teacher_rank,193,94,142
teacher_rank,193,95,161
teacher_rank,193,96,158
teacher_rank,193,97,144
teacher_rank,193,98,134
teacher_rank,193,99,179
teacher_rank,193,100,199
teacher_rank,193,101,255
teacher_rank,193,102,260
teacher_rank,193,103,198
teacher_rank,193,104,276
teacher_rank,193,105,225
teacher_rank,193,106,181
teacher_rank,193,107,226
teacher_rank,193,108,178
teacher_rank,193,109,162
teacher_rank,193,110,157
teacher_rank,193,111,133
teacher_rank,193,112,269
teacher_rank,193,113,224
teacher_rank,193,114,152
teacher_rank,193,115,209
teacher_rank,193,116,185
teacher_rank,193,117,187
teacher_rank,193,118,205
teacher_rank,193,119,278
teacher_rank,193,120,263
teacher_rank,193,121,250
teacher_rank,193,122,279
teacher_rank,193,123,267
teacher_rank,193,124,169
teacher_rank,193,125,235
teacher_rank,193,126,137
teacher_rank,193,127,261
teacher_rank,193,128,140
teacher_rank,193,129,212
teacher_rank,193,130,230
teacher_rank,193,131,145
teacher_rank,193,132,186
teacher_rank,193,133,156
teacher_rank,193,134,217
teacher_rank,193,135,206
teacher_rank,193,136,204
teacher_rank,193,137,170
teacher_rank,193,138,131
teacher_rank,193,139,135
teacher_rank,193,140,274
teacher_rank,193,141,167
teacher_rank,193,142,168
teacher_rank,193,143,132
teacher_rank,193,144,214
teacher_rank,193,145,203
teacher_rank,193,146,163
teacher_rank,193,147,153
teacher_rank,193,148,277
teacher_rank,193,149,138
teacher_rank,193,150,149
teacher_rank,194,1,176
teacher_rank,194,2,255
teacher_rank,194,3,274
teacher_rank,194,4,179
teacher_rank,194,5,170
teacher_rank,194,6,193
teacher_rank,194,7,278
teacher_rank,194,8,257
teacher_rank,194,9,234
teacher_rank,194,10,232
teacher_rank,194,11,132
teacher_rank,194,12,163
teacher_rank,194,13,199
teacher_rank,194,14,222
teacher_rank,194,15,250
teacher_rank,194,16,134
teacher_rank,194,17,231
teacher_rank,194,18,141
teacher_rank,194,19,136
teacher_rank,194,20,187
teacher_rank,194,21,202
teacher_rank,194,22,168
teacher_rank,194,23,188
teacher_rank,194,24,269
teacher_rank,194,25,192
teacher_rank,194,26,208
teacher_rank,194,27,226
teacher_rank,194,28,151
teacher_rank,194,29,166
teacher_rank,194,30,196
teacher_rank,194,31,140
teacher_rank,194,32,253
teacher_rank,194,33,235
teacher_rank,194,34,150
teacher_rank,194,35,161
teacher_rank,194,36,169
teacher_rank,194,37,267
teacher_rank,194,38,194
teacher_rank,194,39,211
teacher_rank,194,40,162
teacher_rank,194,41,218
teacher_rank,194,42,133
teacher_rank,194,43,164
teacher_rank,194,44,277
teacher_rank,194,45,240
teacher_rank,194,46,137
teacher_rank,194,47,216
teacher_rank,194,48,167
teacher_rank,194,49,254
teacher_rank,194,50,183
teacher_rank,194,51,155
teacher_rank,194,52,186
teacher_rank,194,53,148
teacher_rank,194,54,182
teacher_rank,194,55,191
teacher_rank,194,56,173
teacher_rank,194,57,217
teacher_rank,194,58,157
teacher_rank,194,59,206
teacher_rank,194,60,238
teacher_rank,194,61,198
teacher_rank,194,62,204
teacher_rank,194,63,259
teacher_rank,194,64,244
teacher_rank,194,65,213
teacher_rank,194,66,146
teacher_rank,194,67,171
teacher_rank,194,68,201
teacher_rank,194,69,138
teacher_rank,194,70,153
teacher_rank,194,71,251
teacher_rank,194,72,280
teacher_rank,194,73,243
teacher_rank,194,74,156
teacher_rank,194,75,159
teacher_rank,194,76,264
teacher_rank,194,77,174
teacher_rank,194,78,239
teacher_rank,194,79,147
teacher_rank,194,80,143
teacher_rank,194,81,139
teacher_rank,194,82,135
teacher_rank,194,83,263
teacher_rank,194,84,131
teacher_rank,194,85,142
teacher_rank,194,86,225
teacher_rank,194,87,214
teacher_rank,194,88,181
teacher_rank,194,89,154
teacher_rank,194,90,248
teacher_rank,194,91,145
teacher_rank,194,92,212
teacher_rank,194,93,261
teacher_rank,194,94,258
teacher_rank,194,95,220
teacher_rank,194,96,215
teacher_rank,194,97,228
teacher_rank,194,98,275
teacher_rank,194,99,252
teacher_rank,194,100,165
teacher_rank,194,101,227
teacher_rank,194,102,224
teacher_rank,194,103,149
teacher_rank,194,104,271
teacher_rank,194,105,247
teacher_rank,194,106,242
teacher_rank,194,107,184
teacher_rank,194,108,237
teacher_rank,194,109,273
teacher_rank,194,110,160
teacher_rank,194,111,207
teacher_rank,194,112,265
teacher_rank,194,113,229
teacher_rank,194,114,172
teacher_rank,194,115,272
teacher_rank,194,116,209
teacher_rank,194,117,152
teacher_rank,194,118,260
teacher_rank,194,119,175
teacher_rank,194,120,230
teacher_rank,194,121,268
teacher_rank,194,122,223
teacher_rank,194,123,249
teacher_rank,194,124,180
teacher_rank,194,125,266
teacher_rank,194,126,189
teacher_rank,194,127,185
teacher_rank,194,128,210
teacher_rank,194,129,246
teacher_rank,194,130,279
teacher_rank,194,131,241
teacher_rank,194,132,245
teacher_rank,194,133,177
teacher_rank,194,134,200
teacher_rank,194,135,262
teacher_rank,194,136,270
teacher_rank,194,137,233
teacher_rank,194,138,144
teacher_rank,194,139,236
teacher_rank,194,140,178
teacher_rank,194,141,203
teacher_rank,194,142,256
teacher_rank,194,143,195
teacher_rank,194,144,221
teacher_rank,194,145,197
teacher_rank,194,146,276
teacher_rank,194,147,158
teacher_rank,194,148,190
teacher_rank,194,149,219
teacher_rank,194,150,205
teacher_rank,196,1,146
teacher_rank,196,2,248
teacher_rank,196,3,207
teacher_rank,196,4,216
teacher_rank,196,5,182
teacher_rank,196,6,210
teacher_rank,196,7,242
teacher_rank,196,8,184
teacher_rank,196,9,192
teacher_rank,196,10,141
teacher_rank,196,11,213
teacher_rank,196,12,171
teacher_rank,196,13,272
teacher_rank,196,14,265
teacher_rank,196,15,270
teacher_rank,196,16,256
teacher_rank,196,17,238
teacher_rank,196,18,244
teacher_rank,196,19,215
teacher_rank,196,20,165
teacher_rank,196,21,241
teacher_rank,196,22,166
teacher_rank,196,23,234
teacher_rank,196,24,173
teacher_rank,196,25,156
teacher_rank,196,26,255
teacher_rank,196,27,144
teacher_rank,196,28,208
teacher_rank,196,29,211
teacher_rank,196,30,235
teacher_rank,196,31,220
teacher_rank,196,32,176
teacher_rank,196,33,162
teacher_rank,196,34,178
teacher_rank,196,35,258
teacher_rank,196,36,247
teacher_rank,196,37,249
teacher_rank,196,38,243
teacher_rank,196,39,236
teacher_rank,196,40,206
teacher_rank,196,41,218
teacher_rank,196,42,240
teacher_rank,196,43,245
teacher_rank,196,44,221
teacher_rank,196,45,200
teacher_rank,196,46,199
teacher_rank,196,47,223
teacher_rank,196,48,148
teacher_rank,196,49,231
teacher_rank,196,50,136
teacher_rank,196,51,189
teacher_rank,196,52,222
teacher_rank,196,53,254
teacher_rank,196,54,257
teacher_rank,196,55,197
teacher_rank,196,56,152
teacher_rank,196,57,195
teacher_rank,196,58,186
teacher_rank,196,59,174
teacher_rank,196,60,169
teacher_rank,196,61,226
teacher_rank,196,62,159
teacher_rank,196,63,142
teacher_rank,196,64,160
teacher_rank,196,65,175
teacher_rank,196,66,193
teacher_rank,196,67,205
teacher_rank,196,68,133
teacher_rank,196,69,134
teacher_rank,196,70,153
teacher_rank,196,71,209
teacher_rank,196,72,251
teacher_rank,196,73,262
teacher_rank,196,74,150
teacher_rank,196,75,239
teacher_rank,196,76,191
teacher_rank,196,77,217
teacher_rank,196,78,275
teacher_rank,196,79,158
teacher_rank,196,80,179
teacher_rank,196,81,271
teacher_rank,196,82,253
teacher_rank,196,83,229
teacher_rank,196,84,278
teacher_rank,196,85,167
teacher_rank,196,86,155
teacher_rank,196,87,151
teacher_rank,196,88,266
teacher_rank,196,89,269
teacher_rank,196,90,143
teacher_rank,196,91,260
teacher_rank,196,92,194
teacher_rank,196,93,164
teacher_rank,196,94,273
teacher_rank,196,95,198
teacher_rank,196,96,135
teacher_rank,196,97,161
teacher_rank,196,98,147
teacher_rank,196,99,224
teacher_rank,196,100,267
teacher_rank,196,101,139
teacher_rank,196,102,233
teacher_rank,196,103,202
teacher_rank,196,104,252
teacher_rank,196,105,276
teacher_rank,196,106,131
teacher_rank,196,107,225
teacher_rank,196,108,246
teacher_rank,196,109,201
teacher_rank,196,110,183
teacher_rank,196,111,140
teacher_rank,196,112,232
teacher_rank,196,113,187
teacher_rank,196,114,212
teacher_rank,196,115,204
teacher_rank,196,116,145
teacher_rank,196,117,279
teacher_rank,196,118,219
teacher_rank,196,119,181
teacher_rank,196,120,132
teacher_rank,196,121,177
teacher_rank,196,122,190
teacher_rank,196,123,180
teacher_rank,196,124,274
teacher_rank,196,125,268
teacher_rank,196,126,261
teacher_rank,196,127,203
teacher_rank,196,128,250
teacher_rank,196,129,263
teacher_rank,196,130,157
teacher_rank,196,131,237
teacher_rank,196,132,214
teacher_rank,196,133,170
teacher_rank,196,134,264
teacher_rank,196,135,227
teacher_rank,196,136,138
teacher_rank,196,137,280
teacher_rank,196,138,168
teacher_rank,196,139,163
teacher_rank,196,140,137
teacher_rank,196,141,188
teacher_rank,196,142,259
teacher_rank,196,143,172
teacher_rank,196,144,277
teacher_rank,196,145,149
teacher_rank,196,146,154
teacher_rank,196,147,196
teacher_rank,196,148,230
teacher_rank,196,149,228
teacher_rank,196,150,185
teacher_rank,199,1,189
teacher_rank,199,2,174
teacher_rank,199,3,194
teacher_rank,199,4,236
teacher_rank,199,5,178
teacher_rank,199,6,164
teacher_rank,199,7,173
teacher_rank,199,8,150
teacher_rank,199,9,249
teacher_rank,199,10,228
teacher_rank,199,11,271
teacher_rank,199,12,243
teacher_rank,199,13,258
teacher_rank,199,14,253
teacher_rank,199,15,223
teacher_rank,199,16,172
teacher_rank,199,17,188
teacher_rank,199,18,259
teacher_rank,199,19,196
teacher_rank,199,20,221
teacher_rank,199,21,266
teacher_rank,199,22,280
teacher_rank,199,23,200
teacher_rank,199,24,154
teacher_rank,199,25,262
teacher_rank,199,26,139
teacher_rank,199,27,151
teacher_rank,199,28,162
teacher_rank,199,29,218
teacher_rank,199,30,268
teacher_rank,199,31,232
teacher_rank,199,32,182
teacher_rank,199,33,143
teacher_rank,199,34,252
teacher_rank,199,35,171
teacher_rank,199,36,165
teacher_rank,199,37,209
teacher_rank,199,38,264
teacher_rank,199,39,185
teacher_rank,199,40,187
teacher_rank,199,41,263
teacher_rank,199,42,137
teacher_rank,199,43,234
teacher_rank,199,44,160
teacher_rank,199,45,175
teacher_rank,199,46,275
teacher_rank,199,47,240
teacher_rank,199,48,220
teacher_rank,199,49,210
teacher_rank,199,50,141
teacher_rank,199,51,247
teacher_rank,199,52,208
teacher_rank,199,53,256
teacher_rank,199,54,156
teacher_rank,199,55,199
teacher_rank,199,56,197
teacher_rank,199,57,257
teacher_rank,199,58,239
teacher_rank,199,59,180
teacher_rank,199,60,192
teacher_rank,199,61,183
teacher_rank,199,62,250
teacher_rank,199,63,233
teacher_rank,199,64,273
teacher_rank,199,65,231
teacher_rank,199,66,167
teacher_rank,199,67,227
teacher_rank,199,68,276
teacher_rank,199,69,222
teacher_rank,199,70,148
teacher_rank,199,71,272
teacher_rank,199,72,198
teacher_rank,199,73,202
teacher_rank,199,74,176
teacher_rank,199,75,166
teacher_rank,199,76,261
teacher_rank,199,77,142
teacher_rank,199,78,159
teacher_rank,199,79,265
teacher_rank,199,80,135
teacher_rank,199,81,211
teacher_rank,199,82,279
teacher_rank,199,83,136
teacher_rank,199,84,186
teacher_rank,199,85,235
teacher_rank,199,86,161
teacher_rank,199,87,168
teacher_rank,199,88,170
teacher_rank,199,89,144
teacher_rank,199,90,251
teacher_rank,199,91,132
teacher_rank,199,92,155
teacher_rank,199,93,216
teacher_rank,199,94,242
teacher_rank,199,95,177
teacher_rank,199,96,169
teacher_rank,199,97,246
teacher_rank,199,98,212
teacher_rank,199,99,163
teacher_rank,199,100,146
teacher_rank,199,101,152
teacher_rank,199,102,184
teacher_rank,199,103,149
teacher_rank,199,104,224
teacher_rank,199,105,267
teacher_rank,199,106,147
teacher_rank,199,107,245
teacher_rank,199,108,140
teacher_rank,199,109,254
teacher_rank,199,110,226
teacher_rank,199,111,255
teacher_rank,199,112,230
teacher_rank,199,113,204
teacher_rank,199,114,179
teacher_rank,199,115,207
teacher_rank,199,116,260
teacher_rank,199,117,193
teacher_rank,199,118,248
teacher_rank,199,119,131
teacher_rank,199,120,153
teacher_rank,199,121,201
teacher_rank,199,122,215
teacher_rank,199,123,244
teacher_rank,199,124,217
teacher_rank,199,125,181
teacher_rank,199,126,270
teacher_rank,199,127,229
teacher_rank,199,128,191
teacher_rank,199,129,133
teacher_rank,199,130,134
teacher_rank,199,131,203
teacher_rank,199,132,269
teacher_rank,199,133,278
teacher_rank,199,134,213
teacher_rank,199,135,206
teacher_rank,199,136,225
teacher_rank,199,137,219
teacher_rank,199,138,145
teacher_rank,199,139,238
teacher_rank,199,140,195
teacher_rank,199,141,190
teacher_rank,199,142,157
teacher_rank,199,143,205
teacher_rank,199,144,237
teacher_rank,199,145,138
teacher_rank,199,146,274
teacher_rank,199,147,214
teacher_rank,199,148,158
teacher_rank,199,149,241
teacher_rank,199,150,277
