scenario_id,student_id,rank,project_id
base,131,1,27
base,131,2,37
base,131,3,32
base,131,4,26
base,131,5,12
base,131,6,10
base,131,7,61
base,131,8,22
base,131,9,20
base,131,10,2
base,131,11,9
base,131,12,1
base,131,13,18
base,131,14,3
base,131,15,113
base,131,16,36
base,131,17,17
base,131,18,143
base,131,19,180
base,131,20,15
base,132,1,178
base,132,2,10
base,132,3,9
base,132,4,18
base,132,5,73
base,132,6,3
base,132,7,2
base,132,8,22
base,132,9,69
base,132,10,11
base,132,11,142
base,132,12,12
base,132,13,34
base,132,14,144
base,132,15,17
base,132,16,27
base,132,17,194
base,132,18,36
base,132,19,180
base,132,20,1
base,133,1,10
base,133,2,2
base,133,3,19
base,133,4,9
base,133,5,22
base,133,6,32
base,133,7,18
base,133,8,20
base,133,9,36
base,133,10,31
base,133,11,34
base,133,12,26
base,133,13,17
base,133,14,199
base,133,15,118
base,133,16,191
base,133,17,3
base,133,18,69
base,133,19,15
base,133,20,11
base,134,1,196
base,134,2,27
base,134,3,34
base,134,4,10
base,134,5,142
base,134,6,12
base,134,7,15
base,134,8,37
base,134,9,32
base,134,10,19
base,134,11,26
base,134,12,73
base,134,13,169
base,134,14,3
base,134,15,36
base,134,16,20
base,134,17,132
base,134,18,31
base,134,19,9
base,134,20,18
base,135,1,1
base,135,2,19
base,135,3,27
base,135,4,165
base,135,5,3
base,135,6,15
base,135,7,175
base,135,8,34
base,135,9,2
base,135,10,37
base,135,11,18
base,135,12,36
base,135,13,51
base,135,14,31
base,135,15,22
base,135,16,20
base,135,17,193
base,135,18,12
base,135,19,144
base,135,20,111
base,136,1,37
base,136,2,36
base,136,3,11
base,136,4,31
base,136,5,19
base,136,6,27
base,136,7,18
base,136,8,17
base,136,9,20
base,136,10,80
base,136,11,61
base,136,12,32
base,136,13,1
base,136,14,15
base,136,15,183
base,136,16,104
base,136,17,9
base,136,18,102
base,136,19,84
base,136,20,22
base,137,1,12
base,137,2,31
base,137,3,36
base,137,4,20
base,137,5,37
base,137,6,32
base,137,7,2
base,137,8,63
base,137,9,165
base,137,10,48
base,137,11,9
base,137,12,22
base,137,13,112
base,137,14,59
base,137,15,15
base,137,16,27
base,137,17,18
base,137,18,147
base,137,19,141
base,137,20,19
base,138,1,20
base,138,2,1
base,138,3,19
base,138,4,151
base,138,5,17
base,138,6,15
base,138,7,27
base,138,8,12
base,138,9,18
base,138,10,9
base,138,11,193
base,138,12,36
base,138,13,31
base,138,14,11
base,138,15,2
base,138,16,26
base,138,17,3
base,138,18,113
base,138,19,32
base,138,20,22
base,139,1,2
base,139,2,11
base,139,3,19
base,139,4,169
base,139,5,48
base,139,6,22
base,139,7,32
base,139,8,36
base,139,9,9
base,139,10,15
base,139,11,43
base,139,12,27
base,139,13,34
base,139,14,92
base,139,15,69
base,139,16,26
base,139,17,18
base,139,18,1
base,139,19,31
base,139,20,10
base,140,1,36
base,140,2,11
base,140,3,50
base,140,4,22
base,140,5,3
base,140,6,9
base,140,7,192
base,140,8,26
base,140,9,15
base,140,10,34
base,140,11,31
base,140,12,32
base,140,13,19
base,140,14,183
base,140,15,27
base,140,16,76
base,140,17,12
base,140,18,37
base,140,19,175
base,140,20,61
base,141,1,199
base,141,2,76
base,141,3,133
base,141,4,15
base,141,5,31
base,141,6,26
base,141,7,17
base,141,8,2
base,141,9,20
base,141,10,196
base,141,11,32
base,141,12,143
base,141,13,27
base,141,14,1
base,141,15,80
base,141,16,193
base,141,17,10
base,141,18,57
base,141,19,18
base,141,20,3
base,142,1,199
base,142,2,1
base,142,3,31
base,142,4,12
base,142,5,2
base,142,6,27
base,142,7,20
base,142,8,192
base,142,9,18
base,142,10,80
base,142,11,22
base,142,12,19
base,142,13,10
base,142,14,138
base,142,15,32
base,142,16,15
base,142,17,129
base,142,18,3
base,142,19,36
base,142,20,49
base,143,1,17
base,143,2,27
base,143,3,34
base,143,4,83
base,143,5,15
base,143,6,36
base,143,7,26
base,143,8,3
base,143,9,12
base,143,10,32
base,143,11,9
base,143,12,161
base,143,13,2
base,143,14,1
base,143,15,175
base,143,16,193
base,143,17,37
base,143,18,19
base,143,19,20
base,143,20,199
base,144,1,69
base,144,2,106
base,144,3,3
base,144,4,18
base,144,5,133
base,144,6,36
base,144,7,27
base,144,8,196
base,144,9,11
base,144,10,37
base,144,11,109
base,144,12,32
base,144,13,10
base,144,14,43
base,144,15,15
base,144,16,22
base,144,17,26
base,144,18,1
base,144,19,17
base,144,20,138
base,145,1,10
base,145,2,15
base,145,3,27
base,145,4,19
base,145,5,31
base,145,6,76
base,145,7,48
base,145,8,2
base,145,9,17
base,145,10,32
base,145,11,37
base,145,12,161
base,145,13,12
base,145,14,9
base,145,15,166
base,145,16,11
base,145,17,34
base,145,18,22
base,145,19,18
base,145,20,183
base,146,1,66
base,146,2,34
base,146,3,174
base,146,4,1
base,146,5,18
base,146,6,22
base,146,7,9
base,146,8,61
base,146,9,113
base,146,10,119
base,146,11,112
base,146,12,19
base,146,13,32
base,146,14,2
base,146,15,133
base,146,16,76
base,146,17,31
base,146,18,36
base,146,19,26
base,146,20,73
base,147,1,92
base,147,2,171
base,147,3,178
base,147,4,107
base,147,5,37
base,147,6,36
base,147,7,9
base,147,8,150
base,147,9,57
base,147,10,48
base,147,11,179
base,147,12,19
base,147,13,191
base,147,14,18
base,147,15,159
base,147,16,119
base,147,17,32
base,147,18,161
base,147,19,34
base,147,20,17
base,148,1,12
base,148,2,26
base,148,3,37
base,148,4,19
base,148,5,3
base,148,6,172
base,148,7,145
base,148,8,9
base,148,9,10
base,148,10,31
base,148,11,50
base,148,12,27
base,148,13,43
base,148,14,22
base,148,15,110
base,148,16,15
base,148,17,80
base,148,18,17
base,148,19,18
base,148,20,11
base,149,1,36
base,149,2,32
base,149,3,1
base,149,4,31
base,149,5,3
base,149,6,27
base,149,7,15
base,149,8,12
base,149,9,37
base,149,10,132
base,149,11,34
base,149,12,118
base,149,13,133
base,149,14,10
base,149,15,9
base,149,16,2
base,149,17,143
base,149,18,19
base,149,19,17
base,149,20,129
base,150,1,10
base,150,2,32
base,150,3,9
base,150,4,17
base,150,5,20
base,150,6,26
base,150,7,22
base,150,8,34
base,150,9,62
base,150,10,12
base,150,11,150
base,150,12,11
base,150,13,19
base,150,14,27
base,150,15,37
base,150,16,3
base,150,17,1
base,150,18,118
base,150,19,142
base,150,20,36
base,151,1,20
base,151,2,26
base,151,3,31
base,151,4,81
base,151,5,57
base,151,6,18
base,151,7,2
base,151,8,27
base,151,9,10
base,151,10,9
base,151,11,48
base,151,12,118
base,151,13,12
base,151,14,19
base,151,15,15
base,151,16,37
base,151,17,17
base,151,18,11
base,151,19,150
base,151,20,22
base,152,1,17
base,152,2,11
base,152,3,15
base,152,4,36
base,152,5,31
base,152,6,26
base,152,7,10
base,152,8,37
base,152,9,113
base,152,10,133
base,152,11,22
base,152,12,20
base,152,13,19
base,152,14,171
base,152,15,27
base,152,16,2
base,152,17,9
base,152,18,125
base,152,19,1
base,152,20,61
base,153,1,11
base,153,2,196
base,153,3,1
base,153,4,132
base,153,5,159
base,153,6,34
base,153,7,36
base,153,8,17
base,153,9,142
base,153,10,20
base,153,11,61
base,153,12,12
base,153,13,9
base,153,14,15
base,153,15,18
base,153,16,10
base,153,17,103
base,153,18,31
base,153,19,27
base,153,20,26
base,154,1,2
base,154,2,32
base,154,3,9
base,154,4,17
base,154,5,27
base,154,6,18
base,154,7,19
base,154,8,12
base,154,9,138
base,154,10,22
base,154,11,34
base,154,12,10
base,154,13,31
base,154,14,26
base,154,15,11
base,154,16,62
base,154,17,53
base,154,18,147
base,154,19,150
base,154,20,189
base,155,1,3
base,155,2,37
base,155,3,17
base,155,4,12
base,155,5,106
base,155,6,73
base,155,7,20
base,155,8,36
base,155,9,1
base,155,10,27
base,155,11,15
base,155,12,26
base,155,13,31
base,155,14,2
base,155,15,9
base,155,16,133
base,155,17,34
base,155,18,18
base,155,19,10
base,155,20,19
base,156,1,27
base,156,2,37
base,156,3,17
base,156,4,1
base,156,5,2
base,156,6,10
base,156,7,15
base,156,8,31
base,156,9,22
base,156,10,20
base,156,11,32
base,156,12,3
base,156,13,106
base,156,14,34
base,156,15,69
base,156,16,112
base,156,17,19
base,156,18,18
base,156,19,26
base,156,20,113
base,157,1,175
base,157,2,9
base,157,3,11
base,157,4,12
base,157,5,27
base,157,6,36
base,157,7,43
base,157,8,18
base,157,9,37
base,157,10,15
base,157,11,26
base,157,12,10
base,157,13,34
base,157,14,32
base,157,15,86
base,157,16,106
base,157,17,19
base,157,18,178
base,157,19,48
base,157,20,22
base,158,1,57
base,158,2,130
base,158,3,22
base,158,4,37
base,158,5,3
base,158,6,10
base,158,7,59
base,158,8,20
base,158,9,12
base,158,10,18
base,158,11,36
base,158,12,27
base,158,13,15
base,158,14,103
base,158,15,71
base,158,16,1
base,158,17,26
base,158,18,68
base,158,19,69
base,158,20,17
base,159,1,17
base,159,2,9
base,159,3,34
base,159,4,32
base,159,5,48
base,159,6,161
base,159,7,22
base,159,8,199
base,159,9,10
base,159,10,147
base,159,11,12
base,159,12,20
base,159,13,93
base,159,14,171
base,159,15,26
base,159,16,106
base,159,17,27
base,159,18,1
base,159,19,3
base,159,20,166
base,160,1,19
base,160,2,142
base,160,3,143
base,160,4,22
base,160,5,172
base,160,6,32
base,160,7,34
base,160,8,11
base,160,9,17
base,160,10,37
base,160,11,189
base,160,12,26
base,160,13,9
base,160,14,141
base,160,15,31
base,160,16,104
base,160,17,93
base,160,18,20
base,160,19,2
base,160,20,145
base,161,1,22
base,161,2,36
base,161,3,31
base,161,4,12
base,161,5,11
base,161,6,1
base,161,7,17
base,161,8,166
base,161,9,2
base,161,10,26
base,161,11,138
base,161,12,32
base,161,13,27
base,161,14,20
base,161,15,34
base,161,16,3
base,161,17,151
base,161,18,19
base,161,19,69
base,161,20,15
base,162,1,19
base,162,2,22
base,162,3,26
base,162,4,18
base,162,5,27
base,162,6,191
base,162,7,32
base,162,8,3
base,162,9,1
base,162,10,177
base,162,11,144
base,162,12,11
base,162,13,17
base,162,14,2
base,162,15,9
base,162,16,20
base,162,17,31
base,162,18,37
base,162,19,93
base,162,20,10
base,163,1,145
base,163,2,34
base,163,3,10
base,163,4,22
base,163,5,69
base,163,6,20
base,163,7,172
base,163,8,1
base,163,9,17
base,163,10,3
base,163,11,15
base,163,12,37
base,163,13,73
base,163,14,27
base,163,15,151
base,163,16,9
base,163,17,18
base,163,18,12
base,163,19,2
base,163,20,19
base,164,1,1
base,164,2,32
base,164,3,123
base,164,4,22
base,164,5,12
base,164,6,27
base,164,7,113
base,164,8,26
base,164,9,31
base,164,10,20
base,164,11,17
base,164,12,126
base,164,13,68
base,164,14,19
base,164,15,36
base,164,16,10
base,164,17,142
base,164,18,199
base,164,19,18
base,164,20,15
base,165,1,11
base,165,2,18
base,165,3,15
base,165,4,2
base,165,5,37
base,165,6,34
base,165,7,10
base,165,8,3
base,165,9,32
base,165,10,93
base,165,11,191
base,165,12,1
base,165,13,177
base,165,14,183
base,165,15,51
base,165,16,12
base,165,17,138
base,165,18,130
base,165,19,20
base,165,20,27
base,166,1,11
base,166,2,165
base,166,3,113
base,166,4,2
base,166,5,15
base,166,6,9
base,166,7,12
base,166,8,1
base,166,9,32
base,166,10,18
base,166,11,36
base,166,12,84
base,166,13,130
base,166,14,31
base,166,15,34
base,166,16,22
base,166,17,37
base,166,18,27
base,166,19,17
base,166,20,3
base,167,1,22
base,167,2,130
base,167,3,86
base,167,4,1
base,167,5,132
base,167,6,175
base,167,7,10
base,167,8,19
base,167,9,37
base,167,10,12
base,167,11,20
base,167,12,11
base,167,13,150
base,167,14,26
base,167,15,27
base,167,16,36
base,167,17,17
base,167,18,18
base,167,19,3
base,167,20,9
base,168,1,11
base,168,2,92
base,168,3,32
base,168,4,10
base,168,5,19
base,168,6,183
base,168,7,174
base,168,8,34
base,168,9,20
base,168,10,26
base,168,11,9
base,168,12,152
base,168,13,17
base,168,14,27
base,168,15,123
base,168,16,12
base,168,17,1
base,168,18,3
base,168,19,22
base,168,20,15
base,169,1,36
base,169,2,27
base,169,3,12
base,169,4,15
base,169,5,31
base,169,6,46
base,169,7,3
base,169,8,10
base,169,9,22
base,169,10,110
base,169,11,1
base,169,12,26
base,169,13,18
base,169,14,34
base,169,15,11
base,169,16,2
base,169,17,193
base,169,18,43
base,169,19,17
base,169,20,19
base,170,1,113
base,170,2,31
base,170,3,36
base,170,4,20
base,170,5,26
base,170,6,103
base,170,7,144
base,170,8,19
base,170,9,1
base,170,10,3
base,170,11,46
base,170,12,27
base,170,13,81
base,170,14,194
base,170,15,15
base,170,16,109
base,170,17,17
base,170,18,62
base,170,19,11
base,170,20,172
base,171,1,32
base,171,2,9
base,171,3,27
base,171,4,175
base,171,5,31
base,171,6,18
base,171,7,1
base,171,8,3
base,171,9,11
base,171,10,10
base,171,11,20
base,171,12,26
base,171,13,22
base,171,14,86
base,171,15,12
base,171,16,15
base,171,17,176
base,171,18,37
base,171,19,189
base,171,20,107
base,172,1,93
base,172,2,3
base,172,3,11
base,172,4,143
base,172,5,110
base,172,6,31
base,172,7,37
base,172,8,34
base,172,9,27
base,172,10,176
base,172,11,66
base,172,12,17
base,172,13,1
base,172,14,9
base,172,15,53
base,172,16,32
base,172,17,12
base,172,18,18
base,172,19,20
base,172,20,50
base,173,1,9
base,173,2,10
base,173,3,27
base,173,4,141
base,173,5,51
base,173,6,106
base,173,7,3
base,173,8,19
base,173,9,12
base,173,10,93
base,173,11,66
base,173,12,37
base,173,13,22
base,173,14,11
base,173,15,132
base,173,16,175
base,173,17,49
base,173,18,20
base,173,19,18
base,173,20,36
base,174,1,48
base,174,2,20
base,174,3,10
base,174,4,165
base,174,5,2
base,174,6,53
base,174,7,32
base,174,8,3
base,174,9,18
base,174,10,1
base,174,11,11
base,174,12,109
base,174,13,15
base,174,14,22
base,174,15,76
base,174,16,12
base,174,17,9
base,174,18,43
base,174,19,26
base,174,20,27
base,175,1,19
base,175,2,32
base,175,3,37
base,175,4,118
base,175,5,81
base,175,6,10
base,175,7,15
base,175,8,31
base,175,9,17
base,175,10,11
base,175,11,36
base,175,12,20
base,175,13,26
base,175,14,165
base,175,15,18
base,175,16,34
base,175,17,27
base,175,18,9
base,175,19,179
base,175,20,49
base,176,1,123
base,176,2,32
base,176,3,171
base,176,4,11
base,176,5,19
base,176,6,1
base,176,7,36
base,176,8,12
base,176,9,37
base,176,10,34
base,176,11,20
base,176,12,111
base,176,13,26
base,176,14,48
base,176,15,27
base,176,16,9
base,176,17,84
base,176,18,10
base,176,19,174
base,176,20,103
base,177,1,11
base,177,2,133
base,177,3,27
base,177,4,165
base,177,5,1
base,177,6,19
base,177,7,17
base,177,8,34
base,177,9,12
base,177,10,2
base,177,11,26
base,177,12,108
base,177,13,18
base,177,14,22
base,177,15,10
base,177,16,50
base,177,17,31
base,177,18,43
base,177,19,169
base,177,20,32
base,178,1,179
base,178,2,31
base,178,3,93
base,178,4,36
base,178,5,32
base,178,6,22
base,178,7,199
base,178,8,18
base,178,9,145
base,178,10,119
base,178,11,12
base,178,12,50
base,178,13,80
base,178,14,86
base,178,15,3
base,178,16,174
base,178,17,37
base,178,18,1
base,178,19,34
base,178,20,10
base,179,1,11
base,179,2,1
base,179,3,143
base,179,4,114
base,179,5,22
base,179,6,19
base,179,7,37
base,179,8,71
base,179,9,27
base,179,10,111
base,179,11,32
base,179,12,18
base,179,13,48
base,179,14,150
base,179,15,17
base,179,16,31
base,179,17,26
base,179,18,80
base,179,19,20
base,179,20,36
base,180,1,22
base,180,2,172
base,180,3,15
base,180,4,31
base,180,5,10
base,180,6,12
base,180,7,43
base,180,8,17
base,180,9,138
base,180,10,18
base,180,11,20
base,180,12,2
base,180,13,1
base,180,14,34
base,180,15,145
base,180,16,37
base,180,17,3
base,180,18,11
base,180,19,152
base,180,20,125
base,181,1,22
base,181,2,10
base,181,3,34
base,181,4,110
base,181,5,9
base,181,6,17
base,181,7,15
base,181,8,18
base,181,9,151
base,181,10,1
base,181,11,12
base,181,12,36
base,181,13,27
base,181,14,37
base,181,15,192
base,181,16,32
base,181,17,26
base,181,18,84
base,181,19,2
base,181,20,71
base,182,1,26
base,182,2,19
base,182,3,69
base,182,4,3
base,182,5,18
base,182,6,169
base,182,7,37
base,182,8,119
base,182,9,15
base,182,10,32
base,182,11,20
base,182,12,9
base,182,13,12
base,182,14,2
base,182,15,22
base,182,16,151
base,182,17,1
base,182,18,27
base,182,19,31
base,182,20,17
base,183,1,36
base,183,2,31
base,183,3,12
base,183,4,17
base,183,5,177
base,183,6,20
base,183,7,22
base,183,8,34
base,183,9,73
base,183,10,37
base,183,11,166
base,183,12,126
base,183,13,1
base,183,14,3
base,183,15,152
base,183,16,2
base,183,17,27
base,183,18,9
base,183,19,133
base,183,20,11
base,184,1,126
base,184,2,2
base,184,3,22
base,184,4,27
base,184,5,18
base,184,6,9
base,184,7,10
base,184,8,1
base,184,9,3
base,184,10,193
base,184,11,34
base,184,12,31
base,184,13,12
base,184,14,15
base,184,15,86
base,184,16,112
base,184,17,93
base,184,18,106
base,184,19,161
base,184,20,19
base,185,1,20
base,185,2,26
base,185,3,9
base,185,4,31
base,185,5,17
base,185,6,2
base,185,7,1
base,185,8,36
base,185,9,3
base,185,10,18
base,185,11,183
base,185,12,22
base,185,13,66
base,185,14,15
base,185,15,19
base,185,16,51
base,185,17,126
base,185,18,12
base,185,19,93
base,185,20,138
base,186,1,9
base,186,2,22
base,186,3,17
base,186,4,10
base,186,5,12
base,186,6,189
base,186,7,36
base,186,8,171
base,186,9,1
base,186,10,32
base,186,11,34
base,186,12,15
base,186,13,11
base,186,14,26
base,186,15,2
base,186,16,76
base,186,17,20
base,186,18,151
base,186,19,178
base,186,20,81
base,187,1,101
base,187,2,145
base,187,3,177
base,187,4,27
base,187,5,11
base,187,6,37
base,187,7,150
base,187,8,133
base,187,9,19
base,187,10,15
base,187,11,36
base,187,12,9
base,187,13,17
base,187,14,2
base,187,15,81
base,187,16,1
base,187,17,20
base,187,18,18
base,187,19,12
base,187,20,22
base,188,1,36
base,188,2,26
base,188,3,17
base,188,4,9
base,188,5,3
base,188,6,12
base,188,7,113
base,188,8,1
base,188,9,2
base,188,10,37
base,188,11,15
base,188,12,10
base,188,13,53
base,188,14,32
base,188,15,179
base,188,16,27
base,188,17,34
base,188,18,19
base,188,19,66
base,188,20,18
base,189,1,17
base,189,2,19
base,189,3,10
base,189,4,31
base,189,5,36
base,189,6,37
base,189,7,3
base,189,8,27
base,189,9,2
base,189,10,32
base,189,11,26
base,189,12,18
base,189,13,20
base,189,14,34
base,189,15,22
base,189,16,176
base,189,17,9
base,189,18,12
base,189,19,71
base,189,20,174
base,190,1,108
base,190,2,84
base,190,3,2
base,190,4,141
base,190,5,22
base,190,6,37
base,190,7,125
base,190,8,107
base,190,9,27
base,190,10,1
base,190,11,36
base,190,12,17
base,190,13,26
base,190,14,18
base,190,15,20
base,190,16,69
base,190,17,12
base,190,18,71
base,190,19,43
base,190,20,19
base,191,1,133
base,191,2,19
base,191,3,27
base,191,4,34
base,191,5,3
base,191,6,32
base,191,7,9
base,191,8,17
base,191,9,18
base,191,10,11
base,191,11,2
base,191,12,10
base,191,13,63
base,191,14,20
base,191,15,109
base,191,16,66
base,191,17,194
base,191,18,15
base,191,19,22
base,191,20,31
base,192,1,27
base,192,2,12
base,192,3,11
base,192,4,18
base,192,5,191
base,192,6,20
base,192,7,138
base,192,8,178
base,192,9,3
base,192,10,83
base,192,11,34
base,192,12,10
base,192,13,1
base,192,14,165
base,192,15,31
base,192,16,22
base,192,17,37
base,192,18,9
base,192,19,19
base,192,20,26
base,193,1,2
base,193,2,34
base,193,3,9
base,193,4,20
base,193,5,22
base,193,6,147
base,193,7,18
base,193,8,159
base,193,9,151
base,193,10,10
base,193,11,27
base,193,12,31
base,193,13,11
base,193,14,51
base,193,15,129
base,193,16,17
base,193,17,172
base,193,18,12
base,193,19,32
base,193,20,1
base,194,1,18
base,194,2,2
base,194,3,15
base,194,4,165
base,194,5,17
base,194,6,36
base,194,7,1
base,194,8,19
base,194,9,9
base,194,10,34
base,194,11,27
base,194,12,11
base,194,13,26
base,194,14,20
base,194,15,3
base,194,16,10
base,194,17,31
base,194,18,160
base,194,19,180
base,194,20,51
base,195,1,2
base,195,2,18
base,195,3,10
base,195,4,9
base,195,5,12
base,195,6,11
base,195,7,104
base,195,8,194
base,195,9,3
base,195,10,1
base,195,11,15
base,195,12,17
base,195,13,110
base,195,14,177
base,195,15,20
base,195,16,36
base,195,17,59
base,195,18,19
base,195,19,31
base,195,20,66
base,196,1,177
base,196,2,11
base,196,3,143
base,196,4,36
base,196,5,27
base,196,6,20
base,196,7,1
base,196,8,9
base,196,9,19
base,196,10,32
base,196,11,18
base,196,12,15
base,196,13,199
base,196,14,34
base,196,15,26
base,196,16,2
base,196,17,37
base,196,18,125
base,196,19,3
base,196,20,71
base,197,1,143
base,197,2,119
base,197,3,37
base,197,4,3
base,197,5,12
base,197,6,18
base,197,7,17
base,197,8,26
base,197,9,51
base,197,10,102
base,197,11,166
base,197,12,19
base,197,13,34
base,197,14,31
base,197,15,36
base,197,16,32
base,197,17,27
base,197,18,9
base,197,19,107
base,197,20,11
base,198,1,34
base,198,2,32
base,198,3,179
base,198,4,20
base,198,5,109
base,198,6,3
base,198,7,43
base,198,8,50
base,198,9,31
base,198,10,26
base,198,11,17
base,198,12,11
base,198,13,145
base,198,14,51
base,198,15,142
base,198,16,22
base,198,17,15
base,198,18,12
base,198,19,76
base,198,20,10
base,199,1,22
base,199,2,166
base,199,3,109
base,199,4,32
base,199,5,12
base,199,6,19
base,199,7,112
base,199,8,15
base,199,9,31
base,199,10,62
base,199,11,9
base,199,12,1
base,199,13,17
base,199,14,37
base,199,15,2
base,199,16,11
base,199,17,20
base,199,18,193
base,199,19,27
base,199,20,18
base,200,1,125
base,200,2,143
base,200,3,11
base,200,4,12
base,200,5,18
base,200,6,32
base,200,7,109
base,200,8,10
base,200,9,22
base,200,10,36
base,200,11,17
base,200,12,37
base,200,13,15
base,200,14,9
base,200,15,71
base,200,16,1
base,200,17,160
base,200,18,34
base,200,19,26
base,200,20,20
base,201,1,32
base,201,2,2
base,201,3,20
base,201,4,57
base,201,5,34
base,201,6,18
base,201,7,76
base,201,8,11
base,201,9,37
base,201,10,27
base,201,11,9
base,201,12,26
base,201,13,1
base,201,14,12
base,201,15,3
base,201,16,31
base,201,17,166
base,201,18,22
base,201,19,68
base,201,20,15
base,202,1,34
base,202,2,31
base,202,3,196
base,202,4,1
base,202,5,9
base,202,6,17
base,202,7,10
base,202,8,144
base,202,9,15
base,202,10,37
base,202,11,166
base,202,12,32
base,202,13,179
base,202,14,36
base,202,15,103
base,202,16,108
base,202,17,19
base,202,18,2
base,202,19,11
base,202,20,126
base,203,1,15
base,203,2,12
base,203,3,20
base,203,4,10
base,203,5,27
base,203,6,161
base,203,7,2
base,203,8,118
base,203,9,17
base,203,10,32
base,203,11,37
base,203,12,19
base,203,13,22
base,203,14,130
base,203,15,11
base,203,16,123
base,203,17,1
base,203,18,9
base,203,19,151
base,203,20,3
base,204,1,9
base,204,2,12
base,204,3,106
base,204,4,32
base,204,5,22
base,204,6,17
base,204,7,165
base,204,8,36
base,204,9,112
base,204,10,20
base,204,11,110
base,204,12,34
base,204,13,1
base,204,14,63
base,204,15,27
base,204,16,51
base,204,17,49
base,204,18,2
base,204,19,10
base,204,20,194
base,205,1,34
base,205,2,32
base,205,3,2
base,205,4,10
base,205,5,9
base,205,6,11
base,205,7,20
base,205,8,12
base,205,9,19
base,205,10,37
base,205,11,112
base,205,12,17
base,205,13,175
base,205,14,26
base,205,15,50
base,205,16,199
base,205,17,22
base,205,18,57
base,205,19,1
base,205,20,66
base,206,1,11
base,206,2,183
base,206,3,18
base,206,4,1
base,206,5,178
base,206,6,37
base,206,7,22
base,206,8,102
base,206,9,17
base,206,10,20
base,206,11,10
base,206,12,36
base,206,13,12
base,206,14,199
base,206,15,9
base,206,16,92
base,206,17,34
base,206,18,31
base,206,19,32
base,206,20,133
base,207,1,19
base,207,2,22
base,207,3,36
base,207,4,31
base,207,5,17
base,207,6,27
base,207,7,26
base,207,8,32
base,207,9,34
base,207,10,175
base,207,11,9
base,207,12,63
base,207,13,11
base,207,14,2
base,207,15,61
base,207,16,1
base,207,17,114
base,207,18,10
base,207,19,37
base,207,20,147
base,208,1,101
base,208,2,32
base,208,3,3
base,208,4,2
base,208,5,1
base,208,6,126
base,208,7,48
base,208,8,36
base,208,9,46
base,208,10,11
base,208,11,143
base,208,12,31
base,208,13,18
base,208,14,26
base,208,15,15
base,208,16,141
base,208,17,37
base,208,18,10
base,208,19,20
base,208,20,66
base,209,1,34
base,209,2,27
base,209,3,2
base,209,4,32
base,209,5,175
base,209,6,12
base,209,7,31
base,209,8,179
base,209,9,92
base,209,10,22
base,209,11,152
base,209,12,10
base,209,13,17
base,209,14,36
base,209,15,9
base,209,16,104
base,209,17,51
base,209,18,11
base,209,19,15
base,209,20,110
base,210,1,17
base,210,2,81
base,210,3,2
base,210,4,18
base,210,5,26
base,210,6,19
base,210,7,20
base,210,8,12
base,210,9,31
base,210,10,62
base,210,11,180
base,210,12,151
base,210,13,9
base,210,14,36
base,210,15,11
base,210,16,22
base,210,17,3
base,210,18,10
base,210,19,27
base,210,20,15
base,211,1,46
base,211,2,18
base,211,3,11
base,211,4,36
base,211,5,1
base,211,6,147
base,211,7,31
base,211,8,109
base,211,9,37
base,211,10,2
base,211,11,10
base,211,12,34
base,211,13,12
base,211,14,160
base,211,15,3
base,211,16,27
base,211,17,17
base,211,18,177
base,211,19,19
base,211,20,110
base,212,1,31
base,212,2,177
base,212,3,10
base,212,4,19
base,212,5,2
base,212,6,22
base,212,7,20
base,212,8,1
base,212,9,26
base,212,10,36
base,212,11,9
base,212,12,113
base,212,13,86
base,212,14,61
base,212,15,50
base,212,16,18
base,212,17,34
base,212,18,12
base,212,19,3
base,212,20,27
base,213,1,19
base,213,2,26
base,213,3,22
base,213,4,3
base,213,5,31
base,213,6,10
base,213,7,32
base,213,8,66
base,213,9,18
base,213,10,20
base,213,11,36
base,213,12,17
base,213,13,147
base,213,14,27
base,213,15,11
base,213,16,1
base,213,17,9
base,213,18,37
base,213,19,110
base,213,20,57
base,214,1,59
base,214,2,26
base,214,3,3
base,214,4,2
base,214,5,34
base,214,6,176
base,214,7,10
base,214,8,31
base,214,9,27
base,214,10,192
base,214,11,17
base,214,12,61
base,214,13,178
base,214,14,113
base,214,15,9
base,214,16,20
base,214,17,36
base,214,18,18
base,214,19,11
base,214,20,37
base,215,1,31
base,215,2,12
base,215,3,19
base,215,4,68
base,215,5,11
base,215,6,22
base,215,7,152
base,215,8,3
base,215,9,86
base,215,10,9
base,215,11,132
base,215,12,53
base,215,13,15
base,215,14,1
base,215,15,34
base,215,16,37
base,215,17,18
base,215,18,20
base,215,19,10
base,215,20,27
base,216,1,27
base,216,2,31
base,216,3,32
base,216,4,11
base,216,5,18
base,216,6,68
base,216,7,12
base,216,8,19
base,216,9,3
base,216,10,69
base,216,11,34
base,216,12,93
base,216,13,26
base,216,14,151
base,216,15,17
base,216,16,177
base,216,17,50
base,216,18,10
base,216,19,172
base,216,20,161
base,217,1,10
base,217,2,37
base,217,3,20
base,217,4,80
base,217,5,178
base,217,6,12
base,217,7,1
base,217,8,36
base,217,9,34
base,217,10,15
base,217,11,27
base,217,12,31
base,217,13,66
base,217,14,18
base,217,15,57
base,217,16,2
base,217,17,145
base,217,18,26
base,217,19,22
base,217,20,3
base,218,1,18
base,218,2,10
base,218,3,17
base,218,4,138
base,218,5,125
base,218,6,192
base,218,7,12
base,218,8,2
base,218,9,15
base,218,10,19
base,218,11,3
base,218,12,36
base,218,13,1
base,218,14,9
base,218,15,26
base,218,16,183
base,218,17,31
base,218,18,34
base,218,19,159
base,218,20,51
base,219,1,11
base,219,2,10
base,219,3,1
base,219,4,15
base,219,5,19
base,219,6,34
base,219,7,26
base,219,8,110
base,219,9,9
base,219,10,32
base,219,11,18
base,219,12,102
base,219,13,17
base,219,14,20
base,219,15,130
base,219,16,172
base,219,17,3
base,219,18,2
base,219,19,160
base,219,20,36
base,220,1,110
base,220,2,53
base,220,3,132
base,220,4,12
base,220,5,19
base,220,6,32
base,220,7,10
base,220,8,3
base,220,9,20
base,220,10,15
base,220,11,34
base,220,12,18
base,220,13,27
base,220,14,62
base,220,15,93
base,220,16,22
base,220,17,36
base,220,18,11
base,220,19,26
base,220,20,166
base,221,1,34
base,221,2,11
base,221,3,2
base,221,4,17
base,221,5,12
base,221,6,18
base,221,7,49
base,221,8,37
base,221,9,1
base,221,10,132
base,221,11,3
base,221,12,62
base,221,13,61
base,221,14,31
base,221,15,26
base,221,16,110
base,221,17,9
base,221,18,191
base,221,19,114
base,221,20,15
base,222,1,1
base,222,2,31
base,222,3,36
base,222,4,83
base,222,5,112
base,222,6,18
base,222,7,159
base,222,8,15
base,222,9,111
base,222,10,175
base,222,11,3
base,222,12,34
base,222,13,183
base,222,14,80
base,222,15,129
base,222,16,189
base,222,17,37
base,222,18,11
base,222,19,22
base,222,20,196
base,223,1,32
base,223,2,196
base,223,3,1
base,223,4,31
base,223,5,83
base,223,6,92
base,223,7,20
base,223,8,15
base,223,9,22
base,223,10,26
base,223,11,27
base,223,12,9
base,223,13,18
base,223,14,143
base,223,15,51
base,223,16,36
base,223,17,109
base,223,18,19
base,223,19,112
base,223,20,114
base,224,1,49
base,224,2,31
base,224,3,22
base,224,4,10
base,224,5,26
base,224,6,18
base,224,7,3
base,224,8,32
base,224,9,9
base,224,10,19
base,224,11,133
base,224,12,80
base,224,13,20
base,224,14,113
base,224,15,37
base,224,16,12
base,224,17,174
base,224,18,2
base,224,19,17
base,224,20,27
base,225,1,17
base,225,2,34
base,225,3,66
base,225,4,36
base,225,5,19
base,225,6,22
base,225,7,111
base,225,8,32
base,225,9,11
base,225,10,15
base,225,11,18
base,225,12,26
base,225,13,133
base,225,14,10
base,225,15,31
base,225,16,12
base,225,17,1
base,225,18,27
base,225,19,92
base,225,20,9
base,226,1,19
base,226,2,12
base,226,3,119
base,226,4,2
base,226,5,20
base,226,6,10
base,226,7,22
base,226,8,1
base,226,9,18
base,226,10,27
base,226,11,34
base,226,12,11
base,226,13,26
base,226,14,3
base,226,15,36
base,226,16,15
base,226,17,9
base,226,18,161
base,226,19,37
base,226,20,86
base,227,1,191
base,227,2,20
base,227,3,34
base,227,4,17
base,227,5,2
base,227,6,31
base,227,7,101
base,227,8,12
base,227,9,9
base,227,10,141
base,227,11,177
base,227,12,11
base,227,13,37
base,227,14,32
base,227,15,22
base,227,16,193
base,227,17,73
base,227,18,18
base,227,19,130
base,227,20,15
base,228,1,17
base,228,2,12
base,228,3,36
base,228,4,110
base,228,5,27
base,228,6,9
base,228,7,123
base,228,8,32
base,228,9,159
base,228,10,76
base,228,11,3
base,228,12,10
base,228,13,11
base,228,14,31
base,228,15,1
base,228,16,15
base,228,17,22
base,228,18,34
base,228,19,20
base,228,20,119
base,229,1,26
base,229,2,37
base,229,3,2
base,229,4,3
base,229,5,36
base,229,6,1
base,229,7,27
base,229,8,48
base,229,9,32
base,229,10,17
base,229,11,9
base,229,12,130
base,229,13,113
base,229,14,18
base,229,15,172
base,229,16,34
base,229,17,106
base,229,18,129
base,229,19,22
base,229,20,20
base,230,1,22
base,230,2,37
base,230,3,27
base,230,4,36
base,230,5,18
base,230,6,12
base,230,7,17
base,230,8,32
base,230,9,19
base,230,10,81
base,230,11,2
base,230,12,1
base,230,13,20
base,230,14,194
base,230,15,109
base,230,16,31
base,230,17,84
base,230,18,174
base,230,19,3
base,230,20,34
base,231,1,18
base,231,2,11
base,231,3,19
base,231,4,9
base,231,5,2
base,231,6,62
base,231,7,194
base,231,8,180
base,231,9,10
base,231,10,31
base,231,11,34
base,231,12,110
base,231,13,43
base,231,14,12
base,231,15,160
base,231,16,32
base,231,17,20
base,231,18,15
base,231,19,17
base,231,20,48
base,232,1,20
base,232,2,109
base,232,3,32
base,232,4,36
base,232,5,49
base,232,6,180
base,232,7,1
base,232,8,145
base,232,9,34
base,232,10,22
base,232,11,26
base,232,12,15
base,232,13,10
base,232,14,63
base,232,15,159
base,232,16,2
base,232,17,179
base,232,18,19
base,232,19,3
base,232,20,57
base,233,1,27
base,233,2,107
base,233,3,15
base,233,4,12
base,233,5,10
base,233,6,31
base,233,7,17
base,233,8,194
base,233,9,32
base,233,10,199
base,233,11,37
base,233,12,43
base,233,13,145
base,233,14,22
base,233,15,175
base,233,16,34
base,233,17,19
base,233,18,36
base,233,19,26
base,233,20,132
base,234,1,34
base,234,2,12
base,234,3,9
base,234,4,31
base,234,5,32
base,234,6,26
base,234,7,1
base,234,8,20
base,234,9,2
base,234,10,196
base,234,11,27
base,234,12,194
base,234,13,114
base,234,14,3
base,234,15,17
base,234,16,36
base,234,17,18
base,234,18,22
base,234,19,19
base,234,20,145
base,235,1,1
base,235,2,17
base,235,3,18
base,235,4,9
base,235,5,3
base,235,6,147
base,235,7,34
base,235,8,36
base,235,9,12
base,235,10,26
base,235,11,192
base,235,12,152
base,235,13,10
base,235,14,31
base,235,15,22
base,235,16,172
base,235,17,15
base,235,18,142
base,235,19,27
base,235,20,73
base,236,1,34
base,236,2,11
base,236,3,2
base,236,4,37
base,236,5,51
base,236,6,183
base,236,7,10
base,236,8,191
base,236,9,17
base,236,10,107
base,236,11,19
base,236,12,12
base,236,13,22
base,236,14,31
base,236,15,3
base,236,16,36
base,236,17,179
base,236,18,27
base,236,19,20
base,236,20,1
base,237,1,37
base,237,2,1
base,237,3,2
base,237,4,34
base,237,5,32
base,237,6,110
base,237,7,22
base,237,8,109
base,237,9,36
base,237,10,142
base,237,11,111
base,237,12,15
base,237,13,26
base,237,14,9
base,237,15,3
base,237,16,10
base,237,17,194
base,237,18,20
base,237,19,27
base,237,20,31
base,238,1,17
base,238,2,1
base,238,3,68
base,238,4,26
base,238,5,36
base,238,6,51
base,238,7,11
base,238,8,119
base,238,9,138
base,238,10,2
base,238,11,3
base,238,12,34
base,238,13,37
base,238,14,22
base,238,15,19
base,238,16,27
base,238,17,31
base,238,18,159
base,238,19,12
base,238,20,150
base,239,1,22
base,239,2,34
base,239,3,37
base,239,4,19
base,239,5,151
base,239,6,71
base,239,7,31
base,239,8,2
base,239,9,15
base,239,10,114
base,239,11,180
base,239,12,10
base,239,13,18
base,239,14,43
base,239,15,17
base,239,16,171
base,239,17,36
base,239,18,161
base,239,19,49
base,239,20,1
base,240,1,2
base,240,2,15
base,240,3,32
base,240,4,160
base,240,5,20
base,240,6,81
base,240,7,3
base,240,8,138
base,240,9,18
base,240,10,68
base,240,11,12
base,240,12,1
base,240,13,110
base,240,14,37
base,240,15,34
base,240,16,176
base,240,17,17
base,240,18,92
base,240,19,80
base,240,20,27
base,241,1,12
base,241,2,37
base,241,3,32
base,241,4,123
base,241,5,31
base,241,6,3
base,241,7,132
base,241,8,20
base,241,9,10
base,241,10,11
base,241,11,22
base,241,12,27
base,241,13,48
base,241,14,179
base,241,15,18
base,241,16,26
base,241,17,101
base,241,18,138
base,241,19,103
base,241,20,9
base,242,1,22
base,242,2,37
base,242,3,3
base,242,4,17
base,242,5,32
base,242,6,15
base,242,7,19
base,242,8,27
base,242,9,10
base,242,10,34
base,242,11,2
base,242,12,31
base,242,13,26
base,242,14,178
base,242,15,1
base,242,16,36
base,242,17,20
base,242,18,12
base,242,19,18
base,242,20,145
base,243,1,71
base,243,2,152
base,243,3,1
base,243,4,15
base,243,5,3
base,243,6,18
base,243,7,9
base,243,8,34
base,243,9,2
base,243,10,31
base,243,11,27
base,243,12,11
base,243,13,22
base,243,14,32
base,243,15,17
base,243,16,53
base,243,17,138
base,243,18,19
base,243,19,26
base,243,20,10
base,244,1,63
base,244,2,9
base,244,3,27
base,244,4,57
base,244,5,32
base,244,6,3
base,244,7,133
base,244,8,69
base,244,9,152
base,244,10,22
base,244,11,17
base,244,12,62
base,244,13,15
base,244,14,20
base,244,15,145
base,244,16,171
base,244,17,19
base,244,18,12
base,244,19,11
base,244,20,10
base,245,1,19
base,245,2,17
base,245,3,113
base,245,4,20
base,245,5,22
base,245,6,27
base,245,7,11
base,245,8,1
base,245,9,12
base,245,10,34
base,245,11,80
base,245,12,3
base,245,13,102
base,245,14,9
base,245,15,26
base,245,16,86
base,245,17,71
base,245,18,172
base,245,19,31
base,245,20,10
base,246,1,27
base,246,2,26
base,246,3,10
base,246,4,36
base,246,5,179
base,246,6,2
base,246,7,123
base,246,8,20
base,246,9,3
base,246,10,34
base,246,11,83
base,246,12,12
base,246,13,31
base,246,14,51
base,246,15,32
base,246,16,129
base,246,17,1
base,246,18,84
base,246,19,22
base,246,20,192
base,247,1,11
base,247,2,9
base,247,3,27
base,247,4,37
base,247,5,50
base,247,6,36
base,247,7,3
base,247,8,93
base,247,9,80
base,247,10,20
base,247,11,2
base,247,12,19
base,247,13,1
base,247,14,34
base,247,15,12
base,247,16,10
base,247,17,17
base,247,18,32
base,247,19,71
base,247,20,113
base,248,1,31
base,248,2,9
base,248,3,37
base,248,4,18
base,248,5,20
base,248,6,199
base,248,7,15
base,248,8,183
base,248,9,26
base,248,10,17
base,248,11,27
base,248,12,32
base,248,13,10
base,248,14,11
base,248,15,1
base,248,16,166
base,248,17,3
base,248,18,34
base,248,19,112
base,248,20,22
base,249,1,161
base,249,2,11
base,249,3,10
base,249,4,18
base,249,5,50
base,249,6,19
base,249,7,15
base,249,8,26
base,249,9,1
base,249,10,199
base,249,11,9
base,249,12,20
base,249,13,22
base,249,14,12
base,249,15,31
base,249,16,37
base,249,17,93
base,249,18,3
base,249,19,53
base,249,20,27
base,250,1,10
base,250,2,15
base,250,3,12
base,250,4,113
base,250,5,2
base,250,6,18
base,250,7,176
base,250,8,19
base,250,9,17
base,250,10,34
base,250,11,9
base,250,12,81
base,250,13,27
base,250,14,36
base,250,15,11
base,250,16,1
base,250,17,31
base,250,18,32
base,250,19,129
base,250,20,133
base,251,1,177
base,251,2,10
base,251,3,32
base,251,4,27
base,251,5,2
base,251,6,18
base,251,7,15
base,251,8,3
base,251,9,19
base,251,10,12
base,251,11,1
base,251,12,31
base,251,13,22
base,251,14,20
base,251,15,9
base,251,16,86
base,251,17,147
base,251,18,133
base,251,19,175
base,251,20,36
base,252,1,31
base,252,2,18
base,252,3,9
base,252,4,20
base,252,5,2
base,252,6,17
base,252,7,37
base,252,8,26
base,252,9,48
base,252,10,171
base,252,11,11
base,252,12,27
base,252,13,178
base,252,14,1
base,252,15,126
base,252,16,10
base,252,17,15
base,252,18,22
base,252,19,172
base,252,20,34
base,253,1,19
base,253,2,34
base,253,3,18
base,253,4,31
base,253,5,12
base,253,6,177
base,253,7,1
base,253,8,22
base,253,9,15
base,253,10,161
base,253,11,69
base,253,12,17
base,253,13,151
base,253,14,37
base,253,15,49
base,253,16,10
base,253,17,123
base,253,18,26
base,253,19,165
base,253,20,147
base,254,1,32
base,254,2,175
base,254,3,20
base,254,4,9
base,254,5,143
base,254,6,31
base,254,7,68
base,254,8,178
base,254,9,15
base,254,10,101
base,254,11,11
base,254,12,3
base,254,13,12
base,254,14,10
base,254,15,22
base,254,16,18
base,254,17,26
base,254,18,19
base,254,19,37
base,254,20,1
base,255,1,32
base,255,2,34
base,255,3,9
base,255,4,36
base,255,5,19
base,255,6,26
base,255,7,172
base,255,8,196
base,255,9,10
base,255,10,2
base,255,11,80
base,255,12,161
base,255,13,46
base,255,14,123
base,255,15,194
base,255,16,18
base,255,17,71
base,255,18,3
base,255,19,177
base,255,20,119
base,256,1,12
base,256,2,11
base,256,3,20
base,256,4,34
base,256,5,26
base,256,6,3
base,256,7,17
base,256,8,10
base,256,9,61
base,256,10,2
base,256,11,1
base,256,12,19
base,256,13,130
base,256,14,9
base,256,15,145
base,256,16,32
base,256,17,37
base,256,18,189
base,256,19,106
base,256,20,51
base,257,1,20
base,257,2,11
base,257,3,9
base,257,4,2
base,257,5,1
base,257,6,26
base,257,7,31
base,257,8,15
base,257,9,32
base,257,10,172
base,257,11,17
base,257,12,36
base,257,13,10
base,257,14,27
base,257,15,3
base,257,16,142
base,257,17,37
base,257,18,22
base,257,19,76
base,257,20,138
base,258,1,18
base,258,2,92
base,258,3,20
base,258,4,37
base,258,5,130
base,258,6,19
base,258,7,36
base,258,8,15
base,258,9,10
base,258,10,26
base,258,11,132
base,258,12,3
base,258,13,12
base,258,14,9
base,258,15,34
base,258,16,114
base,258,17,32
base,258,18,1
base,258,19,31
base,258,20,106
base,259,1,26
base,259,2,11
base,259,3,36
base,259,4,37
base,259,5,31
base,259,6,18
base,259,7,32
base,259,8,12
base,259,9,2
base,259,10,178
base,259,11,119
base,259,12,68
base,259,13,20
base,259,14,15
base,259,15,22
base,259,16,34
base,259,17,141
base,259,18,9
base,259,19,1
base,259,20,132
base,260,1,18
base,260,2,12
base,260,3,36
base,260,4,22
base,260,5,123
base,260,6,15
base,260,7,34
base,260,8,37
base,260,9,11
base,260,10,20
base,260,11,102
base,260,12,27
base,260,13,19
base,260,14,17
base,260,15,143
base,260,16,180
base,260,17,26
base,260,18,32
base,260,19,151
base,260,20,93
base,261,1,3
base,261,2,130
base,261,3,32
base,261,4,18
base,261,5,9
base,261,6,2
base,261,7,11
base,261,8,10
base,261,9,27
base,261,10,161
base,261,11,12
base,261,12,194
base,261,13,36
base,261,14,19
base,261,15,34
base,261,16,31
base,261,17,106
base,261,18,26
base,261,19,37
base,261,20,62
base,262,1,183
base,262,2,31
base,262,3,22
base,262,4,34
base,262,5,11
base,262,6,1
base,262,7,110
base,262,8,196
base,262,9,46
base,262,10,18
base,262,11,192
base,262,12,27
base,262,13,9
base,262,14,12
base,262,15,174
base,262,16,59
base,262,17,86
base,262,18,37
base,262,19,2
base,262,20,32
base,263,1,37
base,263,2,22
base,263,3,178
base,263,4,34
base,263,5,11
base,263,6,31
base,263,7,17
base,263,8,12
base,263,9,18
base,263,10,27
base,263,11,10
base,263,12,32
base,263,13,9
base,263,14,1
base,263,15,26
base,263,16,169
base,263,17,36
base,263,18,3
base,263,19,141
base,263,20,46
base,264,1,10
base,264,2,2
base,264,3,36
base,264,4,12
base,264,5,51
base,264,6,22
base,264,7,18
base,264,8,20
base,264,9,31
base,264,10,27
base,264,11,32
base,264,12,133
base,264,13,86
base,264,14,15
base,264,15,113
base,264,16,49
base,264,17,19
base,264,18,171
base,264,19,1
base,264,20,159
base,265,1,36
base,265,2,15
base,265,3,22
base,265,4,178
base,265,5,32
base,265,6,66
base,265,7,84
base,265,8,37
base,265,9,133
base,265,10,3
base,265,11,18
base,265,12,12
base,265,13,27
base,265,14,26
base,265,15,34
base,265,16,20
base,265,17,11
base,265,18,10
base,265,19,17
base,265,20,9
base,266,1,22
base,266,2,1
base,266,3,36
base,266,4,19
base,266,5,31
base,266,6,37
base,266,7,159
base,266,8,32
base,266,9,34
base,266,10,17
base,266,11,15
base,266,12,62
base,266,13,81
base,266,14,10
base,266,15,63
base,266,16,101
base,266,17,20
base,266,18,3
base,266,19,27
base,266,20,51
base,267,1,19
base,267,2,2
base,267,3,17
base,267,4,1
base,267,5,61
base,267,6,15
base,267,7,86
base,267,8,50
base,267,9,73
base,267,10,22
base,267,11,34
base,267,12,3
base,267,13,151
base,267,14,20
base,267,15,10
base,267,16,37
base,267,17,32
base,267,18,12
base,267,19,31
base,267,20,49
base,268,1,20
base,268,2,27
base,268,3,31
base,268,4,12
base,268,5,15
base,268,6,112
base,268,7,178
base,268,8,26
base,268,9,37
base,268,10,17
base,268,11,19
base,268,12,3
base,268,13,194
base,268,14,180
base,268,15,80
base,268,16,2
base,268,17,36
base,268,18,169
base,268,19,161
base,268,20,18
base,269,1,34
base,269,2,26
base,269,3,31
base,269,4,2
base,269,5,193
base,269,6,36
base,269,7,22
base,269,8,129
base,269,9,169
base,269,10,1
base,269,11,12
base,269,12,3
base,269,13,110
base,269,14,18
base,269,15,15
base,269,16,19
base,269,17,176
base,269,18,37
base,269,19,10
base,269,20,27
base,270,1,130
base,270,2,26
base,270,3,32
base,270,4,3
base,270,5,179
base,270,6,36
base,270,7,12
base,270,8,9
base,270,9,19
base,270,10,2
base,270,11,15
base,270,12,142
base,270,13,11
base,270,14,18
base,270,15,17
base,270,16,1
base,270,17,34
base,270,18,10
base,270,19,50
base,270,20,20
base,271,1,32
base,271,2,19
base,271,3,22
base,271,4,15
base,271,5,36
base,271,6,103
base,271,7,10
base,271,8,37
base,271,9,69
base,271,10,17
base,271,11,18
base,271,12,3
base,271,13,34
base,271,14,11
base,271,15,118
base,271,16,20
base,271,17,193
base,271,18,2
base,271,19,27
base,271,20,12
base,272,1,36
base,272,2,26
base,272,3,20
base,272,4,49
base,272,5,18
base,272,6,37
base,272,7,92
base,272,8,50
base,272,9,15
base,272,10,103
base,272,11,17
base,272,12,10
base,272,13,11
base,272,14,27
base,272,15,32
base,272,16,189
base,272,17,2
base,272,18,22
base,272,19,132
base,272,20,1
base,273,1,18
base,273,2,126
base,273,3,108
base,273,4,9
base,273,5,37
base,273,6,34
base,273,7,26
base,273,8,11
base,273,9,92
base,273,10,20
base,273,11,2
base,273,12,12
base,273,13,19
base,273,14,3
base,273,15,32
base,273,16,31
base,273,17,83
base,273,18,22
base,273,19,49
base,273,20,1
base,274,1,32
base,274,2,17
base,274,3,1
base,274,4,2
base,274,5,19
base,274,6,18
base,274,7,26
base,274,8,169
base,274,9,11
base,274,10,36
base,274,11,51
base,274,12,92
base,274,13,123
base,274,14,160
base,274,15,20
base,274,16,27
base,274,17,34
base,274,18,183
base,274,19,10
base,274,20,3
base,275,1,15
base,275,2,9
base,275,3,19
base,275,4,126
base,275,5,84
base,275,6,2
base,275,7,123
base,275,8,27
base,275,9,93
base,275,10,175
base,275,11,145
base,275,12,22
base,275,13,36
base,275,14,3
base,275,15,141
base,275,16,129
base,275,17,37
base,275,18,193
base,275,19,17
base,275,20,159
base,276,1,12
base,276,2,9
base,276,3,166
base,276,4,142
base,276,5,15
base,276,6,1
base,276,7,108
base,276,8,10
base,276,9,125
base,276,10,37
base,276,11,36
base,276,12,130
base,276,13,31
base,276,14,34
base,276,15,18
base,276,16,123
base,276,17,76
base,276,18,20
base,276,19,32
base,276,20,27
base,277,1,22
base,277,2,19
base,277,3,32
base,277,4,1
base,277,5,37
base,277,6,111
base,277,7,9
base,277,8,15
base,277,9,12
base,277,10,83
base,277,11,151
base,277,12,20
base,277,13,2
base,277,14,10
base,277,15,183
base,277,16,147
base,277,17,126
base,277,18,169
base,277,19,152
base,277,20,34
base,278,1,46
base,278,2,3
base,278,3,22
base,278,4,32
base,278,5,18
base,278,6,26
base,278,7,62
base,278,8,118
base,278,9,199
base,278,10,10
base,278,11,19
base,278,12,152
base,278,13,12
base,278,14,114
base,278,15,101
base,278,16,9
base,278,17,11
base,278,18,15
base,278,19,31
base,278,20,49
base,279,1,18
base,279,2,36
base,279,3,183
base,279,4,132
base,279,5,3
base,279,6,123
base,279,7,59
base,279,8,37
base,279,9,27
base,279,10,104
base,279,11,80
base,279,12,19
base,279,13,1
base,279,14,83
base,279,15,15
base,279,16,177
base,279,17,32
base,279,18,50
base,279,19,26
base,279,20,81
base,280,1,22
base,280,2,36
base,280,3,27
base,280,4,194
base,280,5,17
base,280,6,19
base,280,7,26
base,280,8,2
base,280,9,9
base,280,10,18
base,280,11,37
base,280,12,34
base,280,13,161
base,280,14,144
base,280,15,111
base,280,16,11
base,280,17,31
base,280,18,12
base,280,19,32
base,280,20,10
recsys_only,131,1,169
recsys_only,131,2,20
recsys_only,131,3,37
recsys_only,131,4,183
recsys_only,131,5,17
recsys_only,131,6,160
recsys_only,131,7,93
recsys_only,131,8,10
recsys_only,131,9,18
recsys_only,131,10,34
recsys_only,131,11,15
recsys_only,131,12,19
recsys_only,131,13,151
recsys_only,131,14,53
recsys_only,131,15,71
recsys_only,131,16,51
recsys_only,131,17,80
recsys_only,131,18,61
recsys_only,131,19,59
recsys_only,131,20,176
recsys_only,132,1,50
recsys_only,132,2,12
recsys_only,132,3,69
recsys_only,132,4,63
recsys_only,132,5,46
recsys_only,132,6,81
recsys_only,132,7,73
recsys_only,132,8,114
recsys_only,132,9,3
recsys_only,132,10,43
recsys_only,132,11,62
recsys_only,132,12,165
recsys_only,132,13,194
recsys_only,132,14,141
recsys_only,132,15,126
recsys_only,132,16,150
recsys_only,132,17,17
recsys_only,132,18,20
recsys_only,132,19,177
recsys_only,132,20,1
recsys_only,133,1,110
recsys_only,133,2,107
recsys_only,133,3,111
recsys_only,133,4,104
recsys_only,133,5,109
recsys_only,133,6,1
recsys_only,133,7,2
recsys_only,133,8,11
recsys_only,133,9,133
recsys_only,133,10,26
recsys_only,133,11,10
recsys_only,133,12,15
recsys_only,133,13,9
recsys_only,133,14,27
recsys_only,133,15,57
recsys_only,133,16,49
recsys_only,133,17,108
recsys_only,133,18,66
recsys_only,133,19,166
recsys_only,133,20,80
recsys_only,134,1,12
recsys_only,134,2,63
recsys_only,134,3,69
recsys_only,134,4,50
recsys_only,134,5,81
recsys_only,134,6,46
recsys_only,134,7,73
recsys_only,134,8,114
recsys_only,134,9,43
recsys_only,134,10,3
recsys_only,134,11,2
recsys_only,134,12,62
recsys_only,134,13,141
recsys_only,134,14,126
recsys_only,134,15,194
recsys_only,134,16,76
recsys_only,134,17,129
recsys_only,134,18,17
recsys_only,134,19,26
recsys_only,134,20,10
recsys_only,135,1,36
recsys_only,135,2,61
recsys_only,135,3,62
recsys_only,135,4,102
recsys_only,135,5,34
recsys_only,135,6,53
recsys_only,135,7,71
recsys_only,135,8,189
recsys_only,135,9,66
recsys_only,135,10,125
recsys_only,135,11,161
recsys_only,135,12,165
recsys_only,135,13,2
recsys_only,135,14,17
recsys_only,135,15,1
recsys_only,135,16,20
recsys_only,135,17,10
recsys_only,135,18,26
recsys_only,135,19,180
recsys_only,135,20,11
recsys_only,136,1,36
recsys_only,136,2,61
recsys_only,136,3,62
recsys_only,136,4,102
recsys_only,136,5,34
recsys_only,136,6,71
recsys_only,136,7,53
recsys_only,136,8,66
recsys_only,136,9,165
recsys_only,136,10,17
recsys_only,136,11,1
recsys_only,136,12,10
recsys_only,136,13,20
recsys_only,136,14,15
recsys_only,136,15,26
recsys_only,136,16,2
recsys_only,136,17,189
recsys_only,136,18,3
recsys_only,136,19,11
recsys_only,136,20,19
recsys_only,137,1,36
recsys_only,137,2,61
recsys_only,137,3,34
recsys_only,137,4,53
recsys_only,137,5,71
recsys_only,137,6,189
recsys_only,137,7,66
recsys_only,137,8,62
recsys_only,137,9,102
recsys_only,137,10,125
recsys_only,137,11,161
recsys_only,137,12,165
recsys_only,137,13,17
recsys_only,137,14,2
recsys_only,137,15,22
recsys_only,137,16,9
recsys_only,137,17,1
recsys_only,137,18,11
recsys_only,137,19,180
recsys_only,137,20,10
recsys_only,138,1,3
recsys_only,138,2,62
recsys_only,138,3,59
recsys_only,138,4,36
recsys_only,138,5,48
recsys_only,138,6,2
recsys_only,138,7,17
recsys_only,138,8,20
recsys_only,138,9,1
recsys_only,138,10,10
recsys_only,138,11,76
recsys_only,138,12,11
recsys_only,138,13,15
recsys_only,138,14,26
recsys_only,138,15,71
recsys_only,138,16,9
recsys_only,138,17,61
recsys_only,138,18,22
recsys_only,138,19,34
recsys_only,138,20,37
recsys_only,139,1,17
recsys_only,139,2,169
recsys_only,139,3,20
recsys_only,139,4,37
recsys_only,139,5,93
recsys_only,139,6,18
recsys_only,139,7,10
recsys_only,139,8,51
recsys_only,139,9,34
recsys_only,139,10,15
recsys_only,139,11,183
recsys_only,139,12,19
recsys_only,139,13,53
recsys_only,139,14,151
recsys_only,139,15,9
recsys_only,139,16,22
recsys_only,139,17,1
recsys_only,139,18,11
recsys_only,139,19,80
recsys_only,139,20,176
recsys_only,140,1,36
recsys_only,140,2,61
recsys_only,140,3,62
recsys_only,140,4,102
recsys_only,140,5,165
recsys_only,140,6,71
recsys_only,140,7,34
recsys_only,140,8,53
recsys_only,140,9,66
recsys_only,140,10,17
recsys_only,140,11,1
recsys_only,140,12,10
recsys_only,140,13,2
recsys_only,140,14,26
recsys_only,140,15,15
recsys_only,140,16,20
recsys_only,140,17,189
recsys_only,140,18,3
recsys_only,140,19,9
recsys_only,140,20,22
recsys_only,141,1,2
recsys_only,141,2,133
recsys_only,141,3,166
recsys_only,141,4,110
recsys_only,141,5,111
recsys_only,141,6,108
recsys_only,141,7,106
recsys_only,141,8,107
recsys_only,141,9,104
recsys_only,141,10,109
recsys_only,141,11,57
recsys_only,141,12,152
recsys_only,141,13,130
recsys_only,141,14,26
recsys_only,141,15,147
recsys_only,141,16,143
recsys_only,141,17,10
recsys_only,141,18,1
recsys_only,141,19,11
recsys_only,141,20,66
recsys_only,142,1,17
recsys_only,142,2,93
recsys_only,142,3,151
recsys_only,142,4,18
recsys_only,142,5,20
recsys_only,142,6,34
recsys_only,142,7,19
recsys_only,142,8,51
recsys_only,142,9,37
recsys_only,142,10,53
recsys_only,142,11,169
recsys_only,142,12,160
recsys_only,142,13,10
recsys_only,142,14,125
recsys_only,142,15,15
recsys_only,142,16,183
recsys_only,142,17,1
recsys_only,142,18,80
recsys_only,142,19,71
recsys_only,142,20,11
recsys_only,143,1,36
recsys_only,143,2,61
recsys_only,143,3,62
recsys_only,143,4,102
recsys_only,143,5,34
recsys_only,143,6,53
recsys_only,143,7,71
recsys_only,143,8,66
recsys_only,143,9,189
recsys_only,143,10,125
recsys_only,143,11,161
recsys_only,143,12,2
recsys_only,143,13,15
recsys_only,143,14,17
recsys_only,143,15,165
recsys_only,143,16,11
recsys_only,143,17,9
recsys_only,143,18,22
recsys_only,143,19,1
recsys_only,143,20,10
recsys_only,144,1,17
recsys_only,144,2,176
recsys_only,144,3,18
recsys_only,144,4,34
recsys_only,144,5,20
recsys_only,144,6,19
recsys_only,144,7,37
recsys_only,144,8,53
recsys_only,144,9,51
recsys_only,144,10,93
recsys_only,144,11,1
recsys_only,144,12,11
recsys_only,144,13,125
recsys_only,144,14,22
recsys_only,144,15,151
recsys_only,144,16,9
recsys_only,144,17,3
recsys_only,144,18,2
recsys_only,144,19,49
recsys_only,144,20,31
recsys_only,145,1,36
recsys_only,145,2,62
recsys_only,145,3,61
recsys_only,145,4,17
recsys_only,145,5,102
recsys_only,145,6,10
recsys_only,145,7,1
recsys_only,145,8,20
recsys_only,145,9,18
recsys_only,145,10,15
recsys_only,145,11,3
recsys_only,145,12,2
recsys_only,145,13,37
recsys_only,145,14,34
recsys_only,145,15,9
recsys_only,145,16,19
recsys_only,145,17,71
recsys_only,145,18,22
recsys_only,145,19,26
recsys_only,145,20,11
recsys_only,146,1,2
recsys_only,146,2,108
recsys_only,146,3,106
recsys_only,146,4,152
recsys_only,146,5,57
recsys_only,146,6,143
recsys_only,146,7,20
recsys_only,146,8,130
recsys_only,146,9,133
recsys_only,146,10,10
recsys_only,146,11,19
recsys_only,146,12,147
recsys_only,146,13,26
recsys_only,146,14,71
recsys_only,146,15,166
recsys_only,146,16,63
recsys_only,146,17,66
recsys_only,146,18,80
recsys_only,146,19,111
recsys_only,146,20,92
recsys_only,147,1,2
recsys_only,147,2,10
recsys_only,147,3,26
recsys_only,147,4,110
recsys_only,147,5,104
recsys_only,147,6,111
recsys_only,147,7,107
recsys_only,147,8,80
recsys_only,147,9,109
recsys_only,147,10,66
recsys_only,147,11,57
recsys_only,147,12,152
recsys_only,147,13,132
recsys_only,147,14,92
recsys_only,147,15,143
recsys_only,147,16,142
recsys_only,147,17,144
recsys_only,147,18,1
recsys_only,147,19,11
recsys_only,147,20,15
recsys_only,148,1,17
recsys_only,148,2,20
recsys_only,148,3,37
recsys_only,148,4,93
recsys_only,148,5,151
recsys_only,148,6,18
recsys_only,148,7,34
recsys_only,148,8,19
recsys_only,148,9,176
recsys_only,148,10,53
recsys_only,148,11,51
recsys_only,148,12,169
recsys_only,148,13,10
recsys_only,148,14,125
recsys_only,148,15,15
recsys_only,148,16,183
recsys_only,148,17,80
recsys_only,148,18,71
recsys_only,148,19,22
recsys_only,148,20,1
recsys_only,149,1,36
recsys_only,149,2,61
recsys_only,149,3,62
recsys_only,149,4,102
recsys_only,149,5,34
recsys_only,149,6,53
recsys_only,149,7,71
recsys_only,149,8,66
recsys_only,149,9,189
recsys_only,149,10,125
recsys_only,149,11,161
recsys_only,149,12,165
recsys_only,149,13,2
recsys_only,149,14,180
recsys_only,149,15,20
recsys_only,149,16,17
recsys_only,149,17,1
recsys_only,149,18,26
recsys_only,149,19,10
recsys_only,149,20,15
recsys_only,150,1,9
recsys_only,150,2,22
recsys_only,150,3,46
recsys_only,150,4,32
recsys_only,150,5,84
recsys_only,150,6,68
recsys_only,150,7,103
recsys_only,150,8,26
recsys_only,150,9,191
recsys_only,150,10,174
recsys_only,150,11,31
recsys_only,150,12,43
recsys_only,150,13,199
recsys_only,150,14,2
recsys_only,150,15,10
recsys_only,150,16,141
recsys_only,150,17,15
recsys_only,150,18,73
recsys_only,150,19,51
recsys_only,150,20,150
recsys_only,151,1,1
recsys_only,151,2,11
recsys_only,151,3,9
recsys_only,151,4,113
recsys_only,151,5,119
recsys_only,151,6,84
recsys_only,151,7,92
recsys_only,151,8,66
recsys_only,151,9,2
recsys_only,151,10,22
recsys_only,151,11,18
recsys_only,151,12,17
recsys_only,151,13,138
recsys_only,151,14,145
recsys_only,151,15,34
recsys_only,151,16,10
recsys_only,151,17,3
recsys_only,151,18,26
recsys_only,151,19,46
recsys_only,151,20,32
recsys_only,152,1,17
recsys_only,152,2,18
recsys_only,152,3,34
recsys_only,152,4,19
recsys_only,152,5,20
recsys_only,152,6,176
recsys_only,152,7,53
recsys_only,152,8,37
recsys_only,152,9,51
recsys_only,152,10,1
recsys_only,152,11,93
recsys_only,152,12,180
recsys_only,152,13,11
recsys_only,152,14,22
recsys_only,152,15,125
recsys_only,152,16,102
recsys_only,152,17,9
recsys_only,152,18,2
recsys_only,152,19,151
recsys_only,152,20,31
recsys_only,153,1,17
recsys_only,153,2,93
recsys_only,153,3,20
recsys_only,153,4,151
recsys_only,153,5,34
recsys_only,153,6,19
recsys_only,153,7,53
recsys_only,153,8,10
recsys_only,153,9,61
recsys_only,153,10,37
recsys_only,153,11,71
recsys_only,153,12,18
recsys_only,153,13,15
recsys_only,153,14,160
recsys_only,153,15,1
recsys_only,153,16,51
recsys_only,153,17,169
recsys_only,153,18,11
recsys_only,153,19,178
recsys_only,153,20,102
recsys_only,154,1,17
recsys_only,154,2,102
recsys_only,154,3,10
recsys_only,154,4,15
recsys_only,154,5,20
recsys_only,154,6,169
recsys_only,154,7,37
recsys_only,154,8,93
recsys_only,154,9,18
recsys_only,154,10,80
recsys_only,154,11,160
recsys_only,154,12,71
recsys_only,154,13,51
recsys_only,154,14,61
recsys_only,154,15,19
recsys_only,154,16,34
recsys_only,154,17,53
recsys_only,154,18,9
recsys_only,154,19,144
recsys_only,154,20,183
recsys_only,155,1,36
recsys_only,155,2,61
recsys_only,155,3,62
recsys_only,155,4,102
recsys_only,155,5,34
recsys_only,155,6,53
recsys_only,155,7,71
recsys_only,155,8,66
recsys_only,155,9,189
recsys_only,155,10,125
recsys_only,155,11,165
recsys_only,155,12,161
recsys_only,155,13,17
recsys_only,155,14,10
recsys_only,155,15,2
recsys_only,155,16,180
recsys_only,155,17,20
recsys_only,155,18,1
recsys_only,155,19,9
recsys_only,155,20,15
recsys_only,156,1,17
recsys_only,156,2,20
recsys_only,156,3,37
recsys_only,156,4,93
recsys_only,156,5,102
recsys_only,156,6,19
recsys_only,156,7,18
recsys_only,156,8,34
recsys_only,156,9,10
recsys_only,156,10,15
recsys_only,156,11,151
recsys_only,156,12,53
recsys_only,156,13,51
recsys_only,156,14,71
recsys_only,156,15,59
recsys_only,156,16,176
recsys_only,156,17,1
recsys_only,156,18,11
recsys_only,156,19,61
recsys_only,156,20,169
recsys_only,157,1,36
recsys_only,157,2,61
recsys_only,157,3,62
recsys_only,157,4,102
recsys_only,157,5,34
recsys_only,157,6,53
recsys_only,157,7,66
recsys_only,157,8,71
recsys_only,157,9,189
recsys_only,157,10,2
recsys_only,157,11,125
recsys_only,157,12,15
recsys_only,157,13,1
recsys_only,157,14,17
recsys_only,157,15,11
recsys_only,157,16,26
recsys_only,157,17,22
recsys_only,157,18,10
recsys_only,157,19,161
recsys_only,157,20,9
recsys_only,158,1,36
recsys_only,158,2,61
recsys_only,158,3,62
recsys_only,158,4,34
recsys_only,158,5,189
recsys_only,158,6,71
recsys_only,158,7,53
recsys_only,158,8,66
recsys_only,158,9,125
recsys_only,158,10,2
recsys_only,158,11,102
recsys_only,158,12,1
recsys_only,158,13,161
recsys_only,158,14,17
recsys_only,158,15,22
recsys_only,158,16,11
recsys_only,158,17,26
recsys_only,158,18,15
recsys_only,158,19,10
recsys_only,158,20,57
recsys_only,159,1,36
recsys_only,159,2,61
recsys_only,159,3,62
recsys_only,159,4,102
recsys_only,159,5,34
recsys_only,159,6,53
recsys_only,159,7,71
recsys_only,159,8,189
recsys_only,159,9,2
recsys_only,159,10,66
recsys_only,159,11,125
recsys_only,159,12,9
recsys_only,159,13,1
recsys_only,159,14,22
recsys_only,159,15,11
recsys_only,159,16,17
recsys_only,159,17,10
recsys_only,159,18,161
recsys_only,159,19,26
recsys_only,159,20,15
recsys_only,160,1,1
recsys_only,160,2,17
recsys_only,160,3,11
recsys_only,160,4,22
recsys_only,160,5,9
recsys_only,160,6,169
recsys_only,160,7,18
recsys_only,160,8,49
recsys_only,160,9,20
recsys_only,160,10,19
recsys_only,160,11,2
recsys_only,160,12,34
recsys_only,160,13,3
recsys_only,160,14,32
recsys_only,160,15,31
recsys_only,160,16,183
recsys_only,160,17,51
recsys_only,160,18,37
recsys_only,160,19,176
recsys_only,160,20,46
recsys_only,161,1,3
recsys_only,161,2,59
recsys_only,161,3,62
recsys_only,161,4,76
recsys_only,161,5,2
recsys_only,161,6,48
recsys_only,161,7,129
recsys_only,161,8,15
recsys_only,161,9,1
recsys_only,161,10,17
recsys_only,161,11,11
recsys_only,161,12,26
recsys_only,161,13,10
recsys_only,161,14,22
recsys_only,161,15,9
recsys_only,161,16,20
recsys_only,161,17,147
recsys_only,161,18,19
recsys_only,161,19,57
recsys_only,161,20,36
recsys_only,162,1,17
recsys_only,162,2,93
recsys_only,162,3,102
recsys_only,162,4,18
recsys_only,162,5,34
recsys_only,162,6,151
recsys_only,162,7,19
recsys_only,162,8,51
recsys_only,162,9,10
recsys_only,162,10,15
recsys_only,162,11,20
recsys_only,162,12,1
recsys_only,162,13,11
recsys_only,162,14,37
recsys_only,162,15,53
recsys_only,162,16,9
recsys_only,162,17,71
recsys_only,162,18,22
recsys_only,162,19,178
recsys_only,162,20,80
recsys_only,163,1,50
recsys_only,163,2,69
recsys_only,163,3,12
recsys_only,163,4,63
recsys_only,163,5,165
recsys_only,163,6,46
recsys_only,163,7,73
recsys_only,163,8,81
recsys_only,163,9,43
recsys_only,163,10,3
recsys_only,163,11,114
recsys_only,163,12,62
recsys_only,163,13,126
recsys_only,163,14,150
recsys_only,163,15,59
recsys_only,163,16,141
recsys_only,163,17,36
recsys_only,163,18,17
recsys_only,163,19,194
recsys_only,163,20,20
recsys_only,164,1,9
recsys_only,164,2,84
recsys_only,164,3,22
recsys_only,164,4,32
recsys_only,164,5,46
recsys_only,164,6,68
recsys_only,164,7,103
recsys_only,164,8,26
recsys_only,164,9,145
recsys_only,164,10,31
recsys_only,164,11,1
recsys_only,164,12,11
recsys_only,164,13,2
recsys_only,164,14,174
recsys_only,164,15,43
recsys_only,164,16,92
recsys_only,164,17,199
recsys_only,164,18,66
recsys_only,164,19,138
recsys_only,164,20,10
recsys_only,165,1,2
recsys_only,165,2,133
recsys_only,165,3,166
recsys_only,165,4,57
recsys_only,165,5,109
recsys_only,165,6,104
recsys_only,165,7,110
recsys_only,165,8,106
recsys_only,165,9,111
recsys_only,165,10,107
recsys_only,165,11,108
recsys_only,165,12,152
recsys_only,165,13,26
recsys_only,165,14,10
recsys_only,165,15,143
recsys_only,165,16,130
recsys_only,165,17,147
recsys_only,165,18,9
recsys_only,165,19,80
recsys_only,165,20,92
recsys_only,166,1,2
recsys_only,166,2,133
recsys_only,166,3,166
recsys_only,166,4,110
recsys_only,166,5,108
recsys_only,166,6,111
recsys_only,166,7,106
recsys_only,166,8,57
recsys_only,166,9,107
recsys_only,166,10,104
recsys_only,166,11,109
recsys_only,166,12,152
recsys_only,166,13,143
recsys_only,166,14,147
recsys_only,166,15,10
recsys_only,166,16,130
recsys_only,166,17,26
recsys_only,166,18,80
recsys_only,166,19,1
recsys_only,166,20,66
recsys_only,167,1,36
recsys_only,167,2,61
recsys_only,167,3,62
recsys_only,167,4,102
recsys_only,167,5,34
recsys_only,167,6,53
recsys_only,167,7,71
recsys_only,167,8,165
recsys_only,167,9,66
recsys_only,167,10,1
recsys_only,167,11,11
recsys_only,167,12,9
recsys_only,167,13,17
recsys_only,167,14,10
recsys_only,167,15,2
recsys_only,167,16,26
recsys_only,167,17,161
recsys_only,167,18,125
recsys_only,167,19,20
recsys_only,167,20,15
recsys_only,168,1,36
recsys_only,168,2,61
recsys_only,168,3,62
recsys_only,168,4,102
recsys_only,168,5,34
recsys_only,168,6,71
recsys_only,168,7,53
recsys_only,168,8,66
recsys_only,168,9,189
recsys_only,168,10,125
recsys_only,168,11,165
recsys_only,168,12,161
recsys_only,168,13,17
recsys_only,168,14,1
recsys_only,168,15,2
recsys_only,168,16,20
recsys_only,168,17,15
recsys_only,168,18,10
recsys_only,168,19,18
recsys_only,168,20,3
recsys_only,169,1,36
recsys_only,169,2,61
recsys_only,169,3,62
recsys_only,169,4,102
recsys_only,169,5,34
recsys_only,169,6,53
recsys_only,169,7,71
recsys_only,169,8,66
recsys_only,169,9,189
recsys_only,169,10,125
recsys_only,169,11,161
recsys_only,169,12,1
recsys_only,169,13,165
recsys_only,169,14,2
recsys_only,169,15,20
recsys_only,169,16,17
recsys_only,169,17,11
recsys_only,169,18,26
recsys_only,169,19,180
recsys_only,169,20,15
recsys_only,170,1,69
recsys_only,170,2,50
recsys_only,170,3,12
recsys_only,170,4,165
recsys_only,170,5,63
recsys_only,170,6,73
recsys_only,170,7,46
recsys_only,170,8,81
recsys_only,170,9,43
recsys_only,170,10,114
recsys_only,170,11,194
recsys_only,170,12,59
recsys_only,170,13,36
recsys_only,170,14,150
recsys_only,170,15,141
recsys_only,170,16,177
recsys_only,170,17,126
recsys_only,170,18,48
recsys_only,170,19,159
recsys_only,170,20,2
recsys_only,171,1,106
recsys_only,171,2,108
recsys_only,171,3,2
recsys_only,171,4,133
recsys_only,171,5,130
recsys_only,171,6,147
recsys_only,171,7,166
recsys_only,171,8,57
recsys_only,171,9,175
recsys_only,171,10,104
recsys_only,171,11,109
recsys_only,171,12,110
recsys_only,171,13,111
recsys_only,171,14,107
recsys_only,171,15,15
recsys_only,171,16,152
recsys_only,171,17,27
recsys_only,171,18,26
recsys_only,171,19,10
recsys_only,171,20,101
recsys_only,172,1,9
recsys_only,172,2,84
recsys_only,172,3,103
recsys_only,172,4,22
recsys_only,172,5,26
recsys_only,172,6,46
recsys_only,172,7,32
recsys_only,172,8,68
recsys_only,172,9,43
recsys_only,172,10,2
recsys_only,172,11,10
recsys_only,172,12,118
recsys_only,172,13,150
recsys_only,172,14,191
recsys_only,172,15,31
recsys_only,172,16,1
recsys_only,172,17,145
recsys_only,172,18,174
recsys_only,172,19,57
recsys_only,172,20,80
recsys_only,173,1,9
recsys_only,173,2,84
recsys_only,173,3,22
recsys_only,173,4,46
recsys_only,173,5,32
recsys_only,173,6,68
recsys_only,173,7,103
recsys_only,173,8,26
recsys_only,173,9,145
recsys_only,173,10,2
recsys_only,173,11,31
recsys_only,173,12,1
recsys_only,173,13,174
recsys_only,173,14,11
recsys_only,173,15,92
recsys_only,173,16,66
recsys_only,173,17,10
recsys_only,173,18,43
recsys_only,173,19,199
recsys_only,173,20,138
recsys_only,174,1,9
recsys_only,174,2,84
recsys_only,174,3,22
recsys_only,174,4,32
recsys_only,174,5,46
recsys_only,174,6,68
recsys_only,174,7,103
recsys_only,174,8,26
recsys_only,174,9,145
recsys_only,174,10,31
recsys_only,174,11,43
recsys_only,174,12,174
recsys_only,174,13,2
recsys_only,174,14,199
recsys_only,174,15,92
recsys_only,174,16,1
recsys_only,174,17,11
recsys_only,174,18,66
recsys_only,174,19,10
recsys_only,174,20,138
recsys_only,175,1,17
recsys_only,175,2,93
recsys_only,175,3,151
recsys_only,175,4,18
recsys_only,175,5,34
recsys_only,175,6,19
recsys_only,175,7,20
recsys_only,175,8,51
recsys_only,175,9,169
recsys_only,175,10,53
recsys_only,175,11,37
recsys_only,175,12,160
recsys_only,175,13,10
recsys_only,175,14,15
recsys_only,175,15,125
recsys_only,175,16,183
recsys_only,175,17,80
recsys_only,175,18,9
recsys_only,175,19,71
recsys_only,175,20,22
recsys_only,176,1,12
recsys_only,176,2,50
recsys_only,176,3,69
recsys_only,176,4,81
recsys_only,176,5,63
recsys_only,176,6,73
recsys_only,176,7,194
recsys_only,176,8,114
recsys_only,176,9,43
recsys_only,176,10,141
recsys_only,176,11,177
recsys_only,176,12,159
recsys_only,176,13,126
recsys_only,176,14,150
recsys_only,176,15,1
recsys_only,176,16,46
recsys_only,176,17,11
recsys_only,176,18,17
recsys_only,176,19,10
recsys_only,176,20,26
recsys_only,177,1,36
recsys_only,177,2,61
recsys_only,177,3,62
recsys_only,177,4,34
recsys_only,177,5,102
recsys_only,177,6,2
recsys_only,177,7,9
recsys_only,177,8,22
recsys_only,177,9,17
recsys_only,177,10,53
recsys_only,177,11,71
recsys_only,177,12,1
recsys_only,177,13,165
recsys_only,177,14,10
recsys_only,177,15,18
recsys_only,177,16,11
recsys_only,177,17,15
recsys_only,177,18,26
recsys_only,177,19,32
recsys_only,177,20,66
recsys_only,178,1,22
recsys_only,178,2,9
recsys_only,178,3,32
recsys_only,178,4,46
recsys_only,178,5,84
recsys_only,178,6,68
recsys_only,178,7,174
recsys_only,178,8,43
recsys_only,178,9,1
recsys_only,178,10,11
recsys_only,178,11,199
recsys_only,178,12,17
recsys_only,178,13,103
recsys_only,178,14,49
recsys_only,178,15,18
recsys_only,178,16,31
recsys_only,178,17,2
recsys_only,178,18,118
recsys_only,178,19,19
recsys_only,178,20,3
recsys_only,179,1,12
recsys_only,179,2,50
recsys_only,179,3,69
recsys_only,179,4,81
recsys_only,179,5,63
recsys_only,179,6,73
recsys_only,179,7,43
recsys_only,179,8,114
recsys_only,179,9,3
recsys_only,179,10,59
recsys_only,179,11,165
recsys_only,179,12,48
recsys_only,179,13,46
recsys_only,179,14,141
recsys_only,179,15,194
recsys_only,179,16,159
recsys_only,179,17,150
recsys_only,179,18,126
recsys_only,179,19,1
recsys_only,179,20,177
recsys_only,180,1,36
recsys_only,180,2,61
recsys_only,180,3,62
recsys_only,180,4,34
recsys_only,180,5,53
recsys_only,180,6,102
recsys_only,180,7,71
recsys_only,180,8,2
recsys_only,180,9,9
recsys_only,180,10,17
recsys_only,180,11,165
recsys_only,180,12,22
recsys_only,180,13,1
recsys_only,180,14,10
recsys_only,180,15,11
recsys_only,180,16,66
recsys_only,180,17,18
recsys_only,180,18,125
recsys_only,180,19,15
recsys_only,180,20,26
recsys_only,181,1,20
recsys_only,181,2,37
recsys_only,181,3,17
recsys_only,181,4,10
recsys_only,181,5,15
recsys_only,181,6,169
recsys_only,181,7,80
recsys_only,181,8,71
recsys_only,181,9,59
recsys_only,181,10,93
recsys_only,181,11,61
recsys_only,181,12,183
recsys_only,181,13,144
recsys_only,181,14,143
recsys_only,181,15,142
recsys_only,181,16,102
recsys_only,181,17,19
recsys_only,181,18,2
recsys_only,181,19,18
recsys_only,181,20,51
recsys_only,182,1,2
recsys_only,182,2,133
recsys_only,182,3,166
recsys_only,182,4,104
recsys_only,182,5,111
recsys_only,182,6,106
recsys_only,182,7,109
recsys_only,182,8,57
recsys_only,182,9,108
recsys_only,182,10,110
recsys_only,182,11,107
recsys_only,182,12,152
recsys_only,182,13,143
recsys_only,182,14,10
recsys_only,182,15,26
recsys_only,182,16,130
recsys_only,182,17,147
recsys_only,182,18,9
recsys_only,182,19,1
recsys_only,182,20,80
recsys_only,183,1,26
recsys_only,183,2,2
recsys_only,183,3,9
recsys_only,183,4,10
recsys_only,183,5,22
recsys_only,183,6,145
recsys_only,183,7,84
recsys_only,183,8,31
recsys_only,183,9,66
recsys_only,183,10,171
recsys_only,183,11,80
recsys_only,183,12,103
recsys_only,183,13,57
recsys_only,183,14,92
recsys_only,183,15,1
recsys_only,183,16,11
recsys_only,183,17,111
recsys_only,183,18,110
recsys_only,183,19,104
recsys_only,183,20,143
recsys_only,184,1,2
recsys_only,184,2,133
recsys_only,184,3,166
recsys_only,184,4,108
recsys_only,184,5,111
recsys_only,184,6,110
recsys_only,184,7,106
recsys_only,184,8,104
recsys_only,184,9,57
recsys_only,184,10,109
recsys_only,184,11,107
recsys_only,184,12,152
recsys_only,184,13,143
recsys_only,184,14,26
recsys_only,184,15,10
recsys_only,184,16,130
recsys_only,184,17,147
recsys_only,184,18,66
recsys_only,184,19,80
recsys_only,184,20,92
recsys_only,185,1,169
recsys_only,185,2,183
recsys_only,185,3,20
recsys_only,185,4,37
recsys_only,185,5,9
recsys_only,185,6,59
recsys_only,185,7,22
recsys_only,185,8,2
recsys_only,185,9,160
recsys_only,185,10,18
recsys_only,185,11,17
recsys_only,185,12,1
recsys_only,185,13,10
recsys_only,185,14,11
recsys_only,185,15,32
recsys_only,185,16,46
recsys_only,185,17,51
recsys_only,185,18,34
recsys_only,185,19,26
recsys_only,185,20,15
recsys_only,186,1,1
recsys_only,186,2,11
recsys_only,186,3,17
recsys_only,186,4,3
recsys_only,186,5,34
recsys_only,186,6,18
recsys_only,186,7,22
recsys_only,186,8,9
recsys_only,186,9,19
recsys_only,186,10,53
recsys_only,186,11,31
recsys_only,186,12,51
recsys_only,186,13,66
recsys_only,186,14,46
recsys_only,186,15,32
recsys_only,186,16,36
recsys_only,186,17,49
recsys_only,186,18,48
recsys_only,186,19,86
recsys_only,186,20,84
recsys_only,187,1,36
recsys_only,187,2,61
recsys_only,187,3,62
recsys_only,187,4,102
recsys_only,187,5,34
recsys_only,187,6,53
recsys_only,187,7,71
recsys_only,187,8,66
recsys_only,187,9,165
recsys_only,187,10,1
recsys_only,187,11,2
recsys_only,187,12,11
recsys_only,187,13,26
recsys_only,187,14,17
recsys_only,187,15,125
recsys_only,187,16,9
recsys_only,187,17,189
recsys_only,187,18,20
recsys_only,187,19,32
recsys_only,187,20,22
recsys_only,188,1,9
recsys_only,188,2,84
recsys_only,188,3,103
recsys_only,188,4,26
recsys_only,188,5,22
recsys_only,188,6,46
recsys_only,188,7,32
recsys_only,188,8,43
recsys_only,188,9,68
recsys_only,188,10,2
recsys_only,188,11,10
recsys_only,188,12,31
recsys_only,188,13,118
recsys_only,188,14,150
recsys_only,188,15,145
recsys_only,188,16,80
recsys_only,188,17,66
recsys_only,188,18,57
recsys_only,188,19,1
recsys_only,188,20,191
recsys_only,189,1,9
recsys_only,189,2,84
recsys_only,189,3,22
recsys_only,189,4,32
recsys_only,189,5,46
recsys_only,189,6,68
recsys_only,189,7,103
recsys_only,189,8,26
recsys_only,189,9,145
recsys_only,189,10,43
recsys_only,189,11,174
recsys_only,189,12,1
recsys_only,189,13,2
recsys_only,189,14,31
recsys_only,189,15,199
recsys_only,189,16,11
recsys_only,189,17,92
recsys_only,189,18,118
recsys_only,189,19,10
recsys_only,189,20,138
recsys_only,190,1,107
recsys_only,190,2,111
recsys_only,190,3,109
recsys_only,190,4,110
recsys_only,190,5,104
recsys_only,190,6,2
recsys_only,190,7,133
recsys_only,190,8,1
recsys_only,190,9,11
recsys_only,190,10,15
recsys_only,190,11,27
recsys_only,190,12,10
recsys_only,190,13,49
recsys_only,190,14,26
recsys_only,190,15,166
recsys_only,190,16,57
recsys_only,190,17,9
recsys_only,190,18,101
recsys_only,190,19,108
recsys_only,190,20,106
recsys_only,191,1,111
recsys_only,191,2,110
recsys_only,191,3,104
recsys_only,191,4,107
recsys_only,191,5,109
recsys_only,191,6,2
recsys_only,191,7,133
recsys_only,191,8,10
recsys_only,191,9,26
recsys_only,191,10,15
recsys_only,191,11,27
recsys_only,191,12,80
recsys_only,191,13,108
recsys_only,191,14,166
recsys_only,191,15,57
recsys_only,191,16,106
recsys_only,191,17,66
recsys_only,191,18,101
recsys_only,191,19,1
recsys_only,191,20,152
recsys_only,192,1,2
recsys_only,192,2,152
recsys_only,192,3,57
recsys_only,192,4,1
recsys_only,192,5,11
recsys_only,192,6,192
recsys_only,192,7,143
recsys_only,192,8,26
recsys_only,192,9,133
recsys_only,192,10,63
recsys_only,192,11,9
recsys_only,192,12,10
recsys_only,192,13,20
recsys_only,192,14,19
recsys_only,192,15,71
recsys_only,192,16,166
recsys_only,192,17,66
recsys_only,192,18,80
recsys_only,192,19,84
recsys_only,192,20,108
recsys_only,193,1,12
recsys_only,193,2,50
recsys_only,193,3,69
recsys_only,193,4,81
recsys_only,193,5,63
recsys_only,193,6,73
recsys_only,193,7,114
recsys_only,193,8,43
recsys_only,193,9,194
recsys_only,193,10,141
recsys_only,193,11,126
recsys_only,193,12,48
recsys_only,193,13,59
recsys_only,193,14,159
recsys_only,193,15,177
recsys_only,193,16,165
recsys_only,193,17,46
recsys_only,193,18,150
recsys_only,193,19,1
recsys_only,193,20,17
recsys_only,194,1,9
recsys_only,194,2,84
recsys_only,194,3,22
recsys_only,194,4,32
recsys_only,194,5,46
recsys_only,194,6,68
recsys_only,194,7,103
recsys_only,194,8,26
recsys_only,194,9,145
recsys_only,194,10,174
recsys_only,194,11,31
recsys_only,194,12,66
recsys_only,194,13,1
recsys_only,194,14,11
recsys_only,194,15,43
recsys_only,194,16,2
recsys_only,194,17,199
recsys_only,194,18,92
recsys_only,194,19,138
recsys_only,194,20,10
recsys_only,195,1,36
recsys_only,195,2,61
recsys_only,195,3,62
recsys_only,195,4,2
recsys_only,195,5,102
recsys_only,195,6,34
recsys_only,195,7,71
recsys_only,195,8,53
recsys_only,195,9,1
recsys_only,195,10,17
recsys_only,195,11,66
recsys_only,195,12,22
recsys_only,195,13,165
recsys_only,195,14,11
recsys_only,195,15,125
recsys_only,195,16,10
recsys_only,195,17,15
recsys_only,195,18,26
recsys_only,195,19,57
recsys_only,195,20,9
recsys_only,196,1,9
recsys_only,196,2,84
recsys_only,196,3,103
recsys_only,196,4,43
recsys_only,196,5,118
recsys_only,196,6,22
recsys_only,196,7,150
recsys_only,196,8,2
recsys_only,196,9,46
recsys_only,196,10,32
recsys_only,196,11,1
recsys_only,196,12,11
recsys_only,196,13,26
recsys_only,196,14,10
recsys_only,196,15,68
recsys_only,196,16,57
recsys_only,196,17,141
recsys_only,196,18,111
recsys_only,196,19,66
recsys_only,196,20,104
recsys_only,197,1,9
recsys_only,197,2,145
recsys_only,197,3,84
recsys_only,197,4,22
recsys_only,197,5,26
recsys_only,197,6,1
recsys_only,197,7,11
recsys_only,197,8,31
recsys_only,197,9,138
recsys_only,197,10,92
recsys_only,197,11,66
recsys_only,197,12,2
recsys_only,197,13,10
recsys_only,197,14,86
recsys_only,197,15,51
recsys_only,197,16,32
recsys_only,197,17,46
recsys_only,197,18,119
recsys_only,197,19,57
recsys_only,197,20,107
recsys_only,198,1,36
recsys_only,198,2,62
recsys_only,198,3,61
recsys_only,198,4,17
recsys_only,198,5,1
recsys_only,198,6,10
recsys_only,198,7,2
recsys_only,198,8,19
recsys_only,198,9,15
recsys_only,198,10,11
recsys_only,198,11,26
recsys_only,198,12,3
recsys_only,198,13,102
recsys_only,198,14,20
recsys_only,198,15,37
recsys_only,198,16,9
recsys_only,198,17,22
recsys_only,198,18,18
recsys_only,198,19,71
recsys_only,198,20,34
recsys_only,199,1,12
recsys_only,199,2,50
recsys_only,199,3,69
recsys_only,199,4,81
recsys_only,199,5,63
recsys_only,199,6,3
recsys_only,199,7,73
recsys_only,199,8,114
recsys_only,199,9,194
recsys_only,199,10,43
recsys_only,199,11,141
recsys_only,199,12,159
recsys_only,199,13,150
recsys_only,199,14,177
recsys_only,199,15,126
recsys_only,199,16,46
recsys_only,199,17,1
recsys_only,199,18,76
recsys_only,199,19,17
recsys_only,199,20,10
recsys_only,200,1,9
recsys_only,200,2,145
recsys_only,200,3,22
recsys_only,200,4,84
recsys_only,200,5,26
recsys_only,200,6,31
recsys_only,200,7,11
recsys_only,200,8,1
recsys_only,200,9,2
recsys_only,200,10,92
recsys_only,200,11,138
recsys_only,200,12,66
recsys_only,200,13,10
recsys_only,200,14,46
recsys_only,200,15,57
recsys_only,200,16,86
recsys_only,200,17,32
recsys_only,200,18,51
recsys_only,200,19,68
recsys_only,200,20,80
recsys_only,201,1,20
recsys_only,201,2,37
recsys_only,201,3,169
recsys_only,201,4,15
recsys_only,201,5,17
recsys_only,201,6,10
recsys_only,201,7,183
recsys_only,201,8,102
recsys_only,201,9,80
recsys_only,201,10,93
recsys_only,201,11,59
recsys_only,201,12,71
recsys_only,201,13,19
recsys_only,201,14,61
recsys_only,201,15,160
recsys_only,201,16,18
recsys_only,201,17,144
recsys_only,201,18,34
recsys_only,201,19,2
recsys_only,201,20,142
recsys_only,202,1,110
recsys_only,202,2,107
recsys_only,202,3,111
recsys_only,202,4,104
recsys_only,202,5,109
recsys_only,202,6,1
recsys_only,202,7,2
recsys_only,202,8,11
recsys_only,202,9,133
recsys_only,202,10,15
recsys_only,202,11,10
recsys_only,202,12,9
recsys_only,202,13,26
recsys_only,202,14,49
recsys_only,202,15,27
recsys_only,202,16,166
recsys_only,202,17,57
recsys_only,202,18,108
recsys_only,202,19,66
recsys_only,202,20,80
recsys_only,203,1,36
recsys_only,203,2,61
recsys_only,203,3,62
recsys_only,203,4,34
recsys_only,203,5,102
recsys_only,203,6,53
recsys_only,203,7,66
recsys_only,203,8,71
recsys_only,203,9,189
recsys_only,203,10,125
recsys_only,203,11,17
recsys_only,203,12,161
recsys_only,203,13,20
recsys_only,203,14,19
recsys_only,203,15,10
recsys_only,203,16,165
recsys_only,203,17,2
recsys_only,203,18,26
recsys_only,203,19,18
recsys_only,203,20,22
recsys_only,204,1,62
recsys_only,204,2,36
recsys_only,204,3,61
recsys_only,204,4,102
recsys_only,204,5,34
recsys_only,204,6,53
recsys_only,204,7,71
recsys_only,204,8,66
recsys_only,204,9,20
recsys_only,204,10,17
recsys_only,204,11,1
recsys_only,204,12,37
recsys_only,204,13,10
recsys_only,204,14,15
recsys_only,204,15,18
recsys_only,204,16,19
recsys_only,204,17,3
recsys_only,204,18,11
recsys_only,204,19,2
recsys_only,204,20,125
recsys_only,205,1,17
recsys_only,205,2,20
recsys_only,205,3,37
recsys_only,205,4,169
recsys_only,205,5,93
recsys_only,205,6,160
recsys_only,205,7,10
recsys_only,205,8,102
recsys_only,205,9,15
recsys_only,205,10,183
recsys_only,205,11,19
recsys_only,205,12,18
recsys_only,205,13,34
recsys_only,205,14,71
recsys_only,205,15,151
recsys_only,205,16,53
recsys_only,205,17,80
recsys_only,205,18,61
recsys_only,205,19,51
recsys_only,205,20,125
recsys_only,206,1,17
recsys_only,206,2,18
recsys_only,206,3,34
recsys_only,206,4,19
recsys_only,206,5,53
recsys_only,206,6,51
recsys_only,206,7,1
recsys_only,206,8,93
recsys_only,206,9,180
recsys_only,206,10,11
recsys_only,206,11,125
recsys_only,206,12,3
recsys_only,206,13,102
recsys_only,206,14,9
recsys_only,206,15,20
recsys_only,206,16,151
recsys_only,206,17,22
recsys_only,206,18,37
recsys_only,206,19,31
recsys_only,206,20,48
recsys_only,207,1,2
recsys_only,207,2,133
recsys_only,207,3,166
recsys_only,207,4,108
recsys_only,207,5,111
recsys_only,207,6,106
recsys_only,207,7,57
recsys_only,207,8,107
recsys_only,207,9,109
recsys_only,207,10,104
recsys_only,207,11,110
recsys_only,207,12,152
recsys_only,207,13,143
recsys_only,207,14,10
recsys_only,207,15,130
recsys_only,207,16,26
recsys_only,207,17,147
recsys_only,207,18,80
recsys_only,207,19,92
recsys_only,207,20,1
recsys_only,208,1,22
recsys_only,208,2,31
recsys_only,208,3,9
recsys_only,208,4,86
recsys_only,208,5,46
recsys_only,208,6,51
recsys_only,208,7,32
recsys_only,208,8,26
recsys_only,208,9,145
recsys_only,208,10,84
recsys_only,208,11,68
recsys_only,208,12,1
recsys_only,208,13,11
recsys_only,208,14,17
recsys_only,208,15,66
recsys_only,208,16,138
recsys_only,208,17,3
recsys_only,208,18,2
recsys_only,208,19,10
recsys_only,208,20,18
recsys_only,209,1,17
recsys_only,209,2,1
recsys_only,209,3,22
recsys_only,209,4,180
recsys_only,209,5,11
recsys_only,209,6,9
recsys_only,209,7,20
recsys_only,209,8,102
recsys_only,209,9,18
recsys_only,209,10,2
recsys_only,209,11,19
recsys_only,209,12,169
recsys_only,209,13,37
recsys_only,209,14,34
recsys_only,209,15,31
recsys_only,209,16,51
recsys_only,209,17,3
recsys_only,209,18,46
recsys_only,209,19,49
recsys_only,209,20,32
recsys_only,210,1,2
recsys_only,210,2,57
recsys_only,210,3,152
recsys_only,210,4,1
recsys_only,210,5,11
recsys_only,210,6,143
recsys_only,210,7,9
recsys_only,210,8,133
recsys_only,210,9,192
recsys_only,210,10,10
recsys_only,210,11,26
recsys_only,210,12,19
recsys_only,210,13,20
recsys_only,210,14,166
recsys_only,210,15,71
recsys_only,210,16,63
recsys_only,210,17,84
recsys_only,210,18,43
recsys_only,210,19,92
recsys_only,210,20,80
recsys_only,211,1,1
recsys_only,211,2,11
recsys_only,211,3,17
recsys_only,211,4,22
recsys_only,211,5,20
recsys_only,211,6,9
recsys_only,211,7,18
recsys_only,211,8,176
recsys_only,211,9,19
recsys_only,211,10,34
recsys_only,211,11,49
recsys_only,211,12,3
recsys_only,211,13,31
recsys_only,211,14,37
recsys_only,211,15,2
recsys_only,211,16,51
recsys_only,211,17,46
recsys_only,211,18,53
recsys_only,211,19,48
recsys_only,211,20,66
recsys_only,212,1,17
recsys_only,212,2,102
recsys_only,212,3,93
recsys_only,212,4,20
recsys_only,212,5,10
recsys_only,212,6,19
recsys_only,212,7,61
recsys_only,212,8,15
recsys_only,212,9,34
recsys_only,212,10,71
recsys_only,212,11,37
recsys_only,212,12,53
recsys_only,212,13,18
recsys_only,212,14,151
recsys_only,212,15,80
recsys_only,212,16,51
recsys_only,212,17,160
recsys_only,212,18,178
recsys_only,212,19,3
recsys_only,212,20,125
recsys_only,213,1,2
recsys_only,213,2,133
recsys_only,213,3,108
recsys_only,213,4,166
recsys_only,213,5,110
recsys_only,213,6,107
recsys_only,213,7,111
recsys_only,213,8,106
recsys_only,213,9,104
recsys_only,213,10,57
recsys_only,213,11,109
recsys_only,213,12,152
recsys_only,213,13,143
recsys_only,213,14,10
recsys_only,213,15,147
recsys_only,213,16,130
recsys_only,213,17,26
recsys_only,213,18,66
recsys_only,213,19,80
recsys_only,213,20,1
recsys_only,214,1,20
recsys_only,214,2,37
recsys_only,214,3,17
recsys_only,214,4,10
recsys_only,214,5,61
recsys_only,214,6,15
recsys_only,214,7,71
recsys_only,214,8,169
recsys_only,214,9,59
recsys_only,214,10,80
recsys_only,214,11,102
recsys_only,214,12,183
recsys_only,214,13,93
recsys_only,214,14,34
recsys_only,214,15,143
recsys_only,214,16,53
recsys_only,214,17,19
recsys_only,214,18,18
recsys_only,214,19,161
recsys_only,214,20,142
recsys_only,215,1,2
recsys_only,215,2,133
recsys_only,215,3,166
recsys_only,215,4,111
recsys_only,215,5,104
recsys_only,215,6,109
recsys_only,215,7,108
recsys_only,215,8,107
recsys_only,215,9,57
recsys_only,215,10,110
recsys_only,215,11,106
recsys_only,215,12,152
recsys_only,215,13,143
recsys_only,215,14,10
recsys_only,215,15,26
recsys_only,215,16,130
recsys_only,215,17,147
recsys_only,215,18,1
recsys_only,215,19,80
recsys_only,215,20,66
recsys_only,216,1,108
recsys_only,216,2,106
recsys_only,216,3,2
recsys_only,216,4,20
recsys_only,216,5,133
recsys_only,216,6,19
recsys_only,216,7,130
recsys_only,216,8,147
recsys_only,216,9,71
recsys_only,216,10,63
recsys_only,216,11,166
recsys_only,216,12,57
recsys_only,216,13,111
recsys_only,216,14,104
recsys_only,216,15,1
recsys_only,216,16,107
recsys_only,216,17,109
recsys_only,216,18,11
recsys_only,216,19,26
recsys_only,216,20,110
recsys_only,217,1,3
recsys_only,217,2,59
recsys_only,217,3,62
recsys_only,217,4,48
recsys_only,217,5,20
recsys_only,217,6,17
recsys_only,217,7,37
recsys_only,217,8,18
recsys_only,217,9,34
recsys_only,217,10,15
recsys_only,217,11,10
recsys_only,217,12,53
recsys_only,217,13,19
recsys_only,217,14,1
recsys_only,217,15,76
recsys_only,217,16,11
recsys_only,217,17,36
recsys_only,217,18,2
recsys_only,217,19,9
recsys_only,217,20,161
recsys_only,218,1,48
recsys_only,218,2,59
recsys_only,218,3,18
recsys_only,218,4,17
recsys_only,218,5,1
recsys_only,218,6,161
recsys_only,218,7,10
recsys_only,218,8,12
recsys_only,218,9,11
recsys_only,218,10,50
recsys_only,218,11,3
recsys_only,218,12,15
recsys_only,218,13,19
recsys_only,218,14,26
recsys_only,218,15,32
recsys_only,218,16,69
recsys_only,218,17,53
recsys_only,218,18,81
recsys_only,218,19,43
recsys_only,218,20,37
recsys_only,219,1,36
recsys_only,219,2,61
recsys_only,219,3,62
recsys_only,219,4,102
recsys_only,219,5,34
recsys_only,219,6,53
recsys_only,219,7,71
recsys_only,219,8,66
recsys_only,219,9,2
recsys_only,219,10,189
recsys_only,219,11,125
recsys_only,219,12,17
recsys_only,219,13,22
recsys_only,219,14,1
recsys_only,219,15,11
recsys_only,219,16,161
recsys_only,219,17,15
recsys_only,219,18,10
recsys_only,219,19,26
recsys_only,219,20,57
recsys_only,220,1,1
recsys_only,220,2,11
recsys_only,220,3,17
recsys_only,220,4,22
recsys_only,220,5,18
recsys_only,220,6,34
recsys_only,220,7,9
recsys_only,220,8,49
recsys_only,220,9,3
recsys_only,220,10,176
recsys_only,220,11,19
recsys_only,220,12,20
recsys_only,220,13,31
recsys_only,220,14,53
recsys_only,220,15,86
recsys_only,220,16,37
recsys_only,220,17,32
recsys_only,220,18,46
recsys_only,220,19,2
recsys_only,220,20,51
recsys_only,221,1,9
recsys_only,221,2,84
recsys_only,221,3,22
recsys_only,221,4,46
recsys_only,221,5,32
recsys_only,221,6,68
recsys_only,221,7,26
recsys_only,221,8,145
recsys_only,221,9,103
recsys_only,221,10,31
recsys_only,221,11,2
recsys_only,221,12,1
recsys_only,221,13,66
recsys_only,221,14,11
recsys_only,221,15,92
recsys_only,221,16,174
recsys_only,221,17,10
recsys_only,221,18,57
recsys_only,221,19,138
recsys_only,221,20,43
recsys_only,222,1,69
recsys_only,222,2,12
recsys_only,222,3,50
recsys_only,222,4,81
recsys_only,222,5,63
recsys_only,222,6,3
recsys_only,222,7,73
recsys_only,222,8,114
recsys_only,222,9,43
recsys_only,222,10,59
recsys_only,222,11,48
recsys_only,222,12,194
recsys_only,222,13,141
recsys_only,222,14,165
recsys_only,222,15,126
recsys_only,222,16,150
recsys_only,222,17,46
recsys_only,222,18,17
recsys_only,222,19,1
recsys_only,222,20,19
recsys_only,223,1,22
recsys_only,223,2,9
recsys_only,223,3,46
recsys_only,223,4,32
recsys_only,223,5,84
recsys_only,223,6,68
recsys_only,223,7,174
recsys_only,223,8,31
recsys_only,223,9,199
recsys_only,223,10,103
recsys_only,223,11,26
recsys_only,223,12,51
recsys_only,223,13,66
recsys_only,223,14,86
recsys_only,223,15,145
recsys_only,223,16,10
recsys_only,223,17,17
recsys_only,223,18,15
recsys_only,223,19,18
recsys_only,223,20,1
recsys_only,224,1,1
recsys_only,224,2,11
recsys_only,224,3,9
recsys_only,224,4,119
recsys_only,224,5,66
recsys_only,224,6,113
recsys_only,224,7,92
recsys_only,224,8,84
recsys_only,224,9,2
recsys_only,224,10,17
recsys_only,224,11,138
recsys_only,224,12,145
recsys_only,224,13,34
recsys_only,224,14,3
recsys_only,224,15,10
recsys_only,224,16,26
recsys_only,224,17,18
recsys_only,224,18,22
recsys_only,224,19,19
recsys_only,224,20,53
recsys_only,225,1,36
recsys_only,225,2,61
recsys_only,225,3,189
recsys_only,225,4,34
recsys_only,225,5,62
recsys_only,225,6,71
recsys_only,225,7,66
recsys_only,225,8,53
recsys_only,225,9,102
recsys_only,225,10,125
recsys_only,225,11,161
recsys_only,225,12,165
recsys_only,225,13,180
recsys_only,225,14,17
recsys_only,225,15,2
recsys_only,225,16,20
recsys_only,225,17,10
recsys_only,225,18,19
recsys_only,225,19,26
recsys_only,225,20,22
recsys_only,226,1,36
recsys_only,226,2,61
recsys_only,226,3,62
recsys_only,226,4,102
recsys_only,226,5,34
recsys_only,226,6,71
recsys_only,226,7,53
recsys_only,226,8,66
recsys_only,226,9,189
recsys_only,226,10,125
recsys_only,226,11,161
recsys_only,226,12,165
recsys_only,226,13,1
recsys_only,226,14,17
recsys_only,226,15,10
recsys_only,226,16,15
recsys_only,226,17,20
recsys_only,226,18,2
recsys_only,226,19,26
recsys_only,226,20,19
recsys_only,227,1,111
recsys_only,227,2,104
recsys_only,227,3,110
recsys_only,227,4,109
recsys_only,227,5,107
recsys_only,227,6,2
recsys_only,227,7,133
recsys_only,227,8,10
recsys_only,227,9,166
recsys_only,227,10,26
recsys_only,227,11,15
recsys_only,227,12,66
recsys_only,227,13,27
recsys_only,227,14,57
recsys_only,227,15,108
recsys_only,227,16,101
recsys_only,227,17,80
recsys_only,227,18,106
recsys_only,227,19,92
recsys_only,227,20,1
recsys_only,228,1,22
recsys_only,228,2,9
recsys_only,228,3,32
recsys_only,228,4,46
recsys_only,228,5,84
recsys_only,228,6,103
recsys_only,228,7,68
recsys_only,228,8,191
recsys_only,228,9,26
recsys_only,228,10,174
recsys_only,228,11,31
recsys_only,228,12,199
recsys_only,228,13,43
recsys_only,228,14,2
recsys_only,228,15,10
recsys_only,228,16,15
recsys_only,228,17,57
recsys_only,228,18,150
recsys_only,228,19,118
recsys_only,228,20,66
recsys_only,229,1,27
recsys_only,229,2,101
recsys_only,229,3,15
recsys_only,229,4,106
recsys_only,229,5,111
recsys_only,229,6,108
recsys_only,229,7,109
recsys_only,229,8,110
recsys_only,229,9,107
recsys_only,229,10,104
recsys_only,229,11,2
recsys_only,229,12,123
recsys_only,229,13,76
recsys_only,229,14,83
recsys_only,229,15,129
recsys_only,229,16,133
recsys_only,229,17,22
recsys_only,229,18,130
recsys_only,229,19,10
recsys_only,229,20,26
recsys_only,230,1,36
recsys_only,230,2,61
recsys_only,230,3,34
recsys_only,230,4,189
recsys_only,230,5,53
recsys_only,230,6,71
recsys_only,230,7,62
recsys_only,230,8,66
recsys_only,230,9,102
recsys_only,230,10,125
recsys_only,230,11,161
recsys_only,230,12,165
recsys_only,230,13,17
recsys_only,230,14,10
recsys_only,230,15,15
recsys_only,230,16,2
recsys_only,230,17,180
recsys_only,230,18,9
recsys_only,230,19,22
recsys_only,230,20,20
recsys_only,231,1,12
recsys_only,231,2,50
recsys_only,231,3,69
recsys_only,231,4,81
recsys_only,231,5,63
recsys_only,231,6,73
recsys_only,231,7,3
recsys_only,231,8,114
recsys_only,231,9,43
recsys_only,231,10,48
recsys_only,231,11,59
recsys_only,231,12,17
recsys_only,231,13,141
recsys_only,231,14,194
recsys_only,231,15,165
recsys_only,231,16,46
recsys_only,231,17,126
recsys_only,231,18,10
recsys_only,231,19,11
recsys_only,231,20,19
recsys_only,232,1,12
recsys_only,232,2,50
recsys_only,232,3,69
recsys_only,232,4,81
recsys_only,232,5,63
recsys_only,232,6,73
recsys_only,232,7,43
recsys_only,232,8,114
recsys_only,232,9,3
recsys_only,232,10,141
recsys_only,232,11,46
recsys_only,232,12,126
recsys_only,232,13,48
recsys_only,232,14,194
recsys_only,232,15,159
recsys_only,232,16,150
recsys_only,232,17,165
recsys_only,232,18,1
recsys_only,232,19,59
recsys_only,232,20,17
recsys_only,233,1,17
recsys_only,233,2,93
recsys_only,233,3,151
recsys_only,233,4,18
recsys_only,233,5,34
recsys_only,233,6,19
recsys_only,233,7,20
recsys_only,233,8,51
recsys_only,233,9,37
recsys_only,233,10,169
recsys_only,233,11,53
recsys_only,233,12,15
recsys_only,233,13,10
recsys_only,233,14,160
recsys_only,233,15,125
recsys_only,233,16,183
recsys_only,233,17,80
recsys_only,233,18,71
recsys_only,233,19,1
recsys_only,233,20,22
recsys_only,234,1,12
recsys_only,234,2,50
recsys_only,234,3,69
recsys_only,234,4,81
recsys_only,234,5,73
recsys_only,234,6,63
recsys_only,234,7,43
recsys_only,234,8,114
recsys_only,234,9,3
recsys_only,234,10,46
recsys_only,234,11,141
recsys_only,234,12,17
recsys_only,234,13,59
recsys_only,234,14,48
recsys_only,234,15,126
recsys_only,234,16,194
recsys_only,234,17,11
recsys_only,234,18,1
recsys_only,234,19,10
recsys_only,234,20,18
recsys_only,235,1,17
recsys_only,235,2,151
recsys_only,235,3,93
recsys_only,235,4,18
recsys_only,235,5,34
recsys_only,235,6,20
recsys_only,235,7,19
recsys_only,235,8,37
recsys_only,235,9,51
recsys_only,235,10,53
recsys_only,235,11,10
recsys_only,235,12,125
recsys_only,235,13,15
recsys_only,235,14,71
recsys_only,235,15,80
recsys_only,235,16,1
recsys_only,235,17,61
recsys_only,235,18,160
recsys_only,235,19,11
recsys_only,235,20,3
recsys_only,236,1,9
recsys_only,236,2,84
recsys_only,236,3,22
recsys_only,236,4,1
recsys_only,236,5,46
recsys_only,236,6,32
recsys_only,236,7,11
recsys_only,236,8,43
recsys_only,236,9,68
recsys_only,236,10,103
recsys_only,236,11,118
recsys_only,236,12,2
recsys_only,236,13,92
recsys_only,236,14,150
recsys_only,236,15,119
recsys_only,236,16,174
recsys_only,236,17,66
recsys_only,236,18,113
recsys_only,236,19,17
recsys_only,236,20,10
recsys_only,237,1,15
recsys_only,237,2,27
recsys_only,237,3,108
recsys_only,237,4,104
recsys_only,237,5,101
recsys_only,237,6,107
recsys_only,237,7,111
recsys_only,237,8,110
recsys_only,237,9,106
recsys_only,237,10,109
recsys_only,237,11,10
recsys_only,237,12,129
recsys_only,237,13,76
recsys_only,237,14,83
recsys_only,237,15,123
recsys_only,237,16,2
recsys_only,237,17,133
recsys_only,237,18,130
recsys_only,237,19,22
recsys_only,237,20,26
recsys_only,238,1,2
recsys_only,238,2,133
recsys_only,238,3,166
recsys_only,238,4,108
recsys_only,238,5,111
recsys_only,238,6,107
recsys_only,238,7,104
recsys_only,238,8,110
recsys_only,238,9,106
recsys_only,238,10,109
recsys_only,238,11,57
recsys_only,238,12,152
recsys_only,238,13,143
recsys_only,238,14,10
recsys_only,238,15,130
recsys_only,238,16,26
recsys_only,238,17,147
recsys_only,238,18,66
recsys_only,238,19,20
recsys_only,238,20,80
recsys_only,239,1,102
recsys_only,239,2,2
recsys_only,239,3,17
recsys_only,239,4,22
recsys_only,239,5,9
recsys_only,239,6,10
recsys_only,239,7,180
recsys_only,239,8,1
recsys_only,239,9,26
recsys_only,239,10,169
recsys_only,239,11,15
recsys_only,239,12,11
recsys_only,239,13,20
recsys_only,239,14,18
recsys_only,239,15,19
recsys_only,239,16,57
recsys_only,239,17,46
recsys_only,239,18,36
recsys_only,239,19,34
recsys_only,239,20,183
recsys_only,240,1,9
recsys_only,240,2,145
recsys_only,240,3,26
recsys_only,240,4,84
recsys_only,240,5,22
recsys_only,240,6,1
recsys_only,240,7,31
recsys_only,240,8,11
recsys_only,240,9,66
recsys_only,240,10,138
recsys_only,240,11,2
recsys_only,240,12,92
recsys_only,240,13,10
recsys_only,240,14,46
recsys_only,240,15,51
recsys_only,240,16,57
recsys_only,240,17,86
recsys_only,240,18,113
recsys_only,240,19,119
recsys_only,240,20,32
recsys_only,241,1,2
recsys_only,241,2,133
recsys_only,241,3,166
recsys_only,241,4,108
recsys_only,241,5,111
recsys_only,241,6,107
recsys_only,241,7,110
recsys_only,241,8,106
recsys_only,241,9,104
recsys_only,241,10,57
recsys_only,241,11,109
recsys_only,241,12,152
recsys_only,241,13,143
recsys_only,241,14,10
recsys_only,241,15,130
recsys_only,241,16,26
recsys_only,241,17,147
recsys_only,241,18,66
recsys_only,241,19,80
recsys_only,241,20,20
recsys_only,242,1,2
recsys_only,242,2,108
recsys_only,242,3,106
recsys_only,242,4,152
recsys_only,242,5,57
recsys_only,242,6,143
recsys_only,242,7,10
recsys_only,242,8,20
recsys_only,242,9,19
recsys_only,242,10,130
recsys_only,242,11,133
recsys_only,242,12,71
recsys_only,242,13,26
recsys_only,242,14,147
recsys_only,242,15,166
recsys_only,242,16,66
recsys_only,242,17,63
recsys_only,242,18,80
recsys_only,242,19,92
recsys_only,242,20,175
recsys_only,243,1,9
recsys_only,243,2,84
recsys_only,243,3,22
recsys_only,243,4,46
recsys_only,243,5,32
recsys_only,243,6,68
recsys_only,243,7,103
recsys_only,243,8,145
recsys_only,243,9,26
recsys_only,243,10,31
recsys_only,243,11,66
recsys_only,243,12,1
recsys_only,243,13,11
recsys_only,243,14,174
recsys_only,243,15,2
recsys_only,243,16,92
recsys_only,243,17,10
recsys_only,243,18,138
recsys_only,243,19,43
recsys_only,243,20,199
recsys_only,244,1,2
recsys_only,244,2,133
recsys_only,244,3,166
recsys_only,244,4,108
recsys_only,244,5,106
recsys_only,244,6,111
recsys_only,244,7,110
recsys_only,244,8,57
recsys_only,244,9,104
recsys_only,244,10,107
recsys_only,244,11,109
recsys_only,244,12,152
recsys_only,244,13,143
recsys_only,244,14,26
recsys_only,244,15,10
recsys_only,244,16,147
recsys_only,244,17,130
recsys_only,244,18,66
recsys_only,244,19,80
recsys_only,244,20,1
recsys_only,245,1,36
recsys_only,245,2,62
recsys_only,245,3,61
recsys_only,245,4,102
recsys_only,245,5,34
recsys_only,245,6,2
recsys_only,245,7,71
recsys_only,245,8,53
recsys_only,245,9,15
recsys_only,245,10,17
recsys_only,245,11,66
recsys_only,245,12,1
recsys_only,245,13,10
recsys_only,245,14,11
recsys_only,245,15,26
recsys_only,245,16,20
recsys_only,245,17,22
recsys_only,245,18,125
recsys_only,245,19,9
recsys_only,245,20,19
recsys_only,246,1,26
recsys_only,246,2,9
recsys_only,246,3,2
recsys_only,246,4,10
recsys_only,246,5,145
recsys_only,246,6,22
recsys_only,246,7,57
recsys_only,246,8,103
recsys_only,246,9,31
recsys_only,246,10,84
recsys_only,246,11,1
recsys_only,246,12,171
recsys_only,246,13,107
recsys_only,246,14,111
recsys_only,246,15,80
recsys_only,246,16,11
recsys_only,246,17,109
recsys_only,246,18,104
recsys_only,246,19,92
recsys_only,246,20,110
recsys_only,247,1,18
recsys_only,247,2,34
recsys_only,247,3,17
recsys_only,247,4,19
recsys_only,247,5,53
recsys_only,247,6,51
recsys_only,247,7,93
recsys_only,247,8,151
recsys_only,247,9,125
recsys_only,247,10,9
recsys_only,247,11,1
recsys_only,247,12,11
recsys_only,247,13,22
recsys_only,247,14,3
recsys_only,247,15,20
recsys_only,247,16,176
recsys_only,247,17,46
recsys_only,247,18,49
recsys_only,247,19,32
recsys_only,247,20,37
recsys_only,248,1,108
recsys_only,248,2,106
recsys_only,248,3,2
recsys_only,248,4,133
recsys_only,248,5,130
recsys_only,248,6,147
recsys_only,248,7,166
recsys_only,248,8,111
recsys_only,248,9,104
recsys_only,248,10,57
recsys_only,248,11,107
recsys_only,248,12,110
recsys_only,248,13,109
recsys_only,248,14,175
recsys_only,248,15,19
recsys_only,248,16,10
recsys_only,248,17,143
recsys_only,248,18,15
recsys_only,248,19,152
recsys_only,248,20,20
recsys_only,249,1,9
recsys_only,249,2,84
recsys_only,249,3,22
recsys_only,249,4,46
recsys_only,249,5,32
recsys_only,249,6,68
recsys_only,249,7,26
recsys_only,249,8,103
recsys_only,249,9,145
recsys_only,249,10,2
recsys_only,249,11,31
recsys_only,249,12,66
recsys_only,249,13,92
recsys_only,249,14,174
recsys_only,249,15,1
recsys_only,249,16,10
recsys_only,249,17,57
recsys_only,249,18,11
recsys_only,249,19,43
recsys_only,249,20,138
recsys_only,250,1,69
recsys_only,250,2,50
recsys_only,250,3,12
recsys_only,250,4,63
recsys_only,250,5,165
recsys_only,250,6,46
recsys_only,250,7,73
recsys_only,250,8,81
recsys_only,250,9,3
recsys_only,250,10,114
recsys_only,250,11,43
recsys_only,250,12,62
recsys_only,250,13,59
recsys_only,250,14,48
recsys_only,250,15,17
recsys_only,250,16,126
recsys_only,250,17,194
recsys_only,250,18,141
recsys_only,250,19,1
recsys_only,250,20,76
recsys_only,251,1,111
recsys_only,251,2,109
recsys_only,251,3,107
recsys_only,251,4,104
recsys_only,251,5,110
recsys_only,251,6,133
recsys_only,251,7,2
recsys_only,251,8,1
recsys_only,251,9,11
recsys_only,251,10,9
recsys_only,251,11,15
recsys_only,251,12,10
recsys_only,251,13,26
recsys_only,251,14,49
recsys_only,251,15,27
recsys_only,251,16,166
recsys_only,251,17,57
recsys_only,251,18,108
recsys_only,251,19,101
recsys_only,251,20,92
recsys_only,252,1,36
recsys_only,252,2,61
recsys_only,252,3,62
recsys_only,252,4,34
recsys_only,252,5,102
recsys_only,252,6,53
recsys_only,252,7,71
recsys_only,252,8,66
recsys_only,252,9,165
recsys_only,252,10,2
recsys_only,252,11,125
recsys_only,252,12,17
recsys_only,252,13,22
recsys_only,252,14,9
recsys_only,252,15,10
recsys_only,252,16,1
recsys_only,252,17,11
recsys_only,252,18,26
recsys_only,252,19,15
recsys_only,252,20,18
recsys_only,253,1,9
recsys_only,253,2,84
recsys_only,253,3,22
recsys_only,253,4,32
recsys_only,253,5,46
recsys_only,253,6,68
recsys_only,253,7,103
recsys_only,253,8,26
recsys_only,253,9,145
recsys_only,253,10,31
recsys_only,253,11,66
recsys_only,253,12,1
recsys_only,253,13,92
recsys_only,253,14,11
recsys_only,253,15,174
recsys_only,253,16,10
recsys_only,253,17,2
recsys_only,253,18,138
recsys_only,253,19,43
recsys_only,253,20,199
recsys_only,254,1,36
recsys_only,254,2,61
recsys_only,254,3,62
recsys_only,254,4,102
recsys_only,254,5,34
recsys_only,254,6,53
recsys_only,254,7,71
recsys_only,254,8,66
recsys_only,254,9,189
recsys_only,254,10,125
recsys_only,254,11,2
recsys_only,254,12,161
recsys_only,254,13,17
recsys_only,254,14,1
recsys_only,254,15,22
recsys_only,254,16,11
recsys_only,254,17,26
recsys_only,254,18,165
recsys_only,254,19,10
recsys_only,254,20,9
recsys_only,255,1,12
recsys_only,255,2,50
recsys_only,255,3,69
recsys_only,255,4,81
recsys_only,255,5,63
recsys_only,255,6,73
recsys_only,255,7,114
recsys_only,255,8,194
recsys_only,255,9,59
recsys_only,255,10,43
recsys_only,255,11,48
recsys_only,255,12,141
recsys_only,255,13,165
recsys_only,255,14,159
recsys_only,255,15,46
recsys_only,255,16,177
recsys_only,255,17,150
recsys_only,255,18,126
recsys_only,255,19,1
recsys_only,255,20,11
recsys_only,256,1,2
recsys_only,256,2,57
recsys_only,256,3,152
recsys_only,256,4,143
recsys_only,256,5,10
recsys_only,256,6,9
recsys_only,256,7,1
recsys_only,256,8,133
recsys_only,256,9,11
recsys_only,256,10,192
recsys_only,256,11,20
recsys_only,256,12,26
recsys_only,256,13,19
recsys_only,256,14,71
recsys_only,256,15,166
recsys_only,256,16,80
recsys_only,256,17,92
recsys_only,256,18,43
recsys_only,256,19,66
recsys_only,256,20,63
recsys_only,257,1,12
recsys_only,257,2,50
recsys_only,257,3,69
recsys_only,257,4,81
recsys_only,257,5,63
recsys_only,257,6,73
recsys_only,257,7,114
recsys_only,257,8,3
recsys_only,257,9,43
recsys_only,257,10,141
recsys_only,257,11,194
recsys_only,257,12,46
recsys_only,257,13,150
recsys_only,257,14,159
recsys_only,257,15,126
recsys_only,257,16,177
recsys_only,257,17,1
recsys_only,257,18,11
recsys_only,257,19,17
recsys_only,257,20,18
recsys_only,258,1,9
recsys_only,258,2,84
recsys_only,258,3,22
recsys_only,258,4,46
recsys_only,258,5,32
recsys_only,258,6,103
recsys_only,258,7,68
recsys_only,258,8,26
recsys_only,258,9,145
recsys_only,258,10,31
recsys_only,258,11,66
recsys_only,258,12,2
recsys_only,258,13,1
recsys_only,258,14,11
recsys_only,258,15,174
recsys_only,258,16,92
recsys_only,258,17,10
recsys_only,258,18,43
recsys_only,258,19,57
recsys_only,258,20,199
recsys_only,259,1,22
recsys_only,259,2,9
recsys_only,259,3,46
recsys_only,259,4,32
recsys_only,259,5,84
recsys_only,259,6,103
recsys_only,259,7,68
recsys_only,259,8,26
recsys_only,259,9,2
recsys_only,259,10,191
recsys_only,259,11,31
recsys_only,259,12,174
recsys_only,259,13,57
recsys_only,259,14,10
recsys_only,259,15,15
recsys_only,259,16,43
recsys_only,259,17,199
recsys_only,259,18,145
recsys_only,259,19,118
recsys_only,259,20,126
recsys_only,260,1,36
recsys_only,260,2,62
recsys_only,260,3,2
recsys_only,260,4,61
recsys_only,260,5,17
recsys_only,260,6,1
recsys_only,260,7,10
recsys_only,260,8,22
recsys_only,260,9,11
recsys_only,260,10,26
recsys_only,260,11,9
recsys_only,260,12,15
recsys_only,260,13,20
recsys_only,260,14,102
recsys_only,260,15,19
recsys_only,260,16,57
recsys_only,260,17,18
recsys_only,260,18,37
recsys_only,260,19,31
recsys_only,260,20,3
recsys_only,261,1,36
recsys_only,261,2,61
recsys_only,261,3,62
recsys_only,261,4,34
recsys_only,261,5,102
recsys_only,261,6,53
recsys_only,261,7,71
recsys_only,261,8,66
recsys_only,261,9,189
recsys_only,261,10,125
recsys_only,261,11,161
recsys_only,261,12,165
recsys_only,261,13,17
recsys_only,261,14,2
recsys_only,261,15,1
recsys_only,261,16,20
recsys_only,261,17,19
recsys_only,261,18,11
recsys_only,261,19,180
recsys_only,261,20,26
recsys_only,262,1,9
recsys_only,262,2,145
recsys_only,262,3,22
recsys_only,262,4,84
recsys_only,262,5,26
recsys_only,262,6,1
recsys_only,262,7,11
recsys_only,262,8,31
recsys_only,262,9,138
recsys_only,262,10,2
recsys_only,262,11,92
recsys_only,262,12,66
recsys_only,262,13,10
recsys_only,262,14,46
recsys_only,262,15,51
recsys_only,262,16,86
recsys_only,262,17,32
recsys_only,262,18,57
recsys_only,262,19,119
recsys_only,262,20,113
recsys_only,263,1,169
recsys_only,263,2,183
recsys_only,263,3,20
recsys_only,263,4,37
recsys_only,263,5,9
recsys_only,263,6,22
recsys_only,263,7,59
recsys_only,263,8,2
recsys_only,263,9,17
recsys_only,263,10,1
recsys_only,263,11,160
recsys_only,263,12,18
recsys_only,263,13,10
recsys_only,263,14,11
recsys_only,263,15,15
recsys_only,263,16,26
recsys_only,263,17,34
recsys_only,263,18,51
recsys_only,263,19,32
recsys_only,263,20,19
recsys_only,264,1,26
recsys_only,264,2,2
recsys_only,264,3,9
recsys_only,264,4,10
recsys_only,264,5,145
recsys_only,264,6,22
recsys_only,264,7,84
recsys_only,264,8,103
recsys_only,264,9,66
recsys_only,264,10,31
recsys_only,264,11,57
recsys_only,264,12,80
recsys_only,264,13,171
recsys_only,264,14,1
recsys_only,264,15,92
recsys_only,264,16,11
recsys_only,264,17,104
recsys_only,264,18,138
recsys_only,264,19,111
recsys_only,264,20,110
recsys_only,265,1,2
recsys_only,265,2,133
recsys_only,265,3,166
recsys_only,265,4,111
recsys_only,265,5,108
recsys_only,265,6,104
recsys_only,265,7,109
recsys_only,265,8,57
recsys_only,265,9,107
recsys_only,265,10,106
recsys_only,265,11,110
recsys_only,265,12,152
recsys_only,265,13,143
recsys_only,265,14,10
recsys_only,265,15,26
recsys_only,265,16,130
recsys_only,265,17,147
recsys_only,265,18,80
recsys_only,265,19,9
recsys_only,265,20,66
recsys_only,266,1,9
recsys_only,266,2,84
recsys_only,266,3,22
recsys_only,266,4,46
recsys_only,266,5,32
recsys_only,266,6,103
recsys_only,266,7,68
recsys_only,266,8,26
recsys_only,266,9,145
recsys_only,266,10,66
recsys_only,266,11,31
recsys_only,266,12,1
recsys_only,266,13,2
recsys_only,266,14,11
recsys_only,266,15,174
recsys_only,266,16,92
recsys_only,266,17,138
recsys_only,266,18,10
recsys_only,266,19,199
recsys_only,266,20,43
recsys_only,267,1,36
recsys_only,267,2,61
recsys_only,267,3,165
recsys_only,267,4,34
recsys_only,267,5,71
recsys_only,267,6,53
recsys_only,267,7,62
recsys_only,267,8,66
recsys_only,267,9,1
recsys_only,267,10,17
recsys_only,267,11,2
recsys_only,267,12,10
recsys_only,267,13,20
recsys_only,267,14,15
recsys_only,267,15,189
recsys_only,267,16,46
recsys_only,267,17,19
recsys_only,267,18,26
recsys_only,267,19,125
recsys_only,267,20,3
recsys_only,268,1,36
recsys_only,268,2,61
recsys_only,268,3,62
recsys_only,268,4,34
recsys_only,268,5,102
recsys_only,268,6,53
recsys_only,268,7,71
recsys_only,268,8,66
recsys_only,268,9,22
recsys_only,268,10,189
recsys_only,268,11,2
recsys_only,268,12,9
recsys_only,268,13,125
recsys_only,268,14,17
recsys_only,268,15,1
recsys_only,268,16,10
recsys_only,268,17,11
recsys_only,268,18,26
recsys_only,268,19,18
recsys_only,268,20,57
recsys_only,269,1,17
recsys_only,269,2,20
recsys_only,269,3,37
recsys_only,269,4,160
recsys_only,269,5,93
recsys_only,269,6,10
recsys_only,269,7,169
recsys_only,269,8,15
recsys_only,269,9,102
recsys_only,269,10,19
recsys_only,269,11,183
recsys_only,269,12,18
recsys_only,269,13,71
recsys_only,269,14,34
recsys_only,269,15,151
recsys_only,269,16,53
recsys_only,269,17,80
recsys_only,269,18,61
recsys_only,269,19,51
recsys_only,269,20,125
recsys_only,270,1,106
recsys_only,270,2,108
recsys_only,270,3,2
recsys_only,270,4,133
recsys_only,270,5,130
recsys_only,270,6,147
recsys_only,270,7,166
recsys_only,270,8,57
recsys_only,270,9,111
recsys_only,270,10,109
recsys_only,270,11,104
recsys_only,270,12,107
recsys_only,270,13,175
recsys_only,270,14,110
recsys_only,270,15,15
recsys_only,270,16,152
recsys_only,270,17,27
recsys_only,270,18,26
recsys_only,270,19,10
recsys_only,270,20,143
recsys_only,271,1,9
recsys_only,271,2,84
recsys_only,271,3,103
recsys_only,271,4,22
recsys_only,271,5,26
recsys_only,271,6,46
recsys_only,271,7,32
recsys_only,271,8,43
recsys_only,271,9,68
recsys_only,271,10,2
recsys_only,271,11,10
recsys_only,271,12,118
recsys_only,271,13,145
recsys_only,271,14,150
recsys_only,271,15,57
recsys_only,271,16,191
recsys_only,271,17,31
recsys_only,271,18,80
recsys_only,271,19,1
recsys_only,271,20,11
recsys_only,272,1,2
recsys_only,272,2,133
recsys_only,272,3,166
recsys_only,272,4,108
recsys_only,272,5,109
recsys_only,272,6,111
recsys_only,272,7,104
recsys_only,272,8,107
recsys_only,272,9,110
recsys_only,272,10,106
recsys_only,272,11,57
recsys_only,272,12,152
recsys_only,272,13,130
recsys_only,272,14,143
recsys_only,272,15,26
recsys_only,272,16,147
recsys_only,272,17,10
recsys_only,272,18,66
recsys_only,272,19,80
recsys_only,272,20,175
recsys_only,273,1,36
recsys_only,273,2,34
recsys_only,273,3,2
recsys_only,273,4,53
recsys_only,273,5,9
recsys_only,273,6,61
recsys_only,273,7,62
recsys_only,273,8,71
recsys_only,273,9,66
recsys_only,273,10,22
recsys_only,273,11,17
recsys_only,273,12,1
recsys_only,273,13,10
recsys_only,273,14,26
recsys_only,273,15,11
recsys_only,273,16,125
recsys_only,273,17,102
recsys_only,273,18,20
recsys_only,273,19,31
recsys_only,273,20,19
recsys_only,274,1,12
recsys_only,274,2,50
recsys_only,274,3,69
recsys_only,274,4,63
recsys_only,274,5,81
recsys_only,274,6,46
recsys_only,274,7,73
recsys_only,274,8,43
recsys_only,274,9,3
recsys_only,274,10,114
recsys_only,274,11,165
recsys_only,274,12,141
recsys_only,274,13,194
recsys_only,274,14,159
recsys_only,274,15,126
recsys_only,274,16,150
recsys_only,274,17,62
recsys_only,274,18,177
recsys_only,274,19,76
recsys_only,274,20,1
recsys_only,275,1,9
recsys_only,275,2,145
recsys_only,275,3,84
recsys_only,275,4,26
recsys_only,275,5,22
recsys_only,275,6,1
recsys_only,275,7,11
recsys_only,275,8,138
recsys_only,275,9,66
recsys_only,275,10,31
recsys_only,275,11,2
recsys_only,275,12,92
recsys_only,275,13,10
recsys_only,275,14,46
recsys_only,275,15,51
recsys_only,275,16,86
recsys_only,275,17,32
recsys_only,275,18,119
recsys_only,275,19,57
recsys_only,275,20,113
recsys_only,276,1,36
recsys_only,276,2,61
recsys_only,276,3,62
recsys_only,276,4,17
recsys_only,276,5,22
recsys_only,276,6,2
recsys_only,276,7,9
recsys_only,276,8,1
recsys_only,276,9,10
recsys_only,276,10,11
recsys_only,276,11,18
recsys_only,276,12,20
recsys_only,276,13,102
recsys_only,276,14,34
recsys_only,276,15,19
recsys_only,276,16,26
recsys_only,276,17,15
recsys_only,276,18,53
recsys_only,276,19,46
recsys_only,276,20,37
recsys_only,277,1,20
recsys_only,277,2,37
recsys_only,277,3,17
recsys_only,277,4,169
recsys_only,277,5,93
recsys_only,277,6,183
recsys_only,277,7,34
recsys_only,277,8,151
recsys_only,277,9,18
recsys_only,277,10,53
recsys_only,277,11,19
recsys_only,277,12,61
recsys_only,277,13,10
recsys_only,277,14,71
recsys_only,277,15,15
recsys_only,277,16,59
recsys_only,277,17,51
recsys_only,277,18,160
recsys_only,277,19,176
recsys_only,277,20,80
recsys_only,278,1,12
recsys_only,278,2,69
recsys_only,278,3,50
recsys_only,278,4,63
recsys_only,278,5,81
recsys_only,278,6,46
recsys_only,278,7,114
recsys_only,278,8,3
recsys_only,278,9,73
recsys_only,278,10,43
recsys_only,278,11,141
recsys_only,278,12,165
recsys_only,278,13,194
recsys_only,278,14,62
recsys_only,278,15,126
recsys_only,278,16,150
recsys_only,278,17,20
recsys_only,278,18,159
recsys_only,278,19,37
recsys_only,278,20,17
recsys_only,279,1,36
recsys_only,279,2,61
recsys_only,279,3,62
recsys_only,279,4,102
recsys_only,279,5,34
recsys_only,279,6,53
recsys_only,279,7,71
recsys_only,279,8,66
recsys_only,279,9,189
recsys_only,279,10,125
recsys_only,279,11,2
recsys_only,279,12,1
recsys_only,279,13,161
recsys_only,279,14,17
recsys_only,279,15,11
recsys_only,279,16,22
recsys_only,279,17,15
recsys_only,279,18,10
recsys_only,279,19,26
recsys_only,279,20,165
recsys_only,280,1,9
recsys_only,280,2,84
recsys_only,280,3,43
recsys_only,280,4,103
recsys_only,280,5,118
recsys_only,280,6,150
recsys_only,280,7,22
recsys_only,280,8,1
recsys_only,280,9,46
recsys_only,280,10,2
recsys_only,280,11,32
recsys_only,280,12,11
recsys_only,280,13,10
recsys_only,280,14,26
recsys_only,280,15,66
recsys_only,280,16,68
recsys_only,280,17,36
recsys_only,280,18,80
recsys_only,280,19,57
recsys_only,280,20,141
recsys_prof_rank,131,1,169
recsys_prof_rank,131,2,183
recsys_prof_rank,131,3,20
recsys_prof_rank,131,4,37
recsys_prof_rank,131,5,17
recsys_prof_rank,131,6,160
recsys_prof_rank,131,7,93
recsys_prof_rank,131,8,18
recsys_prof_rank,131,9,34
recsys_prof_rank,131,10,151
recsys_prof_rank,131,11,10
recsys_prof_rank,131,12,15
recsys_prof_rank,131,13,71
recsys_prof_rank,131,14,53
recsys_prof_rank,131,15,19
recsys_prof_rank,131,16,51
recsys_prof_rank,131,17,80
recsys_prof_rank,131,18,61
recsys_prof_rank,131,19,176
recsys_prof_rank,131,20,59
recsys_prof_rank,132,1,50
recsys_prof_rank,132,2,69
recsys_prof_rank,132,3,73
recsys_prof_rank,132,4,63
recsys_prof_rank,132,5,12
recsys_prof_rank,132,6,46
recsys_prof_rank,132,7,114
recsys_prof_rank,132,8,81
recsys_prof_rank,132,9,43
recsys_prof_rank,132,10,194
recsys_prof_rank,132,11,177
recsys_prof_rank,132,12,165
recsys_prof_rank,132,13,141
recsys_prof_rank,132,14,150
recsys_prof_rank,132,15,126
recsys_prof_rank,132,16,3
recsys_prof_rank,132,17,62
recsys_prof_rank,132,18,20
recsys_prof_rank,132,19,17
recsys_prof_rank,132,20,1
recsys_prof_rank,133,1,110
recsys_prof_rank,133,2,107
recsys_prof_rank,133,3,111
recsys_prof_rank,133,4,104
recsys_prof_rank,133,5,109
recsys_prof_rank,133,6,2
recsys_prof_rank,133,7,1
recsys_prof_rank,133,8,133
recsys_prof_rank,133,9,26
recsys_prof_rank,133,10,11
recsys_prof_rank,133,11,15
recsys_prof_rank,133,12,10
recsys_prof_rank,133,13,9
recsys_prof_rank,133,14,108
recsys_prof_rank,133,15,80
recsys_prof_rank,133,16,27
recsys_prof_rank,133,17,66
recsys_prof_rank,133,18,166
recsys_prof_rank,133,19,57
recsys_prof_rank,133,20,49
recsys_prof_rank,134,1,63
recsys_prof_rank,134,2,69
recsys_prof_rank,134,3,50
recsys_prof_rank,134,4,12
recsys_prof_rank,134,5,114
recsys_prof_rank,134,6,81
recsys_prof_rank,134,7,73
recsys_prof_rank,134,8,46
recsys_prof_rank,134,9,43
recsys_prof_rank,134,10,141
recsys_prof_rank,134,11,194
recsys_prof_rank,134,12,126
recsys_prof_rank,134,13,2
recsys_prof_rank,134,14,62
recsys_prof_rank,134,15,129
recsys_prof_rank,134,16,3
recsys_prof_rank,134,17,26
recsys_prof_rank,134,18,17
recsys_prof_rank,134,19,76
recsys_prof_rank,134,20,10
recsys_prof_rank,135,1,36
recsys_prof_rank,135,2,61
recsys_prof_rank,135,3,62
recsys_prof_rank,135,4,102
recsys_prof_rank,135,5,34
recsys_prof_rank,135,6,71
recsys_prof_rank,135,7,53
recsys_prof_rank,135,8,189
recsys_prof_rank,135,9,66
recsys_prof_rank,135,10,125
recsys_prof_rank,135,11,161
recsys_prof_rank,135,12,165
recsys_prof_rank,135,13,180
recsys_prof_rank,135,14,2
recsys_prof_rank,135,15,20
recsys_prof_rank,135,16,17
recsys_prof_rank,135,17,26
recsys_prof_rank,135,18,1
recsys_prof_rank,135,19,11
recsys_prof_rank,135,20,10
recsys_prof_rank,136,1,36
recsys_prof_rank,136,2,61
recsys_prof_rank,136,3,102
recsys_prof_rank,136,4,62
recsys_prof_rank,136,5,34
recsys_prof_rank,136,6,165
recsys_prof_rank,136,7,71
recsys_prof_rank,136,8,66
recsys_prof_rank,136,9,53
recsys_prof_rank,136,10,189
recsys_prof_rank,136,11,1
recsys_prof_rank,136,12,10
recsys_prof_rank,136,13,26
recsys_prof_rank,136,14,15
recsys_prof_rank,136,15,17
recsys_prof_rank,136,16,20
recsys_prof_rank,136,17,2
recsys_prof_rank,136,18,3
recsys_prof_rank,136,19,19
recsys_prof_rank,136,20,11
recsys_prof_rank,137,1,36
recsys_prof_rank,137,2,34
recsys_prof_rank,137,3,61
recsys_prof_rank,137,4,53
recsys_prof_rank,137,5,71
recsys_prof_rank,137,6,189
recsys_prof_rank,137,7,102
recsys_prof_rank,137,8,66
recsys_prof_rank,137,9,125
recsys_prof_rank,137,10,62
recsys_prof_rank,137,11,161
recsys_prof_rank,137,12,180
recsys_prof_rank,137,13,165
recsys_prof_rank,137,14,9
recsys_prof_rank,137,15,22
recsys_prof_rank,137,16,17
recsys_prof_rank,137,17,2
recsys_prof_rank,137,18,1
recsys_prof_rank,137,19,10
recsys_prof_rank,137,20,11
recsys_prof_rank,138,1,62
recsys_prof_rank,138,2,3
recsys_prof_rank,138,3,59
recsys_prof_rank,138,4,36
recsys_prof_rank,138,5,48
recsys_prof_rank,138,6,17
recsys_prof_rank,138,7,71
recsys_prof_rank,138,8,20
recsys_prof_rank,138,9,61
recsys_prof_rank,138,10,34
recsys_prof_rank,138,11,2
recsys_prof_rank,138,12,1
recsys_prof_rank,138,13,9
recsys_prof_rank,138,14,15
recsys_prof_rank,138,15,37
recsys_prof_rank,138,16,26
recsys_prof_rank,138,17,10
recsys_prof_rank,138,18,76
recsys_prof_rank,138,19,22
recsys_prof_rank,138,20,11
recsys_prof_rank,139,1,17
recsys_prof_rank,139,2,169
recsys_prof_rank,139,3,93
recsys_prof_rank,139,4,20
recsys_prof_rank,139,5,37
recsys_prof_rank,139,6,51
recsys_prof_rank,139,7,18
recsys_prof_rank,139,8,183
recsys_prof_rank,139,9,10
recsys_prof_rank,139,10,34
recsys_prof_rank,139,11,15
recsys_prof_rank,139,12,151
recsys_prof_rank,139,13,19
recsys_prof_rank,139,14,176
recsys_prof_rank,139,15,53
recsys_prof_rank,139,16,80
recsys_prof_rank,139,17,22
recsys_prof_rank,139,18,9
recsys_prof_rank,139,19,11
recsys_prof_rank,139,20,1
recsys_prof_rank,140,1,61
recsys_prof_rank,140,2,36
recsys_prof_rank,140,3,62
recsys_prof_rank,140,4,165
recsys_prof_rank,140,5,102
recsys_prof_rank,140,6,71
recsys_prof_rank,140,7,34
recsys_prof_rank,140,8,53
recsys_prof_rank,140,9,66
recsys_prof_rank,140,10,189
recsys_prof_rank,140,11,17
recsys_prof_rank,140,12,1
recsys_prof_rank,140,13,2
recsys_prof_rank,140,14,26
recsys_prof_rank,140,15,10
recsys_prof_rank,140,16,20
recsys_prof_rank,140,17,15
recsys_prof_rank,140,18,22
recsys_prof_rank,140,19,9
recsys_prof_rank,140,20,3
recsys_prof_rank,141,1,133
recsys_prof_rank,141,2,2
recsys_prof_rank,141,3,166
recsys_prof_rank,141,4,110
recsys_prof_rank,141,5,152
recsys_prof_rank,141,6,108
recsys_prof_rank,141,7,111
recsys_prof_rank,141,8,107
recsys_prof_rank,141,9,104
recsys_prof_rank,141,10,106
recsys_prof_rank,141,11,109
recsys_prof_rank,141,12,57
recsys_prof_rank,141,13,130
recsys_prof_rank,141,14,147
recsys_prof_rank,141,15,143
recsys_prof_rank,141,16,26
recsys_prof_rank,141,17,10
recsys_prof_rank,141,18,1
recsys_prof_rank,141,19,66
recsys_prof_rank,141,20,11
recsys_prof_rank,142,1,17
recsys_prof_rank,142,2,93
recsys_prof_rank,142,3,151
recsys_prof_rank,142,4,51
recsys_prof_rank,142,5,20
recsys_prof_rank,142,6,18
recsys_prof_rank,142,7,34
recsys_prof_rank,142,8,19
recsys_prof_rank,142,9,37
recsys_prof_rank,142,10,125
recsys_prof_rank,142,11,169
recsys_prof_rank,142,12,160
recsys_prof_rank,142,13,53
recsys_prof_rank,142,14,15
recsys_prof_rank,142,15,183
recsys_prof_rank,142,16,10
recsys_prof_rank,142,17,80
recsys_prof_rank,142,18,71
recsys_prof_rank,142,19,1
recsys_prof_rank,142,20,11
recsys_prof_rank,143,1,36
recsys_prof_rank,143,2,61
recsys_prof_rank,143,3,102
recsys_prof_rank,143,4,62
recsys_prof_rank,143,5,34
recsys_prof_rank,143,6,53
recsys_prof_rank,143,7,71
recsys_prof_rank,143,8,189
recsys_prof_rank,143,9,125
recsys_prof_rank,143,10,66
recsys_prof_rank,143,11,161
recsys_prof_rank,143,12,165
recsys_prof_rank,143,13,15
recsys_prof_rank,143,14,2
recsys_prof_rank,143,15,22
recsys_prof_rank,143,16,9
recsys_prof_rank,143,17,11
recsys_prof_rank,143,18,17
recsys_prof_rank,143,19,1
recsys_prof_rank,143,20,10
recsys_prof_rank,144,1,176
recsys_prof_rank,144,2,17
recsys_prof_rank,144,3,18
recsys_prof_rank,144,4,34
recsys_prof_rank,144,5,20
recsys_prof_rank,144,6,19
recsys_prof_rank,144,7,51
recsys_prof_rank,144,8,93
recsys_prof_rank,144,9,37
recsys_prof_rank,144,10,53
recsys_prof_rank,144,11,125
recsys_prof_rank,144,12,1
recsys_prof_rank,144,13,22
recsys_prof_rank,144,14,151
recsys_prof_rank,144,15,11
recsys_prof_rank,144,16,2
recsys_prof_rank,144,17,9
recsys_prof_rank,144,18,31
recsys_prof_rank,144,19,49
recsys_prof_rank,144,20,3
recsys_prof_rank,145,1,36
recsys_prof_rank,145,2,61
recsys_prof_rank,145,3,62
recsys_prof_rank,145,4,17
recsys_prof_rank,145,5,18
recsys_prof_rank,145,6,102
recsys_prof_rank,145,7,34
recsys_prof_rank,145,8,10
recsys_prof_rank,145,9,1
recsys_prof_rank,145,10,37
recsys_prof_rank,145,11,15
recsys_prof_rank,145,12,20
recsys_prof_rank,145,13,71
recsys_prof_rank,145,14,2
recsys_prof_rank,145,15,22
recsys_prof_rank,145,16,9
recsys_prof_rank,145,17,19
recsys_prof_rank,145,18,26
recsys_prof_rank,145,19,3
recsys_prof_rank,145,20,11
recsys_prof_rank,146,1,2
recsys_prof_rank,146,2,108
recsys_prof_rank,146,3,106
recsys_prof_rank,146,4,152
recsys_prof_rank,146,5,57
recsys_prof_rank,146,6,143
recsys_prof_rank,146,7,130
recsys_prof_rank,146,8,20
recsys_prof_rank,146,9,133
recsys_prof_rank,146,10,147
recsys_prof_rank,146,11,166
recsys_prof_rank,146,12,19
recsys_prof_rank,146,13,10
recsys_prof_rank,146,14,71
recsys_prof_rank,146,15,26
recsys_prof_rank,146,16,63
recsys_prof_rank,146,17,80
recsys_prof_rank,146,18,92
recsys_prof_rank,146,19,66
recsys_prof_rank,146,20,111
recsys_prof_rank,147,1,2
recsys_prof_rank,147,2,10
recsys_prof_rank,147,3,110
recsys_prof_rank,147,4,26
recsys_prof_rank,147,5,80
recsys_prof_rank,147,6,111
recsys_prof_rank,147,7,66
recsys_prof_rank,147,8,104
recsys_prof_rank,147,9,92
recsys_prof_rank,147,10,152
recsys_prof_rank,147,11,107
recsys_prof_rank,147,12,132
recsys_prof_rank,147,13,109
recsys_prof_rank,147,14,143
recsys_prof_rank,147,15,144
recsys_prof_rank,147,16,57
recsys_prof_rank,147,17,142
recsys_prof_rank,147,18,1
recsys_prof_rank,147,19,11
recsys_prof_rank,147,20,15
recsys_prof_rank,148,1,17
recsys_prof_rank,148,2,20
recsys_prof_rank,148,3,37
recsys_prof_rank,148,4,93
recsys_prof_rank,148,5,151
recsys_prof_rank,148,6,176
recsys_prof_rank,148,7,18
recsys_prof_rank,148,8,34
recsys_prof_rank,148,9,169
recsys_prof_rank,148,10,19
recsys_prof_rank,148,11,51
recsys_prof_rank,148,12,53
recsys_prof_rank,148,13,125
recsys_prof_rank,148,14,10
recsys_prof_rank,148,15,183
recsys_prof_rank,148,16,15
recsys_prof_rank,148,17,80
recsys_prof_rank,148,18,71
recsys_prof_rank,148,19,22
recsys_prof_rank,148,20,1
recsys_prof_rank,149,1,36
recsys_prof_rank,149,2,61
recsys_prof_rank,149,3,62
recsys_prof_rank,149,4,102
recsys_prof_rank,149,5,53
recsys_prof_rank,149,6,71
recsys_prof_rank,149,7,34
recsys_prof_rank,149,8,66
recsys_prof_rank,149,9,189
recsys_prof_rank,149,10,125
recsys_prof_rank,149,11,161
recsys_prof_rank,149,12,180
recsys_prof_rank,149,13,165
recsys_prof_rank,149,14,17
recsys_prof_rank,149,15,2
recsys_prof_rank,149,16,20
recsys_prof_rank,149,17,26
recsys_prof_rank,149,18,1
recsys_prof_rank,149,19,15
recsys_prof_rank,149,20,10
recsys_prof_rank,150,1,9
recsys_prof_rank,150,2,46
recsys_prof_rank,150,3,22
recsys_prof_rank,150,4,32
recsys_prof_rank,150,5,84
recsys_prof_rank,150,6,68
recsys_prof_rank,150,7,103
recsys_prof_rank,150,8,191
recsys_prof_rank,150,9,174
recsys_prof_rank,150,10,26
recsys_prof_rank,150,11,199
recsys_prof_rank,150,12,43
recsys_prof_rank,150,13,31
recsys_prof_rank,150,14,141
recsys_prof_rank,150,15,150
recsys_prof_rank,150,16,2
recsys_prof_rank,150,17,10
recsys_prof_rank,150,18,15
recsys_prof_rank,150,19,73
recsys_prof_rank,150,20,51
recsys_prof_rank,151,1,1
recsys_prof_rank,151,2,9
recsys_prof_rank,151,3,11
recsys_prof_rank,151,4,84
recsys_prof_rank,151,5,119
recsys_prof_rank,151,6,113
recsys_prof_rank,151,7,92
recsys_prof_rank,151,8,66
recsys_prof_rank,151,9,2
recsys_prof_rank,151,10,22
recsys_prof_rank,151,11,145
recsys_prof_rank,151,12,138
recsys_prof_rank,151,13,18
recsys_prof_rank,151,14,34
recsys_prof_rank,151,15,46
recsys_prof_rank,151,16,10
recsys_prof_rank,151,17,17
recsys_prof_rank,151,18,3
recsys_prof_rank,151,19,32
recsys_prof_rank,151,20,26
recsys_prof_rank,152,1,180
recsys_prof_rank,152,2,102
recsys_prof_rank,152,3,17
recsys_prof_rank,152,4,18
recsys_prof_rank,152,5,34
recsys_prof_rank,152,6,176
recsys_prof_rank,152,7,20
recsys_prof_rank,152,8,19
recsys_prof_rank,152,9,53
recsys_prof_rank,152,10,93
recsys_prof_rank,152,11,51
recsys_prof_rank,152,12,37
recsys_prof_rank,152,13,125
recsys_prof_rank,152,14,1
recsys_prof_rank,152,15,22
recsys_prof_rank,152,16,11
recsys_prof_rank,152,17,9
recsys_prof_rank,152,18,2
recsys_prof_rank,152,19,151
recsys_prof_rank,152,20,31
recsys_prof_rank,153,1,17
recsys_prof_rank,153,2,93
recsys_prof_rank,153,3,151
recsys_prof_rank,153,4,20
recsys_prof_rank,153,5,71
recsys_prof_rank,153,6,160
recsys_prof_rank,153,7,61
recsys_prof_rank,153,8,53
recsys_prof_rank,153,9,34
recsys_prof_rank,153,10,37
recsys_prof_rank,153,11,169
recsys_prof_rank,153,12,178
recsys_prof_rank,153,13,15
recsys_prof_rank,153,14,18
recsys_prof_rank,153,15,10
recsys_prof_rank,153,16,19
recsys_prof_rank,153,17,51
recsys_prof_rank,153,18,102
recsys_prof_rank,153,19,1
recsys_prof_rank,153,20,11
recsys_prof_rank,154,1,17
recsys_prof_rank,154,2,169
recsys_prof_rank,154,3,102
recsys_prof_rank,154,4,93
recsys_prof_rank,154,5,10
recsys_prof_rank,154,6,15
recsys_prof_rank,154,7,51
recsys_prof_rank,154,8,37
recsys_prof_rank,154,9,80
recsys_prof_rank,154,10,20
recsys_prof_rank,154,11,18
recsys_prof_rank,154,12,160
recsys_prof_rank,154,13,144
recsys_prof_rank,154,14,71
recsys_prof_rank,154,15,34
recsys_prof_rank,154,16,53
recsys_prof_rank,154,17,19
recsys_prof_rank,154,18,183
recsys_prof_rank,154,19,61
recsys_prof_rank,154,20,9
recsys_prof_rank,155,1,36
recsys_prof_rank,155,2,61
recsys_prof_rank,155,3,62
recsys_prof_rank,155,4,102
recsys_prof_rank,155,5,34
recsys_prof_rank,155,6,71
recsys_prof_rank,155,7,53
recsys_prof_rank,155,8,189
recsys_prof_rank,155,9,125
recsys_prof_rank,155,10,66
recsys_prof_rank,155,11,161
recsys_prof_rank,155,12,165
recsys_prof_rank,155,13,180
recsys_prof_rank,155,14,17
recsys_prof_rank,155,15,10
recsys_prof_rank,155,16,15
recsys_prof_rank,155,17,2
recsys_prof_rank,155,18,9
recsys_prof_rank,155,19,20
recsys_prof_rank,155,20,1
recsys_prof_rank,156,1,20
recsys_prof_rank,156,2,17
recsys_prof_rank,156,3,37
recsys_prof_rank,156,4,102
recsys_prof_rank,156,5,93
recsys_prof_rank,156,6,34
recsys_prof_rank,156,7,151
recsys_prof_rank,156,8,53
recsys_prof_rank,156,9,18
recsys_prof_rank,156,10,19
recsys_prof_rank,156,11,15
recsys_prof_rank,156,12,176
recsys_prof_rank,156,13,51
recsys_prof_rank,156,14,71
recsys_prof_rank,156,15,10
recsys_prof_rank,156,16,59
recsys_prof_rank,156,17,169
recsys_prof_rank,156,18,61
recsys_prof_rank,156,19,1
recsys_prof_rank,156,20,11
recsys_prof_rank,157,1,36
recsys_prof_rank,157,2,61
recsys_prof_rank,157,3,62
recsys_prof_rank,157,4,102
recsys_prof_rank,157,5,34
recsys_prof_rank,157,6,66
recsys_prof_rank,157,7,53
recsys_prof_rank,157,8,125
recsys_prof_rank,157,9,71
recsys_prof_rank,157,10,189
recsys_prof_rank,157,11,161
recsys_prof_rank,157,12,2
recsys_prof_rank,157,13,15
recsys_prof_rank,157,14,1
recsys_prof_rank,157,15,26
recsys_prof_rank,157,16,17
recsys_prof_rank,157,17,22
recsys_prof_rank,157,18,10
recsys_prof_rank,157,19,9
recsys_prof_rank,157,20,11
recsys_prof_rank,158,1,36
recsys_prof_rank,158,2,61
recsys_prof_rank,158,3,189
recsys_prof_rank,158,4,125
recsys_prof_rank,158,5,62
recsys_prof_rank,158,6,71
recsys_prof_rank,158,7,34
recsys_prof_rank,158,8,53
recsys_prof_rank,158,9,66
recsys_prof_rank,158,10,161
recsys_prof_rank,158,11,102
recsys_prof_rank,158,12,2
recsys_prof_rank,158,13,57
recsys_prof_rank,158,14,26
recsys_prof_rank,158,15,1
recsys_prof_rank,158,16,22
recsys_prof_rank,158,17,17
recsys_prof_rank,158,18,15
recsys_prof_rank,158,19,10
recsys_prof_rank,158,20,11
recsys_prof_rank,159,1,36
recsys_prof_rank,159,2,61
recsys_prof_rank,159,3,62
recsys_prof_rank,159,4,34
recsys_prof_rank,159,5,102
recsys_prof_rank,159,6,53
recsys_prof_rank,159,7,71
recsys_prof_rank,159,8,125
recsys_prof_rank,159,9,189
recsys_prof_rank,159,10,66
recsys_prof_rank,159,11,161
recsys_prof_rank,159,12,2
recsys_prof_rank,159,13,22
recsys_prof_rank,159,14,9
recsys_prof_rank,159,15,1
recsys_prof_rank,159,16,17
recsys_prof_rank,159,17,15
recsys_prof_rank,159,18,26
recsys_prof_rank,159,19,11
recsys_prof_rank,159,20,10
recsys_prof_rank,160,1,169
recsys_prof_rank,160,2,183
recsys_prof_rank,160,3,17
recsys_prof_rank,160,4,22
recsys_prof_rank,160,5,1
recsys_prof_rank,160,6,9
recsys_prof_rank,160,7,18
recsys_prof_rank,160,8,51
recsys_prof_rank,160,9,176
recsys_prof_rank,160,10,11
recsys_prof_rank,160,11,2
recsys_prof_rank,160,12,49
recsys_prof_rank,160,13,32
recsys_prof_rank,160,14,20
recsys_prof_rank,160,15,34
recsys_prof_rank,160,16,19
recsys_prof_rank,160,17,31
recsys_prof_rank,160,18,37
recsys_prof_rank,160,19,46
recsys_prof_rank,160,20,3
recsys_prof_rank,161,1,3
recsys_prof_rank,161,2,59
recsys_prof_rank,161,3,76
recsys_prof_rank,161,4,129
recsys_prof_rank,161,5,62
recsys_prof_rank,161,6,2
recsys_prof_rank,161,7,15
recsys_prof_rank,161,8,26
recsys_prof_rank,161,9,147
recsys_prof_rank,161,10,17
recsys_prof_rank,161,11,1
recsys_prof_rank,161,12,48
recsys_prof_rank,161,13,22
recsys_prof_rank,161,14,10
recsys_prof_rank,161,15,20
recsys_prof_rank,161,16,9
recsys_prof_rank,161,17,11
recsys_prof_rank,161,18,57
recsys_prof_rank,161,19,36
recsys_prof_rank,161,20,19
recsys_prof_rank,162,1,17
recsys_prof_rank,162,2,93
recsys_prof_rank,162,3,102
recsys_prof_rank,162,4,151
recsys_prof_rank,162,5,34
recsys_prof_rank,162,6,18
recsys_prof_rank,162,7,51
recsys_prof_rank,162,8,19
recsys_prof_rank,162,9,178
recsys_prof_rank,162,10,15
recsys_prof_rank,162,11,10
recsys_prof_rank,162,12,37
recsys_prof_rank,162,13,53
recsys_prof_rank,162,14,20
recsys_prof_rank,162,15,80
recsys_prof_rank,162,16,71
recsys_prof_rank,162,17,1
recsys_prof_rank,162,18,9
recsys_prof_rank,162,19,11
recsys_prof_rank,162,20,22
recsys_prof_rank,163,1,165
recsys_prof_rank,163,2,69
recsys_prof_rank,163,3,50
recsys_prof_rank,163,4,63
recsys_prof_rank,163,5,73
recsys_prof_rank,163,6,46
recsys_prof_rank,163,7,12
recsys_prof_rank,163,8,81
recsys_prof_rank,163,9,43
recsys_prof_rank,163,10,114
recsys_prof_rank,163,11,194
recsys_prof_rank,163,12,150
recsys_prof_rank,163,13,141
recsys_prof_rank,163,14,126
recsys_prof_rank,163,15,62
recsys_prof_rank,163,16,3
recsys_prof_rank,163,17,17
recsys_prof_rank,163,18,59
recsys_prof_rank,163,19,36
recsys_prof_rank,163,20,20
recsys_prof_rank,164,1,9
recsys_prof_rank,164,2,84
recsys_prof_rank,164,3,22
recsys_prof_rank,164,4,32
recsys_prof_rank,164,5,68
recsys_prof_rank,164,6,46
recsys_prof_rank,164,7,103
recsys_prof_rank,164,8,145
recsys_prof_rank,164,9,26
recsys_prof_rank,164,10,199
recsys_prof_rank,164,11,31
recsys_prof_rank,164,12,174
recsys_prof_rank,164,13,92
recsys_prof_rank,164,14,2
recsys_prof_rank,164,15,43
recsys_prof_rank,164,16,66
recsys_prof_rank,164,17,10
recsys_prof_rank,164,18,138
recsys_prof_rank,164,19,1
recsys_prof_rank,164,20,11
recsys_prof_rank,165,1,2
recsys_prof_rank,165,2,133
recsys_prof_rank,165,3,166
recsys_prof_rank,165,4,110
recsys_prof_rank,165,5,109
recsys_prof_rank,165,6,57
recsys_prof_rank,165,7,106
recsys_prof_rank,165,8,104
recsys_prof_rank,165,9,152
recsys_prof_rank,165,10,111
recsys_prof_rank,165,11,107
recsys_prof_rank,165,12,108
recsys_prof_rank,165,13,143
recsys_prof_rank,165,14,130
recsys_prof_rank,165,15,26
recsys_prof_rank,165,16,147
recsys_prof_rank,165,17,10
recsys_prof_rank,165,18,9
recsys_prof_rank,165,19,80
recsys_prof_rank,165,20,92
recsys_prof_rank,166,1,2
recsys_prof_rank,166,2,133
recsys_prof_rank,166,3,110
recsys_prof_rank,166,4,166
recsys_prof_rank,166,5,108
recsys_prof_rank,166,6,152
recsys_prof_rank,166,7,106
recsys_prof_rank,166,8,111
recsys_prof_rank,166,9,107
recsys_prof_rank,166,10,104
recsys_prof_rank,166,11,57
recsys_prof_rank,166,12,109
recsys_prof_rank,166,13,147
recsys_prof_rank,166,14,130
recsys_prof_rank,166,15,143
recsys_prof_rank,166,16,26
recsys_prof_rank,166,17,10
recsys_prof_rank,166,18,80
recsys_prof_rank,166,19,66
recsys_prof_rank,166,20,1
recsys_prof_rank,167,1,36
recsys_prof_rank,167,2,61
recsys_prof_rank,167,3,62
recsys_prof_rank,167,4,102
recsys_prof_rank,167,5,34
recsys_prof_rank,167,6,53
recsys_prof_rank,167,7,71
recsys_prof_rank,167,8,165
recsys_prof_rank,167,9,161
recsys_prof_rank,167,10,66
recsys_prof_rank,167,11,125
recsys_prof_rank,167,12,1
recsys_prof_rank,167,13,26
recsys_prof_rank,167,14,9
recsys_prof_rank,167,15,17
recsys_prof_rank,167,16,2
recsys_prof_rank,167,17,11
recsys_prof_rank,167,18,15
recsys_prof_rank,167,19,10
recsys_prof_rank,167,20,20
recsys_prof_rank,168,1,36
recsys_prof_rank,168,2,61
recsys_prof_rank,168,3,62
recsys_prof_rank,168,4,102
recsys_prof_rank,168,5,34
recsys_prof_rank,168,6,71
recsys_prof_rank,168,7,53
recsys_prof_rank,168,8,161
recsys_prof_rank,168,9,165
recsys_prof_rank,168,10,66
recsys_prof_rank,168,11,189
recsys_prof_rank,168,12,125
recsys_prof_rank,168,13,17
recsys_prof_rank,168,14,20
recsys_prof_rank,168,15,15
recsys_prof_rank,168,16,18
recsys_prof_rank,168,17,1
recsys_prof_rank,168,18,2
recsys_prof_rank,168,19,10
recsys_prof_rank,168,20,3
recsys_prof_rank,169,1,36
recsys_prof_rank,169,2,61
recsys_prof_rank,169,3,62
recsys_prof_rank,169,4,102
recsys_prof_rank,169,5,71
recsys_prof_rank,169,6,34
recsys_prof_rank,169,7,53
recsys_prof_rank,169,8,189
recsys_prof_rank,169,9,66
recsys_prof_rank,169,10,125
recsys_prof_rank,169,11,161
recsys_prof_rank,169,12,165
recsys_prof_rank,169,13,180
recsys_prof_rank,169,14,1
recsys_prof_rank,169,15,17
recsys_prof_rank,169,16,2
recsys_prof_rank,169,17,20
recsys_prof_rank,169,18,26
recsys_prof_rank,169,19,15
recsys_prof_rank,169,20,11
recsys_prof_rank,170,1,69
recsys_prof_rank,170,2,50
recsys_prof_rank,170,3,165
recsys_prof_rank,170,4,73
recsys_prof_rank,170,5,12
recsys_prof_rank,170,6,63
recsys_prof_rank,170,7,46
recsys_prof_rank,170,8,114
recsys_prof_rank,170,9,81
recsys_prof_rank,170,10,194
recsys_prof_rank,170,11,43
recsys_prof_rank,170,12,177
recsys_prof_rank,170,13,150
recsys_prof_rank,170,14,141
recsys_prof_rank,170,15,126
recsys_prof_rank,170,16,159
recsys_prof_rank,170,17,59
recsys_prof_rank,170,18,36
recsys_prof_rank,170,19,2
recsys_prof_rank,170,20,48
recsys_prof_rank,171,1,106
recsys_prof_rank,171,2,108
recsys_prof_rank,171,3,2
recsys_prof_rank,171,4,133
recsys_prof_rank,171,5,130
recsys_prof_rank,171,6,166
recsys_prof_rank,171,7,147
recsys_prof_rank,171,8,175
recsys_prof_rank,171,9,109
recsys_prof_rank,171,10,110
recsys_prof_rank,171,11,57
recsys_prof_rank,171,12,104
recsys_prof_rank,171,13,107
recsys_prof_rank,171,14,111
recsys_prof_rank,171,15,152
recsys_prof_rank,171,16,26
recsys_prof_rank,171,17,10
recsys_prof_rank,171,18,15
recsys_prof_rank,171,19,101
recsys_prof_rank,171,20,27
recsys_prof_rank,172,1,9
recsys_prof_rank,172,2,84
recsys_prof_rank,172,3,103
recsys_prof_rank,172,4,32
recsys_prof_rank,172,5,22
recsys_prof_rank,172,6,46
recsys_prof_rank,172,7,68
recsys_prof_rank,172,8,26
recsys_prof_rank,172,9,43
recsys_prof_rank,172,10,150
recsys_prof_rank,172,11,191
recsys_prof_rank,172,12,118
recsys_prof_rank,172,13,2
recsys_prof_rank,172,14,174
recsys_prof_rank,172,15,10
recsys_prof_rank,172,16,145
recsys_prof_rank,172,17,80
recsys_prof_rank,172,18,31
recsys_prof_rank,172,19,57
recsys_prof_rank,172,20,1
recsys_prof_rank,173,1,9
recsys_prof_rank,173,2,84
recsys_prof_rank,173,3,22
recsys_prof_rank,173,4,46
recsys_prof_rank,173,5,32
recsys_prof_rank,173,6,68
recsys_prof_rank,173,7,145
recsys_prof_rank,173,8,103
recsys_prof_rank,173,9,26
recsys_prof_rank,173,10,2
recsys_prof_rank,173,11,92
recsys_prof_rank,173,12,174
recsys_prof_rank,173,13,31
recsys_prof_rank,173,14,66
recsys_prof_rank,173,15,10
recsys_prof_rank,173,16,199
recsys_prof_rank,173,17,43
recsys_prof_rank,173,18,1
recsys_prof_rank,173,19,11
recsys_prof_rank,173,20,138
recsys_prof_rank,174,1,9
recsys_prof_rank,174,2,84
recsys_prof_rank,174,3,22
recsys_prof_rank,174,4,32
recsys_prof_rank,174,5,68
recsys_prof_rank,174,6,46
recsys_prof_rank,174,7,103
recsys_prof_rank,174,8,145
recsys_prof_rank,174,9,26
recsys_prof_rank,174,10,199
recsys_prof_rank,174,11,174
recsys_prof_rank,174,12,31
recsys_prof_rank,174,13,92
recsys_prof_rank,174,14,43
recsys_prof_rank,174,15,2
recsys_prof_rank,174,16,66
recsys_prof_rank,174,17,10
recsys_prof_rank,174,18,138
recsys_prof_rank,174,19,1
recsys_prof_rank,174,20,11
recsys_prof_rank,175,1,17
recsys_prof_rank,175,2,93
recsys_prof_rank,175,3,151
recsys_prof_rank,175,4,18
recsys_prof_rank,175,5,34
recsys_prof_rank,175,6,169
recsys_prof_rank,175,7,51
recsys_prof_rank,175,8,20
recsys_prof_rank,175,9,19
recsys_prof_rank,175,10,53
recsys_prof_rank,175,11,37
recsys_prof_rank,175,12,160
recsys_prof_rank,175,13,125
recsys_prof_rank,175,14,10
recsys_prof_rank,175,15,183
recsys_prof_rank,175,16,15
recsys_prof_rank,175,17,80
recsys_prof_rank,175,18,71
recsys_prof_rank,175,19,9
recsys_prof_rank,175,20,22
recsys_prof_rank,176,1,50
recsys_prof_rank,176,2,12
recsys_prof_rank,176,3,69
recsys_prof_rank,176,4,81
recsys_prof_rank,176,5,73
recsys_prof_rank,176,6,63
recsys_prof_rank,176,7,194
recsys_prof_rank,176,8,114
recsys_prof_rank,176,9,141
recsys_prof_rank,176,10,43
recsys_prof_rank,176,11,177
recsys_prof_rank,176,12,159
recsys_prof_rank,176,13,126
recsys_prof_rank,176,14,150
recsys_prof_rank,176,15,46
recsys_prof_rank,176,16,1
recsys_prof_rank,176,17,17
recsys_prof_rank,176,18,26
recsys_prof_rank,176,19,11
recsys_prof_rank,176,20,10
recsys_prof_rank,177,1,36
recsys_prof_rank,177,2,61
recsys_prof_rank,177,3,62
recsys_prof_rank,177,4,34
recsys_prof_rank,177,5,165
recsys_prof_rank,177,6,71
recsys_prof_rank,177,7,102
recsys_prof_rank,177,8,53
recsys_prof_rank,177,9,66
recsys_prof_rank,177,10,9
recsys_prof_rank,177,11,22
recsys_prof_rank,177,12,2
recsys_prof_rank,177,13,17
recsys_prof_rank,177,14,18
recsys_prof_rank,177,15,1
recsys_prof_rank,177,16,10
recsys_prof_rank,177,17,15
recsys_prof_rank,177,18,11
recsys_prof_rank,177,19,26
recsys_prof_rank,177,20,32
recsys_prof_rank,178,1,22
recsys_prof_rank,178,2,9
recsys_prof_rank,178,3,46
recsys_prof_rank,178,4,32
recsys_prof_rank,178,5,84
recsys_prof_rank,178,6,68
recsys_prof_rank,178,7,174
recsys_prof_rank,178,8,199
recsys_prof_rank,178,9,43
recsys_prof_rank,178,10,103
recsys_prof_rank,178,11,118
recsys_prof_rank,178,12,1
recsys_prof_rank,178,13,17
recsys_prof_rank,178,14,11
recsys_prof_rank,178,15,2
recsys_prof_rank,178,16,49
recsys_prof_rank,178,17,31
recsys_prof_rank,178,18,18
recsys_prof_rank,178,19,19
recsys_prof_rank,178,20,3
recsys_prof_rank,179,1,12
recsys_prof_rank,179,2,50
recsys_prof_rank,179,3,69
recsys_prof_rank,179,4,81
recsys_prof_rank,179,5,63
recsys_prof_rank,179,6,73
recsys_prof_rank,179,7,114
recsys_prof_rank,179,8,165
recsys_prof_rank,179,9,43
recsys_prof_rank,179,10,194
recsys_prof_rank,179,11,141
recsys_prof_rank,179,12,150
recsys_prof_rank,179,13,159
recsys_prof_rank,179,14,46
recsys_prof_rank,179,15,177
recsys_prof_rank,179,16,126
recsys_prof_rank,179,17,59
recsys_prof_rank,179,18,3
recsys_prof_rank,179,19,48
recsys_prof_rank,179,20,1
recsys_prof_rank,180,1,36
recsys_prof_rank,180,2,61
recsys_prof_rank,180,3,34
recsys_prof_rank,180,4,62
recsys_prof_rank,180,5,53
recsys_prof_rank,180,6,102
recsys_prof_rank,180,7,71
recsys_prof_rank,180,8,165
recsys_prof_rank,180,9,125
recsys_prof_rank,180,10,66
recsys_prof_rank,180,11,9
recsys_prof_rank,180,12,17
recsys_prof_rank,180,13,2
recsys_prof_rank,180,14,22
recsys_prof_rank,180,15,18
recsys_prof_rank,180,16,1
recsys_prof_rank,180,17,10
recsys_prof_rank,180,18,15
recsys_prof_rank,180,19,11
recsys_prof_rank,180,20,26
recsys_prof_rank,181,1,20
recsys_prof_rank,181,2,37
recsys_prof_rank,181,3,17
recsys_prof_rank,181,4,15
recsys_prof_rank,181,5,10
recsys_prof_rank,181,6,169
recsys_prof_rank,181,7,80
recsys_prof_rank,181,8,71
recsys_prof_rank,181,9,93
recsys_prof_rank,181,10,144
recsys_prof_rank,181,11,142
recsys_prof_rank,181,12,143
recsys_prof_rank,181,13,59
recsys_prof_rank,181,14,183
recsys_prof_rank,181,15,61
recsys_prof_rank,181,16,102
recsys_prof_rank,181,17,51
recsys_prof_rank,181,18,19
recsys_prof_rank,181,19,18
recsys_prof_rank,181,20,2
recsys_prof_rank,182,1,2
recsys_prof_rank,182,2,133
recsys_prof_rank,182,3,166
recsys_prof_rank,182,4,110
recsys_prof_rank,182,5,106
recsys_prof_rank,182,6,109
recsys_prof_rank,182,7,111
recsys_prof_rank,182,8,104
recsys_prof_rank,182,9,108
recsys_prof_rank,182,10,57
recsys_prof_rank,182,11,152
recsys_prof_rank,182,12,107
recsys_prof_rank,182,13,143
recsys_prof_rank,182,14,26
recsys_prof_rank,182,15,130
recsys_prof_rank,182,16,10
recsys_prof_rank,182,17,147
recsys_prof_rank,182,18,9
recsys_prof_rank,182,19,80
recsys_prof_rank,182,20,1
recsys_prof_rank,183,1,26
recsys_prof_rank,183,2,10
recsys_prof_rank,183,3,2
recsys_prof_rank,183,4,145
recsys_prof_rank,183,5,22
recsys_prof_rank,183,6,80
recsys_prof_rank,183,7,171
recsys_prof_rank,183,8,92
recsys_prof_rank,183,9,66
recsys_prof_rank,183,10,31
recsys_prof_rank,183,11,143
recsys_prof_rank,183,12,57
recsys_prof_rank,183,13,110
recsys_prof_rank,183,14,111
recsys_prof_rank,183,15,104
recsys_prof_rank,183,16,9
recsys_prof_rank,183,17,84
recsys_prof_rank,183,18,103
recsys_prof_rank,183,19,1
recsys_prof_rank,183,20,11
recsys_prof_rank,184,1,2
recsys_prof_rank,184,2,133
recsys_prof_rank,184,3,166
recsys_prof_rank,184,4,108
recsys_prof_rank,184,5,110
recsys_prof_rank,184,6,111
recsys_prof_rank,184,7,106
recsys_prof_rank,184,8,104
recsys_prof_rank,184,9,152
recsys_prof_rank,184,10,143
recsys_prof_rank,184,11,57
recsys_prof_rank,184,12,109
recsys_prof_rank,184,13,107
recsys_prof_rank,184,14,26
recsys_prof_rank,184,15,130
recsys_prof_rank,184,16,147
recsys_prof_rank,184,17,66
recsys_prof_rank,184,18,10
recsys_prof_rank,184,19,80
recsys_prof_rank,184,20,92
recsys_prof_rank,185,1,169
recsys_prof_rank,185,2,183
recsys_prof_rank,185,3,160
recsys_prof_rank,185,4,9
recsys_prof_rank,185,5,20
recsys_prof_rank,185,6,37
recsys_prof_rank,185,7,18
recsys_prof_rank,185,8,22
recsys_prof_rank,185,9,59
recsys_prof_rank,185,10,32
recsys_prof_rank,185,11,17
recsys_prof_rank,185,12,51
recsys_prof_rank,185,13,2
recsys_prof_rank,185,14,1
recsys_prof_rank,185,15,46
recsys_prof_rank,185,16,34
recsys_prof_rank,185,17,10
recsys_prof_rank,185,18,15
recsys_prof_rank,185,19,11
recsys_prof_rank,185,20,26
recsys_prof_rank,186,1,1
recsys_prof_rank,186,2,34
recsys_prof_rank,186,3,17
recsys_prof_rank,186,4,11
recsys_prof_rank,186,5,22
recsys_prof_rank,186,6,18
recsys_prof_rank,186,7,9
recsys_prof_rank,186,8,3
recsys_prof_rank,186,9,66
recsys_prof_rank,186,10,53
recsys_prof_rank,186,11,51
recsys_prof_rank,186,12,19
recsys_prof_rank,186,13,36
recsys_prof_rank,186,14,31
recsys_prof_rank,186,15,46
recsys_prof_rank,186,16,84
recsys_prof_rank,186,17,32
recsys_prof_rank,186,18,86
recsys_prof_rank,186,19,49
recsys_prof_rank,186,20,48
recsys_prof_rank,187,1,36
recsys_prof_rank,187,2,61
recsys_prof_rank,187,3,62
recsys_prof_rank,187,4,102
recsys_prof_rank,187,5,34
recsys_prof_rank,187,6,53
recsys_prof_rank,187,7,71
recsys_prof_rank,187,8,165
recsys_prof_rank,187,9,66
recsys_prof_rank,187,10,125
recsys_prof_rank,187,11,189
recsys_prof_rank,187,12,32
recsys_prof_rank,187,13,1
recsys_prof_rank,187,14,26
recsys_prof_rank,187,15,22
recsys_prof_rank,187,16,2
recsys_prof_rank,187,17,9
recsys_prof_rank,187,18,11
recsys_prof_rank,187,19,17
recsys_prof_rank,187,20,20
recsys_prof_rank,188,1,9
recsys_prof_rank,188,2,84
recsys_prof_rank,188,3,103
recsys_prof_rank,188,4,26
recsys_prof_rank,188,5,22
recsys_prof_rank,188,6,46
recsys_prof_rank,188,7,32
recsys_prof_rank,188,8,68
recsys_prof_rank,188,9,2
recsys_prof_rank,188,10,43
recsys_prof_rank,188,11,150
recsys_prof_rank,188,12,10
recsys_prof_rank,188,13,145
recsys_prof_rank,188,14,118
recsys_prof_rank,188,15,31
recsys_prof_rank,188,16,80
recsys_prof_rank,188,17,66
recsys_prof_rank,188,18,191
recsys_prof_rank,188,19,57
recsys_prof_rank,188,20,1
recsys_prof_rank,189,1,9
recsys_prof_rank,189,2,84
recsys_prof_rank,189,3,22
recsys_prof_rank,189,4,32
recsys_prof_rank,189,5,46
recsys_prof_rank,189,6,68
recsys_prof_rank,189,7,103
recsys_prof_rank,189,8,199
recsys_prof_rank,189,9,174
recsys_prof_rank,189,10,145
recsys_prof_rank,189,11,43
recsys_prof_rank,189,12,26
recsys_prof_rank,189,13,2
recsys_prof_rank,189,14,92
recsys_prof_rank,189,15,31
recsys_prof_rank,189,16,118
recsys_prof_rank,189,17,10
recsys_prof_rank,189,18,1
recsys_prof_rank,189,19,138
recsys_prof_rank,189,20,11
recsys_prof_rank,190,1,107
recsys_prof_rank,190,2,111
recsys_prof_rank,190,3,110
recsys_prof_rank,190,4,109
recsys_prof_rank,190,5,104
recsys_prof_rank,190,6,133
recsys_prof_rank,190,7,2
recsys_prof_rank,190,8,1
recsys_prof_rank,190,9,15
recsys_prof_rank,190,10,11
recsys_prof_rank,190,11,166
recsys_prof_rank,190,12,49
recsys_prof_rank,190,13,27
recsys_prof_rank,190,14,57
recsys_prof_rank,190,15,26
recsys_prof_rank,190,16,10
recsys_prof_rank,190,17,101
recsys_prof_rank,190,18,9
recsys_prof_rank,190,19,108
recsys_prof_rank,190,20,106
recsys_prof_rank,191,1,110
recsys_prof_rank,191,2,111
recsys_prof_rank,191,3,107
recsys_prof_rank,191,4,104
recsys_prof_rank,191,5,109
recsys_prof_rank,191,6,2
recsys_prof_rank,191,7,133
recsys_prof_rank,191,8,26
recsys_prof_rank,191,9,10
recsys_prof_rank,191,10,15
recsys_prof_rank,191,11,80
recsys_prof_rank,191,12,108
recsys_prof_rank,191,13,166
recsys_prof_rank,191,14,27
recsys_prof_rank,191,15,106
recsys_prof_rank,191,16,66
recsys_prof_rank,191,17,101
recsys_prof_rank,191,18,57
recsys_prof_rank,191,19,152
recsys_prof_rank,191,20,1
recsys_prof_rank,192,1,2
recsys_prof_rank,192,2,152
recsys_prof_rank,192,3,57
recsys_prof_rank,192,4,192
recsys_prof_rank,192,5,1
recsys_prof_rank,192,6,143
recsys_prof_rank,192,7,133
recsys_prof_rank,192,8,26
recsys_prof_rank,192,9,11
recsys_prof_rank,192,10,63
recsys_prof_rank,192,11,9
recsys_prof_rank,192,12,10
recsys_prof_rank,192,13,20
recsys_prof_rank,192,14,80
recsys_prof_rank,192,15,166
recsys_prof_rank,192,16,71
recsys_prof_rank,192,17,19
recsys_prof_rank,192,18,84
recsys_prof_rank,192,19,108
recsys_prof_rank,192,20,66
recsys_prof_rank,193,1,12
recsys_prof_rank,193,2,50
recsys_prof_rank,193,3,69
recsys_prof_rank,193,4,81
recsys_prof_rank,193,5,63
recsys_prof_rank,193,6,73
recsys_prof_rank,193,7,114
recsys_prof_rank,193,8,43
recsys_prof_rank,193,9,141
recsys_prof_rank,193,10,194
recsys_prof_rank,193,11,126
recsys_prof_rank,193,12,177
recsys_prof_rank,193,13,165
recsys_prof_rank,193,14,159
recsys_prof_rank,193,15,150
recsys_prof_rank,193,16,46
recsys_prof_rank,193,17,59
recsys_prof_rank,193,18,48
recsys_prof_rank,193,19,17
recsys_prof_rank,193,20,1
recsys_prof_rank,194,1,84
recsys_prof_rank,194,2,9
recsys_prof_rank,194,3,32
recsys_prof_rank,194,4,22
recsys_prof_rank,194,5,46
recsys_prof_rank,194,6,68
recsys_prof_rank,194,7,103
recsys_prof_rank,194,8,174
recsys_prof_rank,194,9,145
recsys_prof_rank,194,10,26
recsys_prof_rank,194,11,199
recsys_prof_rank,194,12,66
recsys_prof_rank,194,13,43
recsys_prof_rank,194,14,31
recsys_prof_rank,194,15,92
recsys_prof_rank,194,16,2
recsys_prof_rank,194,17,10
recsys_prof_rank,194,18,1
recsys_prof_rank,194,19,138
recsys_prof_rank,194,20,11
recsys_prof_rank,195,1,36
recsys_prof_rank,195,2,61
recsys_prof_rank,195,3,62
recsys_prof_rank,195,4,71
recsys_prof_rank,195,5,102
recsys_prof_rank,195,6,125
recsys_prof_rank,195,7,34
recsys_prof_rank,195,8,53
recsys_prof_rank,195,9,165
recsys_prof_rank,195,10,66
recsys_prof_rank,195,11,2
recsys_prof_rank,195,12,1
recsys_prof_rank,195,13,17
recsys_prof_rank,195,14,22
recsys_prof_rank,195,15,57
recsys_prof_rank,195,16,26
recsys_prof_rank,195,17,15
recsys_prof_rank,195,18,10
recsys_prof_rank,195,19,11
recsys_prof_rank,195,20,9
recsys_prof_rank,196,1,9
recsys_prof_rank,196,2,84
recsys_prof_rank,196,3,103
recsys_prof_rank,196,4,43
recsys_prof_rank,196,5,22
recsys_prof_rank,196,6,118
recsys_prof_rank,196,7,150
recsys_prof_rank,196,8,46
recsys_prof_rank,196,9,32
recsys_prof_rank,196,10,68
recsys_prof_rank,196,11,141
recsys_prof_rank,196,12,2
recsys_prof_rank,196,13,1
recsys_prof_rank,196,14,26
recsys_prof_rank,196,15,11
recsys_prof_rank,196,16,10
recsys_prof_rank,196,17,104
recsys_prof_rank,196,18,57
recsys_prof_rank,196,19,111
recsys_prof_rank,196,20,66
recsys_prof_rank,197,1,145
recsys_prof_rank,197,2,22
recsys_prof_rank,197,3,26
recsys_prof_rank,197,4,31
recsys_prof_rank,197,5,92
recsys_prof_rank,197,6,2
recsys_prof_rank,197,7,9
recsys_prof_rank,197,8,66
recsys_prof_rank,197,9,10
recsys_prof_rank,197,10,84
recsys_prof_rank,197,11,107
recsys_prof_rank,197,12,57
recsys_prof_rank,197,13,1
recsys_prof_rank,197,14,11
recsys_prof_rank,197,15,138
recsys_prof_rank,197,16,51
recsys_prof_rank,197,17,86
recsys_prof_rank,197,18,119
recsys_prof_rank,197,19,46
recsys_prof_rank,197,20,32
recsys_prof_rank,198,1,36
recsys_prof_rank,198,2,62
recsys_prof_rank,198,3,61
recsys_prof_rank,198,4,15
recsys_prof_rank,198,5,1
recsys_prof_rank,198,6,17
recsys_prof_rank,198,7,102
recsys_prof_rank,198,8,10
recsys_prof_rank,198,9,19
recsys_prof_rank,198,10,2
recsys_prof_rank,198,11,26
recsys_prof_rank,198,12,37
recsys_prof_rank,198,13,20
recsys_prof_rank,198,14,11
recsys_prof_rank,198,15,71
recsys_prof_rank,198,16,3
recsys_prof_rank,198,17,22
recsys_prof_rank,198,18,9
recsys_prof_rank,198,19,18
recsys_prof_rank,198,20,34
recsys_prof_rank,199,1,50
recsys_prof_rank,199,2,12
recsys_prof_rank,199,3,69
recsys_prof_rank,199,4,81
recsys_prof_rank,199,5,73
recsys_prof_rank,199,6,63
recsys_prof_rank,199,7,114
recsys_prof_rank,199,8,194
recsys_prof_rank,199,9,43
recsys_prof_rank,199,10,141
recsys_prof_rank,199,11,177
recsys_prof_rank,199,12,150
recsys_prof_rank,199,13,159
recsys_prof_rank,199,14,126
recsys_prof_rank,199,15,46
recsys_prof_rank,199,16,3
recsys_prof_rank,199,17,1
recsys_prof_rank,199,18,17
recsys_prof_rank,199,19,76
recsys_prof_rank,199,20,10
recsys_prof_rank,200,1,145
recsys_prof_rank,200,2,22
recsys_prof_rank,200,3,26
recsys_prof_rank,200,4,9
recsys_prof_rank,200,5,31
recsys_prof_rank,200,6,92
recsys_prof_rank,200,7,2
recsys_prof_rank,200,8,66
recsys_prof_rank,200,9,10
recsys_prof_rank,200,10,84
recsys_prof_rank,200,11,57
recsys_prof_rank,200,12,80
recsys_prof_rank,200,13,138
recsys_prof_rank,200,14,1
recsys_prof_rank,200,15,11
recsys_prof_rank,200,16,46
recsys_prof_rank,200,17,68
recsys_prof_rank,200,18,86
recsys_prof_rank,200,19,32
recsys_prof_rank,200,20,51
recsys_prof_rank,201,1,20
recsys_prof_rank,201,2,37
recsys_prof_rank,201,3,169
recsys_prof_rank,201,4,15
recsys_prof_rank,201,5,17
recsys_prof_rank,201,6,183
recsys_prof_rank,201,7,10
recsys_prof_rank,201,8,80
recsys_prof_rank,201,9,102
recsys_prof_rank,201,10,93
recsys_prof_rank,201,11,144
recsys_prof_rank,201,12,59
recsys_prof_rank,201,13,71
recsys_prof_rank,201,14,142
recsys_prof_rank,201,15,19
recsys_prof_rank,201,16,160
recsys_prof_rank,201,17,61
recsys_prof_rank,201,18,18
recsys_prof_rank,201,19,34
recsys_prof_rank,201,20,2
recsys_prof_rank,202,1,110
recsys_prof_rank,202,2,111
recsys_prof_rank,202,3,107
recsys_prof_rank,202,4,104
recsys_prof_rank,202,5,109
recsys_prof_rank,202,6,2
recsys_prof_rank,202,7,1
recsys_prof_rank,202,8,133
recsys_prof_rank,202,9,15
recsys_prof_rank,202,10,11
recsys_prof_rank,202,11,26
recsys_prof_rank,202,12,10
recsys_prof_rank,202,13,9
recsys_prof_rank,202,14,108
recsys_prof_rank,202,15,80
recsys_prof_rank,202,16,166
recsys_prof_rank,202,17,49
recsys_prof_rank,202,18,57
recsys_prof_rank,202,19,66
recsys_prof_rank,202,20,27
recsys_prof_rank,203,1,36
recsys_prof_rank,203,2,61
recsys_prof_rank,203,3,62
recsys_prof_rank,203,4,34
recsys_prof_rank,203,5,102
recsys_prof_rank,203,6,53
recsys_prof_rank,203,7,71
recsys_prof_rank,203,8,66
recsys_prof_rank,203,9,125
recsys_prof_rank,203,10,189
recsys_prof_rank,203,11,161
recsys_prof_rank,203,12,165
recsys_prof_rank,203,13,20
recsys_prof_rank,203,14,17
recsys_prof_rank,203,15,26
recsys_prof_rank,203,16,22
recsys_prof_rank,203,17,19
recsys_prof_rank,203,18,2
recsys_prof_rank,203,19,10
recsys_prof_rank,203,20,18
recsys_prof_rank,204,1,62
recsys_prof_rank,204,2,102
recsys_prof_rank,204,3,61
recsys_prof_rank,204,4,36
recsys_prof_rank,204,5,34
recsys_prof_rank,204,6,53
recsys_prof_rank,204,7,71
recsys_prof_rank,204,8,66
recsys_prof_rank,204,9,20
recsys_prof_rank,204,10,37
recsys_prof_rank,204,11,17
recsys_prof_rank,204,12,15
recsys_prof_rank,204,13,18
recsys_prof_rank,204,14,125
recsys_prof_rank,204,15,1
recsys_prof_rank,204,16,10
recsys_prof_rank,204,17,19
recsys_prof_rank,204,18,3
recsys_prof_rank,204,19,11
recsys_prof_rank,204,20,2
recsys_prof_rank,205,1,17
recsys_prof_rank,205,2,20
recsys_prof_rank,205,3,169
recsys_prof_rank,205,4,37
recsys_prof_rank,205,5,93
recsys_prof_rank,205,6,160
recsys_prof_rank,205,7,102
recsys_prof_rank,205,8,183
recsys_prof_rank,205,9,15
recsys_prof_rank,205,10,10
recsys_prof_rank,205,11,19
recsys_prof_rank,205,12,80
recsys_prof_rank,205,13,151
recsys_prof_rank,205,14,71
recsys_prof_rank,205,15,34
recsys_prof_rank,205,16,61
recsys_prof_rank,205,17,18
recsys_prof_rank,205,18,125
recsys_prof_rank,205,19,51
recsys_prof_rank,205,20,53
recsys_prof_rank,206,1,180
recsys_prof_rank,206,2,102
recsys_prof_rank,206,3,17
recsys_prof_rank,206,4,34
recsys_prof_rank,206,5,18
recsys_prof_rank,206,6,19
recsys_prof_rank,206,7,53
recsys_prof_rank,206,8,93
recsys_prof_rank,206,9,125
recsys_prof_rank,206,10,51
recsys_prof_rank,206,11,1
recsys_prof_rank,206,12,151
recsys_prof_rank,206,13,11
recsys_prof_rank,206,14,20
recsys_prof_rank,206,15,3
recsys_prof_rank,206,16,9
recsys_prof_rank,206,17,22
recsys_prof_rank,206,18,37
recsys_prof_rank,206,19,31
recsys_prof_rank,206,20,48
recsys_prof_rank,207,1,2
recsys_prof_rank,207,2,133
recsys_prof_rank,207,3,166
recsys_prof_rank,207,4,111
recsys_prof_rank,207,5,108
recsys_prof_rank,207,6,106
recsys_prof_rank,207,7,110
recsys_prof_rank,207,8,107
recsys_prof_rank,207,9,57
recsys_prof_rank,207,10,109
recsys_prof_rank,207,11,104
recsys_prof_rank,207,12,152
recsys_prof_rank,207,13,143
recsys_prof_rank,207,14,130
recsys_prof_rank,207,15,10
recsys_prof_rank,207,16,147
recsys_prof_rank,207,17,26
recsys_prof_rank,207,18,80
recsys_prof_rank,207,19,92
recsys_prof_rank,207,20,1
recsys_prof_rank,208,1,22
recsys_prof_rank,208,2,31
recsys_prof_rank,208,3,145
recsys_prof_rank,208,4,26
recsys_prof_rank,208,5,66
recsys_prof_rank,208,6,9
recsys_prof_rank,208,7,2
recsys_prof_rank,208,8,86
recsys_prof_rank,208,9,10
recsys_prof_rank,208,10,46
recsys_prof_rank,208,11,51
recsys_prof_rank,208,12,32
recsys_prof_rank,208,13,84
recsys_prof_rank,208,14,1
recsys_prof_rank,208,15,68
recsys_prof_rank,208,16,138
recsys_prof_rank,208,17,17
recsys_prof_rank,208,18,11
recsys_prof_rank,208,19,18
recsys_prof_rank,208,20,3
recsys_prof_rank,209,1,180
recsys_prof_rank,209,2,102
recsys_prof_rank,209,3,169
recsys_prof_rank,209,4,22
recsys_prof_rank,209,5,17
recsys_prof_rank,209,6,1
recsys_prof_rank,209,7,9
recsys_prof_rank,209,8,51
recsys_prof_rank,209,9,11
recsys_prof_rank,209,10,2
recsys_prof_rank,209,11,20
recsys_prof_rank,209,12,18
recsys_prof_rank,209,13,37
recsys_prof_rank,209,14,32
recsys_prof_rank,209,15,34
recsys_prof_rank,209,16,19
recsys_prof_rank,209,17,31
recsys_prof_rank,209,18,46
recsys_prof_rank,209,19,49
recsys_prof_rank,209,20,3
recsys_prof_rank,210,1,2
recsys_prof_rank,210,2,57
recsys_prof_rank,210,3,152
recsys_prof_rank,210,4,9
recsys_prof_rank,210,5,192
recsys_prof_rank,210,6,133
recsys_prof_rank,210,7,143
recsys_prof_rank,210,8,1
recsys_prof_rank,210,9,11
recsys_prof_rank,210,10,166
recsys_prof_rank,210,11,26
recsys_prof_rank,210,12,10
recsys_prof_rank,210,13,19
recsys_prof_rank,210,14,84
recsys_prof_rank,210,15,20
recsys_prof_rank,210,16,80
recsys_prof_rank,210,17,43
recsys_prof_rank,210,18,71
recsys_prof_rank,210,19,92
recsys_prof_rank,210,20,63
recsys_prof_rank,211,1,1
recsys_prof_rank,211,2,17
recsys_prof_rank,211,3,176
recsys_prof_rank,211,4,22
recsys_prof_rank,211,5,11
recsys_prof_rank,211,6,9
recsys_prof_rank,211,7,20
recsys_prof_rank,211,8,49
recsys_prof_rank,211,9,34
recsys_prof_rank,211,10,2
recsys_prof_rank,211,11,18
recsys_prof_rank,211,12,19
recsys_prof_rank,211,13,51
recsys_prof_rank,211,14,31
recsys_prof_rank,211,15,37
recsys_prof_rank,211,16,46
recsys_prof_rank,211,17,3
recsys_prof_rank,211,18,53
recsys_prof_rank,211,19,66
recsys_prof_rank,211,20,48
recsys_prof_rank,212,1,17
recsys_prof_rank,212,2,102
recsys_prof_rank,212,3,20
recsys_prof_rank,212,4,93
recsys_prof_rank,212,5,61
recsys_prof_rank,212,6,71
recsys_prof_rank,212,7,37
recsys_prof_rank,212,8,151
recsys_prof_rank,212,9,34
recsys_prof_rank,212,10,53
recsys_prof_rank,212,11,10
recsys_prof_rank,212,12,15
recsys_prof_rank,212,13,19
recsys_prof_rank,212,14,160
recsys_prof_rank,212,15,18
recsys_prof_rank,212,16,51
recsys_prof_rank,212,17,80
recsys_prof_rank,212,18,178
recsys_prof_rank,212,19,125
recsys_prof_rank,212,20,3
recsys_prof_rank,213,1,133
recsys_prof_rank,213,2,2
recsys_prof_rank,213,3,108
recsys_prof_rank,213,4,166
recsys_prof_rank,213,5,110
recsys_prof_rank,213,6,107
recsys_prof_rank,213,7,111
recsys_prof_rank,213,8,104
recsys_prof_rank,213,9,152
recsys_prof_rank,213,10,106
recsys_prof_rank,213,11,109
recsys_prof_rank,213,12,57
recsys_prof_rank,213,13,143
recsys_prof_rank,213,14,147
recsys_prof_rank,213,15,130
recsys_prof_rank,213,16,10
recsys_prof_rank,213,17,26
recsys_prof_rank,213,18,80
recsys_prof_rank,213,19,66
recsys_prof_rank,213,20,1
recsys_prof_rank,214,1,20
recsys_prof_rank,214,2,37
recsys_prof_rank,214,3,17
recsys_prof_rank,214,4,71
recsys_prof_rank,214,5,61
recsys_prof_rank,214,6,15
recsys_prof_rank,214,7,10
recsys_prof_rank,214,8,59
recsys_prof_rank,214,9,169
recsys_prof_rank,214,10,80
recsys_prof_rank,214,11,183
recsys_prof_rank,214,12,102
recsys_prof_rank,214,13,93
recsys_prof_rank,214,14,143
recsys_prof_rank,214,15,161
recsys_prof_rank,214,16,34
recsys_prof_rank,214,17,53
recsys_prof_rank,214,18,142
recsys_prof_rank,214,19,18
recsys_prof_rank,214,20,19
recsys_prof_rank,215,1,2
recsys_prof_rank,215,2,133
recsys_prof_rank,215,3,166
recsys_prof_rank,215,4,110
recsys_prof_rank,215,5,104
recsys_prof_rank,215,6,108
recsys_prof_rank,215,7,111
recsys_prof_rank,215,8,109
recsys_prof_rank,215,9,107
recsys_prof_rank,215,10,106
recsys_prof_rank,215,11,57
recsys_prof_rank,215,12,152
recsys_prof_rank,215,13,143
recsys_prof_rank,215,14,130
recsys_prof_rank,215,15,10
recsys_prof_rank,215,16,147
recsys_prof_rank,215,17,26
recsys_prof_rank,215,18,80
recsys_prof_rank,215,19,1
recsys_prof_rank,215,20,66
recsys_prof_rank,216,1,108
recsys_prof_rank,216,2,106
recsys_prof_rank,216,3,133
recsys_prof_rank,216,4,20
recsys_prof_rank,216,5,2
recsys_prof_rank,216,6,130
recsys_prof_rank,216,7,147
recsys_prof_rank,216,8,71
recsys_prof_rank,216,9,19
recsys_prof_rank,216,10,166
recsys_prof_rank,216,11,63
recsys_prof_rank,216,12,57
recsys_prof_rank,216,13,111
recsys_prof_rank,216,14,110
recsys_prof_rank,216,15,104
recsys_prof_rank,216,16,1
recsys_prof_rank,216,17,107
recsys_prof_rank,216,18,109
recsys_prof_rank,216,19,26
recsys_prof_rank,216,20,11
recsys_prof_rank,217,1,59
recsys_prof_rank,217,2,3
recsys_prof_rank,217,3,62
recsys_prof_rank,217,4,20
recsys_prof_rank,217,5,37
recsys_prof_rank,217,6,48
recsys_prof_rank,217,7,161
recsys_prof_rank,217,8,34
recsys_prof_rank,217,9,53
recsys_prof_rank,217,10,17
recsys_prof_rank,217,11,18
recsys_prof_rank,217,12,36
recsys_prof_rank,217,13,15
recsys_prof_rank,217,14,1
recsys_prof_rank,217,15,10
recsys_prof_rank,217,16,19
recsys_prof_rank,217,17,2
recsys_prof_rank,217,18,76
recsys_prof_rank,217,19,11
recsys_prof_rank,217,20,9
recsys_prof_rank,218,1,48
recsys_prof_rank,218,2,59
recsys_prof_rank,218,3,161
recsys_prof_rank,218,4,18
recsys_prof_rank,218,5,50
recsys_prof_rank,218,6,17
recsys_prof_rank,218,7,1
recsys_prof_rank,218,8,10
recsys_prof_rank,218,9,32
recsys_prof_rank,218,10,15
recsys_prof_rank,218,11,11
recsys_prof_rank,218,12,43
recsys_prof_rank,218,13,12
recsys_prof_rank,218,14,53
recsys_prof_rank,218,15,19
recsys_prof_rank,218,16,37
recsys_prof_rank,218,17,26
recsys_prof_rank,218,18,3
recsys_prof_rank,218,19,69
recsys_prof_rank,218,20,81
recsys_prof_rank,219,1,36
recsys_prof_rank,219,2,61
recsys_prof_rank,219,3,62
recsys_prof_rank,219,4,102
recsys_prof_rank,219,5,34
recsys_prof_rank,219,6,71
recsys_prof_rank,219,7,125
recsys_prof_rank,219,8,53
recsys_prof_rank,219,9,189
recsys_prof_rank,219,10,66
recsys_prof_rank,219,11,161
recsys_prof_rank,219,12,2
recsys_prof_rank,219,13,22
recsys_prof_rank,219,14,57
recsys_prof_rank,219,15,17
recsys_prof_rank,219,16,1
recsys_prof_rank,219,17,26
recsys_prof_rank,219,18,15
recsys_prof_rank,219,19,10
recsys_prof_rank,219,20,11
recsys_prof_rank,220,1,22
recsys_prof_rank,220,2,176
recsys_prof_rank,220,3,17
recsys_prof_rank,220,4,1
recsys_prof_rank,220,5,11
recsys_prof_rank,220,6,18
recsys_prof_rank,220,7,34
recsys_prof_rank,220,8,49
recsys_prof_rank,220,9,9
recsys_prof_rank,220,10,20
recsys_prof_rank,220,11,19
recsys_prof_rank,220,12,53
recsys_prof_rank,220,13,51
recsys_prof_rank,220,14,31
recsys_prof_rank,220,15,86
recsys_prof_rank,220,16,2
recsys_prof_rank,220,17,32
recsys_prof_rank,220,18,37
recsys_prof_rank,220,19,3
recsys_prof_rank,220,20,46
recsys_prof_rank,221,1,9
recsys_prof_rank,221,2,84
recsys_prof_rank,221,3,22
recsys_prof_rank,221,4,145
recsys_prof_rank,221,5,26
recsys_prof_rank,221,6,46
recsys_prof_rank,221,7,2
recsys_prof_rank,221,8,32
recsys_prof_rank,221,9,31
recsys_prof_rank,221,10,92
recsys_prof_rank,221,11,68
recsys_prof_rank,221,12,103
recsys_prof_rank,221,13,66
recsys_prof_rank,221,14,10
recsys_prof_rank,221,15,57
recsys_prof_rank,221,16,174
recsys_prof_rank,221,17,43
recsys_prof_rank,221,18,1
recsys_prof_rank,221,19,11
recsys_prof_rank,221,20,138
recsys_prof_rank,222,1,69
recsys_prof_rank,222,2,50
recsys_prof_rank,222,3,12
recsys_prof_rank,222,4,63
recsys_prof_rank,222,5,81
recsys_prof_rank,222,6,73
recsys_prof_rank,222,7,114
recsys_prof_rank,222,8,194
recsys_prof_rank,222,9,165
recsys_prof_rank,222,10,43
recsys_prof_rank,222,11,141
recsys_prof_rank,222,12,150
recsys_prof_rank,222,13,126
recsys_prof_rank,222,14,46
recsys_prof_rank,222,15,3
recsys_prof_rank,222,16,59
recsys_prof_rank,222,17,48
recsys_prof_rank,222,18,17
recsys_prof_rank,222,19,1
recsys_prof_rank,222,20,19
recsys_prof_rank,223,1,22
recsys_prof_rank,223,2,9
recsys_prof_rank,223,3,32
recsys_prof_rank,223,4,84
recsys_prof_rank,223,5,46
recsys_prof_rank,223,6,68
recsys_prof_rank,223,7,174
recsys_prof_rank,223,8,31
recsys_prof_rank,223,9,199
recsys_prof_rank,223,10,26
recsys_prof_rank,223,11,103
recsys_prof_rank,223,12,145
recsys_prof_rank,223,13,66
recsys_prof_rank,223,14,10
recsys_prof_rank,223,15,15
recsys_prof_rank,223,16,51
recsys_prof_rank,223,17,17
recsys_prof_rank,223,18,86
recsys_prof_rank,223,19,1
recsys_prof_rank,223,20,18
recsys_prof_rank,224,1,1
recsys_prof_rank,224,2,11
recsys_prof_rank,224,3,66
recsys_prof_rank,224,4,119
recsys_prof_rank,224,5,9
recsys_prof_rank,224,6,113
recsys_prof_rank,224,7,84
recsys_prof_rank,224,8,92
recsys_prof_rank,224,9,138
recsys_prof_rank,224,10,145
recsys_prof_rank,224,11,34
recsys_prof_rank,224,12,2
recsys_prof_rank,224,13,17
recsys_prof_rank,224,14,53
recsys_prof_rank,224,15,18
recsys_prof_rank,224,16,22
recsys_prof_rank,224,17,26
recsys_prof_rank,224,18,19
recsys_prof_rank,224,19,3
recsys_prof_rank,224,20,10
recsys_prof_rank,225,1,36
recsys_prof_rank,225,2,61
recsys_prof_rank,225,3,189
recsys_prof_rank,225,4,34
recsys_prof_rank,225,5,71
recsys_prof_rank,225,6,62
recsys_prof_rank,225,7,66
recsys_prof_rank,225,8,53
recsys_prof_rank,225,9,125
recsys_prof_rank,225,10,102
recsys_prof_rank,225,11,161
recsys_prof_rank,225,12,165
recsys_prof_rank,225,13,180
recsys_prof_rank,225,14,17
recsys_prof_rank,225,15,20
recsys_prof_rank,225,16,2
recsys_prof_rank,225,17,26
recsys_prof_rank,225,18,10
recsys_prof_rank,225,19,22
recsys_prof_rank,225,20,19
recsys_prof_rank,226,1,36
recsys_prof_rank,226,2,61
recsys_prof_rank,226,3,62
recsys_prof_rank,226,4,102
recsys_prof_rank,226,5,34
recsys_prof_rank,226,6,71
recsys_prof_rank,226,7,53
recsys_prof_rank,226,8,66
recsys_prof_rank,226,9,125
recsys_prof_rank,226,10,161
recsys_prof_rank,226,11,189
recsys_prof_rank,226,12,165
recsys_prof_rank,226,13,1
recsys_prof_rank,226,14,26
recsys_prof_rank,226,15,17
recsys_prof_rank,226,16,15
recsys_prof_rank,226,17,10
recsys_prof_rank,226,18,2
recsys_prof_rank,226,19,20
recsys_prof_rank,226,20,19
recsys_prof_rank,227,1,110
recsys_prof_rank,227,2,111
recsys_prof_rank,227,3,104
recsys_prof_rank,227,4,107
recsys_prof_rank,227,5,109
recsys_prof_rank,227,6,2
recsys_prof_rank,227,7,133
recsys_prof_rank,227,8,166
recsys_prof_rank,227,9,10
recsys_prof_rank,227,10,26
recsys_prof_rank,227,11,15
recsys_prof_rank,227,12,66
recsys_prof_rank,227,13,80
recsys_prof_rank,227,14,108
recsys_prof_rank,227,15,101
recsys_prof_rank,227,16,57
recsys_prof_rank,227,17,92
recsys_prof_rank,227,18,106
recsys_prof_rank,227,19,27
recsys_prof_rank,227,20,1
recsys_prof_rank,228,1,9
recsys_prof_rank,228,2,84
recsys_prof_rank,228,3,22
recsys_prof_rank,228,4,32
recsys_prof_rank,228,5,103
recsys_prof_rank,228,6,46
recsys_prof_rank,228,7,68
recsys_prof_rank,228,8,191
recsys_prof_rank,228,9,174
recsys_prof_rank,228,10,199
recsys_prof_rank,228,11,26
recsys_prof_rank,228,12,43
recsys_prof_rank,228,13,31
recsys_prof_rank,228,14,150
recsys_prof_rank,228,15,2
recsys_prof_rank,228,16,118
recsys_prof_rank,228,17,15
recsys_prof_rank,228,18,66
recsys_prof_rank,228,19,10
recsys_prof_rank,228,20,57
recsys_prof_rank,229,1,110
recsys_prof_rank,229,2,106
recsys_prof_rank,229,3,111
recsys_prof_rank,229,4,108
recsys_prof_rank,229,5,101
recsys_prof_rank,229,6,15
recsys_prof_rank,229,7,27
recsys_prof_rank,229,8,109
recsys_prof_rank,229,9,107
recsys_prof_rank,229,10,104
recsys_prof_rank,229,11,2
recsys_prof_rank,229,12,133
recsys_prof_rank,229,13,129
recsys_prof_rank,229,14,123
recsys_prof_rank,229,15,130
recsys_prof_rank,229,16,22
recsys_prof_rank,229,17,76
recsys_prof_rank,229,18,83
recsys_prof_rank,229,19,26
recsys_prof_rank,229,20,10
recsys_prof_rank,230,1,36
recsys_prof_rank,230,2,61
recsys_prof_rank,230,3,34
recsys_prof_rank,230,4,189
recsys_prof_rank,230,5,71
recsys_prof_rank,230,6,53
recsys_prof_rank,230,7,62
recsys_prof_rank,230,8,66
recsys_prof_rank,230,9,102
recsys_prof_rank,230,10,125
recsys_prof_rank,230,11,161
recsys_prof_rank,230,12,165
recsys_prof_rank,230,13,180
recsys_prof_rank,230,14,17
recsys_prof_rank,230,15,9
recsys_prof_rank,230,16,22
recsys_prof_rank,230,17,2
recsys_prof_rank,230,18,15
recsys_prof_rank,230,19,10
recsys_prof_rank,230,20,20
recsys_prof_rank,231,1,50
recsys_prof_rank,231,2,69
recsys_prof_rank,231,3,12
recsys_prof_rank,231,4,73
recsys_prof_rank,231,5,63
recsys_prof_rank,231,6,81
recsys_prof_rank,231,7,114
recsys_prof_rank,231,8,43
recsys_prof_rank,231,9,141
recsys_prof_rank,231,10,194
recsys_prof_rank,231,11,165
recsys_prof_rank,231,12,126
recsys_prof_rank,231,13,46
recsys_prof_rank,231,14,3
recsys_prof_rank,231,15,59
recsys_prof_rank,231,16,48
recsys_prof_rank,231,17,17
recsys_prof_rank,231,18,19
recsys_prof_rank,231,19,11
recsys_prof_rank,231,20,10
recsys_prof_rank,232,1,50
recsys_prof_rank,232,2,12
recsys_prof_rank,232,3,69
recsys_prof_rank,232,4,73
recsys_prof_rank,232,5,81
recsys_prof_rank,232,6,63
recsys_prof_rank,232,7,43
recsys_prof_rank,232,8,114
recsys_prof_rank,232,9,141
recsys_prof_rank,232,10,46
recsys_prof_rank,232,11,150
recsys_prof_rank,232,12,194
recsys_prof_rank,232,13,126
recsys_prof_rank,232,14,165
recsys_prof_rank,232,15,159
recsys_prof_rank,232,16,3
recsys_prof_rank,232,17,48
recsys_prof_rank,232,18,1
recsys_prof_rank,232,19,17
recsys_prof_rank,232,20,59
recsys_prof_rank,233,1,17
recsys_prof_rank,233,2,93
recsys_prof_rank,233,3,151
recsys_prof_rank,233,4,18
recsys_prof_rank,233,5,51
recsys_prof_rank,233,6,34
recsys_prof_rank,233,7,20
recsys_prof_rank,233,8,19
recsys_prof_rank,233,9,37
recsys_prof_rank,233,10,169
recsys_prof_rank,233,11,125
recsys_prof_rank,233,12,15
recsys_prof_rank,233,13,160
recsys_prof_rank,233,14,183
recsys_prof_rank,233,15,53
recsys_prof_rank,233,16,10
recsys_prof_rank,233,17,80
recsys_prof_rank,233,18,71
recsys_prof_rank,233,19,22
recsys_prof_rank,233,20,1
recsys_prof_rank,234,1,50
recsys_prof_rank,234,2,69
recsys_prof_rank,234,3,12
recsys_prof_rank,234,4,73
recsys_prof_rank,234,5,81
recsys_prof_rank,234,6,63
recsys_prof_rank,234,7,114
recsys_prof_rank,234,8,43
recsys_prof_rank,234,9,141
recsys_prof_rank,234,10,194
recsys_prof_rank,234,11,46
recsys_prof_rank,234,12,126
recsys_prof_rank,234,13,17
recsys_prof_rank,234,14,3
recsys_prof_rank,234,15,59
recsys_prof_rank,234,16,18
recsys_prof_rank,234,17,1
recsys_prof_rank,234,18,48
recsys_prof_rank,234,19,10
recsys_prof_rank,234,20,11
recsys_prof_rank,235,1,17
recsys_prof_rank,235,2,151
recsys_prof_rank,235,3,93
recsys_prof_rank,235,4,18
recsys_prof_rank,235,5,34
recsys_prof_rank,235,6,37
recsys_prof_rank,235,7,20
recsys_prof_rank,235,8,19
recsys_prof_rank,235,9,51
recsys_prof_rank,235,10,53
recsys_prof_rank,235,11,125
recsys_prof_rank,235,12,10
recsys_prof_rank,235,13,15
recsys_prof_rank,235,14,71
recsys_prof_rank,235,15,80
recsys_prof_rank,235,16,160
recsys_prof_rank,235,17,61
recsys_prof_rank,235,18,1
recsys_prof_rank,235,19,11
recsys_prof_rank,235,20,3
recsys_prof_rank,236,1,9
recsys_prof_rank,236,2,84
recsys_prof_rank,236,3,22
recsys_prof_rank,236,4,32
recsys_prof_rank,236,5,46
recsys_prof_rank,236,6,43
recsys_prof_rank,236,7,68
recsys_prof_rank,236,8,103
recsys_prof_rank,236,9,118
recsys_prof_rank,236,10,150
recsys_prof_rank,236,11,174
recsys_prof_rank,236,12,1
recsys_prof_rank,236,13,11
recsys_prof_rank,236,14,119
recsys_prof_rank,236,15,113
recsys_prof_rank,236,16,2
recsys_prof_rank,236,17,92
recsys_prof_rank,236,18,17
recsys_prof_rank,236,19,66
recsys_prof_rank,236,20,10
recsys_prof_rank,237,1,15
recsys_prof_rank,237,2,108
recsys_prof_rank,237,3,27
recsys_prof_rank,237,4,110
recsys_prof_rank,237,5,104
recsys_prof_rank,237,6,107
recsys_prof_rank,237,7,101
recsys_prof_rank,237,8,111
recsys_prof_rank,237,9,106
recsys_prof_rank,237,10,109
recsys_prof_rank,237,11,129
recsys_prof_rank,237,12,10
recsys_prof_rank,237,13,123
recsys_prof_rank,237,14,83
recsys_prof_rank,237,15,2
recsys_prof_rank,237,16,76
recsys_prof_rank,237,17,130
recsys_prof_rank,237,18,133
recsys_prof_rank,237,19,22
recsys_prof_rank,237,20,26
recsys_prof_rank,238,1,2
recsys_prof_rank,238,2,133
recsys_prof_rank,238,3,166
recsys_prof_rank,238,4,108
recsys_prof_rank,238,5,110
recsys_prof_rank,238,6,111
recsys_prof_rank,238,7,152
recsys_prof_rank,238,8,107
recsys_prof_rank,238,9,104
recsys_prof_rank,238,10,143
recsys_prof_rank,238,11,106
recsys_prof_rank,238,12,57
recsys_prof_rank,238,13,109
recsys_prof_rank,238,14,10
recsys_prof_rank,238,15,130
recsys_prof_rank,238,16,147
recsys_prof_rank,238,17,66
recsys_prof_rank,238,18,80
recsys_prof_rank,238,19,26
recsys_prof_rank,238,20,20
recsys_prof_rank,239,1,102
recsys_prof_rank,239,2,180
recsys_prof_rank,239,3,169
recsys_prof_rank,239,4,183
recsys_prof_rank,239,5,9
recsys_prof_rank,239,6,22
recsys_prof_rank,239,7,2
recsys_prof_rank,239,8,17
recsys_prof_rank,239,9,1
recsys_prof_rank,239,10,10
recsys_prof_rank,239,11,26
recsys_prof_rank,239,12,18
recsys_prof_rank,239,13,34
recsys_prof_rank,239,14,15
recsys_prof_rank,239,15,11
recsys_prof_rank,239,16,57
recsys_prof_rank,239,17,20
recsys_prof_rank,239,18,46
recsys_prof_rank,239,19,19
recsys_prof_rank,239,20,36
recsys_prof_rank,240,1,145
recsys_prof_rank,240,2,26
recsys_prof_rank,240,3,22
recsys_prof_rank,240,4,66
recsys_prof_rank,240,5,31
recsys_prof_rank,240,6,9
recsys_prof_rank,240,7,2
recsys_prof_rank,240,8,92
recsys_prof_rank,240,9,10
recsys_prof_rank,240,10,57
recsys_prof_rank,240,11,84
recsys_prof_rank,240,12,1
recsys_prof_rank,240,13,138
recsys_prof_rank,240,14,11
recsys_prof_rank,240,15,51
recsys_prof_rank,240,16,46
recsys_prof_rank,240,17,119
recsys_prof_rank,240,18,113
recsys_prof_rank,240,19,86
recsys_prof_rank,240,20,32
recsys_prof_rank,241,1,2
recsys_prof_rank,241,2,133
recsys_prof_rank,241,3,166
recsys_prof_rank,241,4,108
recsys_prof_rank,241,5,110
recsys_prof_rank,241,6,111
recsys_prof_rank,241,7,107
recsys_prof_rank,241,8,106
recsys_prof_rank,241,9,57
recsys_prof_rank,241,10,104
recsys_prof_rank,241,11,109
recsys_prof_rank,241,12,152
recsys_prof_rank,241,13,143
recsys_prof_rank,241,14,130
recsys_prof_rank,241,15,147
recsys_prof_rank,241,16,26
recsys_prof_rank,241,17,10
recsys_prof_rank,241,18,66
recsys_prof_rank,241,19,80
recsys_prof_rank,241,20,20
recsys_prof_rank,242,1,2
recsys_prof_rank,242,2,108
recsys_prof_rank,242,3,152
recsys_prof_rank,242,4,106
recsys_prof_rank,242,5,57
recsys_prof_rank,242,6,143
recsys_prof_rank,242,7,130
recsys_prof_rank,242,8,133
recsys_prof_rank,242,9,10
recsys_prof_rank,242,10,20
recsys_prof_rank,242,11,147
recsys_prof_rank,242,12,166
recsys_prof_rank,242,13,71
recsys_prof_rank,242,14,19
recsys_prof_rank,242,15,26
recsys_prof_rank,242,16,80
recsys_prof_rank,242,17,66
recsys_prof_rank,242,18,92
recsys_prof_rank,242,19,63
recsys_prof_rank,242,20,175
recsys_prof_rank,243,1,9
recsys_prof_rank,243,2,84
recsys_prof_rank,243,3,22
recsys_prof_rank,243,4,46
recsys_prof_rank,243,5,32
recsys_prof_rank,243,6,68
recsys_prof_rank,243,7,145
recsys_prof_rank,243,8,103
recsys_prof_rank,243,9,26
recsys_prof_rank,243,10,174
recsys_prof_rank,243,11,31
recsys_prof_rank,243,12,92
recsys_prof_rank,243,13,66
recsys_prof_rank,243,14,2
recsys_prof_rank,243,15,199
recsys_prof_rank,243,16,10
recsys_prof_rank,243,17,43
recsys_prof_rank,243,18,1
recsys_prof_rank,243,19,11
recsys_prof_rank,243,20,138
recsys_prof_rank,244,1,2
recsys_prof_rank,244,2,133
recsys_prof_rank,244,3,166
recsys_prof_rank,244,4,110
recsys_prof_rank,244,5,108
recsys_prof_rank,244,6,111
recsys_prof_rank,244,7,106
recsys_prof_rank,244,8,57
recsys_prof_rank,244,9,104
recsys_prof_rank,244,10,107
recsys_prof_rank,244,11,109
recsys_prof_rank,244,12,152
recsys_prof_rank,244,13,143
recsys_prof_rank,244,14,147
recsys_prof_rank,244,15,130
recsys_prof_rank,244,16,26
recsys_prof_rank,244,17,66
recsys_prof_rank,244,18,10
recsys_prof_rank,244,19,80
recsys_prof_rank,244,20,1
recsys_prof_rank,245,1,36
recsys_prof_rank,245,2,62
recsys_prof_rank,245,3,61
recsys_prof_rank,245,4,102
recsys_prof_rank,245,5,71
recsys_prof_rank,245,6,2
recsys_prof_rank,245,7,34
recsys_prof_rank,245,8,53
recsys_prof_rank,245,9,17
recsys_prof_rank,245,10,125
recsys_prof_rank,245,11,15
recsys_prof_rank,245,12,1
recsys_prof_rank,245,13,26
recsys_prof_rank,245,14,10
recsys_prof_rank,245,15,66
recsys_prof_rank,245,16,22
recsys_prof_rank,245,17,11
recsys_prof_rank,245,18,20
recsys_prof_rank,245,19,9
recsys_prof_rank,245,20,19
recsys_prof_rank,246,1,26
recsys_prof_rank,246,2,2
recsys_prof_rank,246,3,145
recsys_prof_rank,246,4,22
recsys_prof_rank,246,5,10
recsys_prof_rank,246,6,57
recsys_prof_rank,246,7,171
recsys_prof_rank,246,8,80
recsys_prof_rank,246,9,107
recsys_prof_rank,246,10,111
recsys_prof_rank,246,11,110
recsys_prof_rank,246,12,109
recsys_prof_rank,246,13,31
recsys_prof_rank,246,14,104
recsys_prof_rank,246,15,92
recsys_prof_rank,246,16,9
recsys_prof_rank,246,17,103
recsys_prof_rank,246,18,84
recsys_prof_rank,246,19,1
recsys_prof_rank,246,20,11
recsys_prof_rank,247,1,18
recsys_prof_rank,247,2,34
recsys_prof_rank,247,3,17
recsys_prof_rank,247,4,53
recsys_prof_rank,247,5,51
recsys_prof_rank,247,6,19
recsys_prof_rank,247,7,93
recsys_prof_rank,247,8,151
recsys_prof_rank,247,9,125
recsys_prof_rank,247,10,9
recsys_prof_rank,247,11,22
recsys_prof_rank,247,12,1
recsys_prof_rank,247,13,176
recsys_prof_rank,247,14,11
recsys_prof_rank,247,15,20
recsys_prof_rank,247,16,46
recsys_prof_rank,247,17,32
recsys_prof_rank,247,18,3
recsys_prof_rank,247,19,37
recsys_prof_rank,247,20,49
recsys_prof_rank,248,1,108
recsys_prof_rank,248,2,106
recsys_prof_rank,248,3,133
recsys_prof_rank,248,4,2
recsys_prof_rank,248,5,130
recsys_prof_rank,248,6,166
recsys_prof_rank,248,7,147
recsys_prof_rank,248,8,104
recsys_prof_rank,248,9,111
recsys_prof_rank,248,10,175
recsys_prof_rank,248,11,110
recsys_prof_rank,248,12,107
recsys_prof_rank,248,13,109
recsys_prof_rank,248,14,57
recsys_prof_rank,248,15,143
recsys_prof_rank,248,16,152
recsys_prof_rank,248,17,19
recsys_prof_rank,248,18,10
recsys_prof_rank,248,19,20
recsys_prof_rank,248,20,15
recsys_prof_rank,249,1,9
recsys_prof_rank,249,2,84
recsys_prof_rank,249,3,22
recsys_prof_rank,249,4,46
recsys_prof_rank,249,5,145
recsys_prof_rank,249,6,32
recsys_prof_rank,249,7,26
recsys_prof_rank,249,8,2
recsys_prof_rank,249,9,68
recsys_prof_rank,249,10,103
recsys_prof_rank,249,11,66
recsys_prof_rank,249,12,92
recsys_prof_rank,249,13,31
recsys_prof_rank,249,14,174
recsys_prof_rank,249,15,57
recsys_prof_rank,249,16,10
recsys_prof_rank,249,17,43
recsys_prof_rank,249,18,1
recsys_prof_rank,249,19,138
recsys_prof_rank,249,20,11
recsys_prof_rank,250,1,50
recsys_prof_rank,250,2,69
recsys_prof_rank,250,3,165
recsys_prof_rank,250,4,73
recsys_prof_rank,250,5,63
recsys_prof_rank,250,6,12
recsys_prof_rank,250,7,46
recsys_prof_rank,250,8,114
recsys_prof_rank,250,9,43
recsys_prof_rank,250,10,81
recsys_prof_rank,250,11,194
recsys_prof_rank,250,12,141
recsys_prof_rank,250,13,126
recsys_prof_rank,250,14,3
recsys_prof_rank,250,15,59
recsys_prof_rank,250,16,48
recsys_prof_rank,250,17,62
recsys_prof_rank,250,18,17
recsys_prof_rank,250,19,1
recsys_prof_rank,250,20,76
recsys_prof_rank,251,1,111
recsys_prof_rank,251,2,107
recsys_prof_rank,251,3,109
recsys_prof_rank,251,4,110
recsys_prof_rank,251,5,104
recsys_prof_rank,251,6,133
recsys_prof_rank,251,7,2
recsys_prof_rank,251,8,1
recsys_prof_rank,251,9,15
recsys_prof_rank,251,10,11
recsys_prof_rank,251,11,9
recsys_prof_rank,251,12,166
recsys_prof_rank,251,13,49
recsys_prof_rank,251,14,26
recsys_prof_rank,251,15,10
recsys_prof_rank,251,16,108
recsys_prof_rank,251,17,27
recsys_prof_rank,251,18,57
recsys_prof_rank,251,19,101
recsys_prof_rank,251,20,92
recsys_prof_rank,252,1,36
recsys_prof_rank,252,2,61
recsys_prof_rank,252,3,34
recsys_prof_rank,252,4,62
recsys_prof_rank,252,5,102
recsys_prof_rank,252,6,53
recsys_prof_rank,252,7,71
recsys_prof_rank,252,8,125
recsys_prof_rank,252,9,165
recsys_prof_rank,252,10,66
recsys_prof_rank,252,11,22
recsys_prof_rank,252,12,9
recsys_prof_rank,252,13,2
recsys_prof_rank,252,14,17
recsys_prof_rank,252,15,1
recsys_prof_rank,252,16,10
recsys_prof_rank,252,17,18
recsys_prof_rank,252,18,26
recsys_prof_rank,252,19,11
recsys_prof_rank,252,20,15
recsys_prof_rank,253,1,9
recsys_prof_rank,253,2,84
recsys_prof_rank,253,3,22
recsys_prof_rank,253,4,32
recsys_prof_rank,253,5,46
recsys_prof_rank,253,6,68
recsys_prof_rank,253,7,103
recsys_prof_rank,253,8,145
recsys_prof_rank,253,9,26
recsys_prof_rank,253,10,66
recsys_prof_rank,253,11,92
recsys_prof_rank,253,12,31
recsys_prof_rank,253,13,174
recsys_prof_rank,253,14,2
recsys_prof_rank,253,15,199
recsys_prof_rank,253,16,10
recsys_prof_rank,253,17,43
recsys_prof_rank,253,18,1
recsys_prof_rank,253,19,138
recsys_prof_rank,253,20,11
recsys_prof_rank,254,1,36
recsys_prof_rank,254,2,61
recsys_prof_rank,254,3,62
recsys_prof_rank,254,4,102
recsys_prof_rank,254,5,34
recsys_prof_rank,254,6,53
recsys_prof_rank,254,7,71
recsys_prof_rank,254,8,125
recsys_prof_rank,254,9,189
recsys_prof_rank,254,10,66
recsys_prof_rank,254,11,161
recsys_prof_rank,254,12,165
recsys_prof_rank,254,13,2
recsys_prof_rank,254,14,22
recsys_prof_rank,254,15,17
recsys_prof_rank,254,16,26
recsys_prof_rank,254,17,1
recsys_prof_rank,254,18,11
recsys_prof_rank,254,19,9
recsys_prof_rank,254,20,10
recsys_prof_rank,255,1,50
recsys_prof_rank,255,2,69
recsys_prof_rank,255,3,12
recsys_prof_rank,255,4,81
recsys_prof_rank,255,5,63
recsys_prof_rank,255,6,194
recsys_prof_rank,255,7,114
recsys_prof_rank,255,8,73
recsys_prof_rank,255,9,165
recsys_prof_rank,255,10,141
recsys_prof_rank,255,11,43
recsys_prof_rank,255,12,159
recsys_prof_rank,255,13,177
recsys_prof_rank,255,14,150
recsys_prof_rank,255,15,126
recsys_prof_rank,255,16,46
recsys_prof_rank,255,17,59
recsys_prof_rank,255,18,48
recsys_prof_rank,255,19,1
recsys_prof_rank,255,20,11
recsys_prof_rank,256,1,2
recsys_prof_rank,256,2,152
recsys_prof_rank,256,3,57
recsys_prof_rank,256,4,9
recsys_prof_rank,256,5,143
recsys_prof_rank,256,6,133
recsys_prof_rank,256,7,192
recsys_prof_rank,256,8,1
recsys_prof_rank,256,9,10
recsys_prof_rank,256,10,166
recsys_prof_rank,256,11,11
recsys_prof_rank,256,12,80
recsys_prof_rank,256,13,20
recsys_prof_rank,256,14,26
recsys_prof_rank,256,15,71
recsys_prof_rank,256,16,92
recsys_prof_rank,256,17,19
recsys_prof_rank,256,18,43
recsys_prof_rank,256,19,63
recsys_prof_rank,256,20,66
recsys_prof_rank,257,1,50
recsys_prof_rank,257,2,69
recsys_prof_rank,257,3,12
recsys_prof_rank,257,4,81
recsys_prof_rank,257,5,114
recsys_prof_rank,257,6,73
recsys_prof_rank,257,7,63
recsys_prof_rank,257,8,43
recsys_prof_rank,257,9,141
recsys_prof_rank,257,10,194
recsys_prof_rank,257,11,150
recsys_prof_rank,257,12,46
recsys_prof_rank,257,13,177
recsys_prof_rank,257,14,159
recsys_prof_rank,257,15,126
recsys_prof_rank,257,16,3
recsys_prof_rank,257,17,1
recsys_prof_rank,257,18,11
recsys_prof_rank,257,19,17
recsys_prof_rank,257,20,18
recsys_prof_rank,258,1,9
recsys_prof_rank,258,2,84
recsys_prof_rank,258,3,22
recsys_prof_rank,258,4,46
recsys_prof_rank,258,5,32
recsys_prof_rank,258,6,103
recsys_prof_rank,258,7,68
recsys_prof_rank,258,8,145
recsys_prof_rank,258,9,26
recsys_prof_rank,258,10,66
recsys_prof_rank,258,11,2
recsys_prof_rank,258,12,174
recsys_prof_rank,258,13,31
recsys_prof_rank,258,14,92
recsys_prof_rank,258,15,10
recsys_prof_rank,258,16,199
recsys_prof_rank,258,17,57
recsys_prof_rank,258,18,43
recsys_prof_rank,258,19,1
recsys_prof_rank,258,20,11
recsys_prof_rank,259,1,22
recsys_prof_rank,259,2,9
recsys_prof_rank,259,3,84
recsys_prof_rank,259,4,32
recsys_prof_rank,259,5,46
recsys_prof_rank,259,6,68
recsys_prof_rank,259,7,103
recsys_prof_rank,259,8,26
recsys_prof_rank,259,9,2
recsys_prof_rank,259,10,191
recsys_prof_rank,259,11,174
recsys_prof_rank,259,12,31
recsys_prof_rank,259,13,15
recsys_prof_rank,259,14,57
recsys_prof_rank,259,15,199
recsys_prof_rank,259,16,10
recsys_prof_rank,259,17,145
recsys_prof_rank,259,18,43
recsys_prof_rank,259,19,118
recsys_prof_rank,259,20,126
recsys_prof_rank,260,1,36
recsys_prof_rank,260,2,62
recsys_prof_rank,260,3,2
recsys_prof_rank,260,4,17
recsys_prof_rank,260,5,61
recsys_prof_rank,260,6,1
recsys_prof_rank,260,7,22
recsys_prof_rank,260,8,9
recsys_prof_rank,260,9,10
recsys_prof_rank,260,10,26
recsys_prof_rank,260,11,15
recsys_prof_rank,260,12,20
recsys_prof_rank,260,13,11
recsys_prof_rank,260,14,18
recsys_prof_rank,260,15,57
recsys_prof_rank,260,16,102
recsys_prof_rank,260,17,37
recsys_prof_rank,260,18,19
recsys_prof_rank,260,19,31
recsys_prof_rank,260,20,3
recsys_prof_rank,261,1,36
recsys_prof_rank,261,2,61
recsys_prof_rank,261,3,62
recsys_prof_rank,261,4,34
recsys_prof_rank,261,5,53
recsys_prof_rank,261,6,102
recsys_prof_rank,261,7,71
recsys_prof_rank,261,8,66
recsys_prof_rank,261,9,125
recsys_prof_rank,261,10,189
recsys_prof_rank,261,11,161
recsys_prof_rank,261,12,165
recsys_prof_rank,261,13,180
recsys_prof_rank,261,14,17
recsys_prof_rank,261,15,20
recsys_prof_rank,261,16,2
recsys_prof_rank,261,17,1
recsys_prof_rank,261,18,26
recsys_prof_rank,261,19,19
recsys_prof_rank,261,20,11
recsys_prof_rank,262,1,145
recsys_prof_rank,262,2,22
recsys_prof_rank,262,3,9
recsys_prof_rank,262,4,26
recsys_prof_rank,262,5,31
recsys_prof_rank,262,6,2
recsys_prof_rank,262,7,92
recsys_prof_rank,262,8,84
recsys_prof_rank,262,9,66
recsys_prof_rank,262,10,10
recsys_prof_rank,262,11,57
recsys_prof_rank,262,12,1
recsys_prof_rank,262,13,138
recsys_prof_rank,262,14,11
recsys_prof_rank,262,15,51
recsys_prof_rank,262,16,46
recsys_prof_rank,262,17,86
recsys_prof_rank,262,18,32
recsys_prof_rank,262,19,113
recsys_prof_rank,262,20,119
recsys_prof_rank,263,1,169
recsys_prof_rank,263,2,183
recsys_prof_rank,263,3,160
recsys_prof_rank,263,4,9
recsys_prof_rank,263,5,20
recsys_prof_rank,263,6,37
recsys_prof_rank,263,7,22
recsys_prof_rank,263,8,59
recsys_prof_rank,263,9,17
recsys_prof_rank,263,10,18
recsys_prof_rank,263,11,1
recsys_prof_rank,263,12,51
recsys_prof_rank,263,13,2
recsys_prof_rank,263,14,32
recsys_prof_rank,263,15,34
recsys_prof_rank,263,16,10
recsys_prof_rank,263,17,15
recsys_prof_rank,263,18,11
recsys_prof_rank,263,19,26
recsys_prof_rank,263,20,19
recsys_prof_rank,264,1,26
recsys_prof_rank,264,2,145
recsys_prof_rank,264,3,2
recsys_prof_rank,264,4,22
recsys_prof_rank,264,5,10
recsys_prof_rank,264,6,80
recsys_prof_rank,264,7,66
recsys_prof_rank,264,8,171
recsys_prof_rank,264,9,110
recsys_prof_rank,264,10,31
recsys_prof_rank,264,11,57
recsys_prof_rank,264,12,92
recsys_prof_rank,264,13,111
recsys_prof_rank,264,14,104
recsys_prof_rank,264,15,84
recsys_prof_rank,264,16,9
recsys_prof_rank,264,17,103
recsys_prof_rank,264,18,138
recsys_prof_rank,264,19,1
recsys_prof_rank,264,20,11
recsys_prof_rank,265,1,2
recsys_prof_rank,265,2,133
recsys_prof_rank,265,3,166
recsys_prof_rank,265,4,111
recsys_prof_rank,265,5,108
recsys_prof_rank,265,6,109
recsys_prof_rank,265,7,110
recsys_prof_rank,265,8,104
recsys_prof_rank,265,9,107
recsys_prof_rank,265,10,57
recsys_prof_rank,265,11,106
recsys_prof_rank,265,12,152
recsys_prof_rank,265,13,143
recsys_prof_rank,265,14,130
recsys_prof_rank,265,15,10
recsys_prof_rank,265,16,147
recsys_prof_rank,265,17,26
recsys_prof_rank,265,18,80
recsys_prof_rank,265,19,9
recsys_prof_rank,265,20,66
recsys_prof_rank,266,1,9
recsys_prof_rank,266,2,84
recsys_prof_rank,266,3,22
recsys_prof_rank,266,4,46
recsys_prof_rank,266,5,145
recsys_prof_rank,266,6,32
recsys_prof_rank,266,7,103
recsys_prof_rank,266,8,26
recsys_prof_rank,266,9,66
recsys_prof_rank,266,10,68
recsys_prof_rank,266,11,31
recsys_prof_rank,266,12,92
recsys_prof_rank,266,13,2
recsys_prof_rank,266,14,174
recsys_prof_rank,266,15,199
recsys_prof_rank,266,16,10
recsys_prof_rank,266,17,43
recsys_prof_rank,266,18,138
recsys_prof_rank,266,19,1
recsys_prof_rank,266,20,11
recsys_prof_rank,267,1,36
recsys_prof_rank,267,2,165
recsys_prof_rank,267,3,61
recsys_prof_rank,267,4,34
recsys_prof_rank,267,5,71
recsys_prof_rank,267,6,53
recsys_prof_rank,267,7,125
recsys_prof_rank,267,8,66
recsys_prof_rank,267,9,62
recsys_prof_rank,267,10,189
recsys_prof_rank,267,11,1
recsys_prof_rank,267,12,2
recsys_prof_rank,267,13,20
recsys_prof_rank,267,14,17
recsys_prof_rank,267,15,46
recsys_prof_rank,267,16,26
recsys_prof_rank,267,17,15
recsys_prof_rank,267,18,10
recsys_prof_rank,267,19,3
recsys_prof_rank,267,20,19
recsys_prof_rank,268,1,36
recsys_prof_rank,268,2,61
recsys_prof_rank,268,3,62
recsys_prof_rank,268,4,34
recsys_prof_rank,268,5,102
recsys_prof_rank,268,6,53
recsys_prof_rank,268,7,71
recsys_prof_rank,268,8,189
recsys_prof_rank,268,9,125
recsys_prof_rank,268,10,66
recsys_prof_rank,268,11,22
recsys_prof_rank,268,12,9
recsys_prof_rank,268,13,2
recsys_prof_rank,268,14,17
recsys_prof_rank,268,15,10
recsys_prof_rank,268,16,18
recsys_prof_rank,268,17,26
recsys_prof_rank,268,18,1
recsys_prof_rank,268,19,11
recsys_prof_rank,268,20,57
recsys_prof_rank,269,1,17
recsys_prof_rank,269,2,20
recsys_prof_rank,269,3,37
recsys_prof_rank,269,4,160
recsys_prof_rank,269,5,10
recsys_prof_rank,269,6,93
recsys_prof_rank,269,7,183
recsys_prof_rank,269,8,102
recsys_prof_rank,269,9,15
recsys_prof_rank,269,10,71
recsys_prof_rank,269,11,169
recsys_prof_rank,269,12,151
recsys_prof_rank,269,13,80
recsys_prof_rank,269,14,18
recsys_prof_rank,269,15,34
recsys_prof_rank,269,16,61
recsys_prof_rank,269,17,53
recsys_prof_rank,269,18,19
recsys_prof_rank,269,19,51
recsys_prof_rank,269,20,125
recsys_prof_rank,270,1,108
recsys_prof_rank,270,2,106
recsys_prof_rank,270,3,2
recsys_prof_rank,270,4,133
recsys_prof_rank,270,5,130
recsys_prof_rank,270,6,147
recsys_prof_rank,270,7,57
recsys_prof_rank,270,8,166
recsys_prof_rank,270,9,111
recsys_prof_rank,270,10,110
recsys_prof_rank,270,11,109
recsys_prof_rank,270,12,104
recsys_prof_rank,270,13,107
recsys_prof_rank,270,14,152
recsys_prof_rank,270,15,175
recsys_prof_rank,270,16,143
recsys_prof_rank,270,17,26
recsys_prof_rank,270,18,10
recsys_prof_rank,270,19,15
recsys_prof_rank,270,20,27
recsys_prof_rank,271,1,9
recsys_prof_rank,271,2,84
recsys_prof_rank,271,3,103
recsys_prof_rank,271,4,22
recsys_prof_rank,271,5,32
recsys_prof_rank,271,6,26
recsys_prof_rank,271,7,68
recsys_prof_rank,271,8,46
recsys_prof_rank,271,9,43
recsys_prof_rank,271,10,2
recsys_prof_rank,271,11,118
recsys_prof_rank,271,12,150
recsys_prof_rank,271,13,145
recsys_prof_rank,271,14,10
recsys_prof_rank,271,15,191
recsys_prof_rank,271,16,80
recsys_prof_rank,271,17,57
recsys_prof_rank,271,18,31
recsys_prof_rank,271,19,1
recsys_prof_rank,271,20,11
recsys_prof_rank,272,1,133
recsys_prof_rank,272,2,2
recsys_prof_rank,272,3,166
recsys_prof_rank,272,4,110
recsys_prof_rank,272,5,107
recsys_prof_rank,272,6,108
recsys_prof_rank,272,7,109
recsys_prof_rank,272,8,111
recsys_prof_rank,272,9,106
recsys_prof_rank,272,10,104
recsys_prof_rank,272,11,57
recsys_prof_rank,272,12,152
recsys_prof_rank,272,13,130
recsys_prof_rank,272,14,147
recsys_prof_rank,272,15,143
recsys_prof_rank,272,16,26
recsys_prof_rank,272,17,10
recsys_prof_rank,272,18,175
recsys_prof_rank,272,19,80
recsys_prof_rank,272,20,66
recsys_prof_rank,273,1,36
recsys_prof_rank,273,2,34
recsys_prof_rank,273,3,9
recsys_prof_rank,273,4,53
recsys_prof_rank,273,5,22
recsys_prof_rank,273,6,125
recsys_prof_rank,273,7,71
recsys_prof_rank,273,8,2
recsys_prof_rank,273,9,66
recsys_prof_rank,273,10,61
recsys_prof_rank,273,11,1
recsys_prof_rank,273,12,62
recsys_prof_rank,273,13,26
recsys_prof_rank,273,14,17
recsys_prof_rank,273,15,102
recsys_prof_rank,273,16,10
recsys_prof_rank,273,17,11
recsys_prof_rank,273,18,20
recsys_prof_rank,273,19,31
recsys_prof_rank,273,20,19
recsys_prof_rank,274,1,50
recsys_prof_rank,274,2,12
recsys_prof_rank,274,3,69
recsys_prof_rank,274,4,63
recsys_prof_rank,274,5,81
recsys_prof_rank,274,6,46
recsys_prof_rank,274,7,73
recsys_prof_rank,274,8,165
recsys_prof_rank,274,9,114
recsys_prof_rank,274,10,43
recsys_prof_rank,274,11,194
recsys_prof_rank,274,12,159
recsys_prof_rank,274,13,141
recsys_prof_rank,274,14,150
recsys_prof_rank,274,15,126
recsys_prof_rank,274,16,177
recsys_prof_rank,274,17,3
recsys_prof_rank,274,18,62
recsys_prof_rank,274,19,76
recsys_prof_rank,274,20,1
recsys_prof_rank,275,1,145
recsys_prof_rank,275,2,26
recsys_prof_rank,275,3,22
recsys_prof_rank,275,4,66
recsys_prof_rank,275,5,9
recsys_prof_rank,275,6,31
recsys_prof_rank,275,7,92
recsys_prof_rank,275,8,84
recsys_prof_rank,275,9,2
recsys_prof_rank,275,10,138
recsys_prof_rank,275,11,1
recsys_prof_rank,275,12,10
recsys_prof_rank,275,13,57
recsys_prof_rank,275,14,11
recsys_prof_rank,275,15,51
recsys_prof_rank,275,16,46
recsys_prof_rank,275,17,119
recsys_prof_rank,275,18,32
recsys_prof_rank,275,19,86
recsys_prof_rank,275,20,113
recsys_prof_rank,276,1,36
recsys_prof_rank,276,2,9
recsys_prof_rank,276,3,61
recsys_prof_rank,276,4,22
recsys_prof_rank,276,5,17
recsys_prof_rank,276,6,2
recsys_prof_rank,276,7,1
recsys_prof_rank,276,8,62
recsys_prof_rank,276,9,10
recsys_prof_rank,276,10,20
recsys_prof_rank,276,11,18
recsys_prof_rank,276,12,34
recsys_prof_rank,276,13,26
recsys_prof_rank,276,14,11
recsys_prof_rank,276,15,102
recsys_prof_rank,276,16,15
recsys_prof_rank,276,17,53
recsys_prof_rank,276,18,46
recsys_prof_rank,276,19,37
recsys_prof_rank,276,20,19
recsys_prof_rank,277,1,20
recsys_prof_rank,277,2,37
recsys_prof_rank,277,3,17
recsys_prof_rank,277,4,169
recsys_prof_rank,277,5,183
recsys_prof_rank,277,6,93
recsys_prof_rank,277,7,151
recsys_prof_rank,277,8,34
recsys_prof_rank,277,9,61
recsys_prof_rank,277,10,71
recsys_prof_rank,277,11,53
recsys_prof_rank,277,12,160
recsys_prof_rank,277,13,10
recsys_prof_rank,277,14,51
recsys_prof_rank,277,15,19
recsys_prof_rank,277,16,176
recsys_prof_rank,277,17,18
recsys_prof_rank,277,18,15
recsys_prof_rank,277,19,80
recsys_prof_rank,277,20,59
recsys_prof_rank,278,1,69
recsys_prof_rank,278,2,12
recsys_prof_rank,278,3,63
recsys_prof_rank,278,4,50
recsys_prof_rank,278,5,46
recsys_prof_rank,278,6,81
recsys_prof_rank,278,7,114
recsys_prof_rank,278,8,73
recsys_prof_rank,278,9,194
recsys_prof_rank,278,10,141
recsys_prof_rank,278,11,165
recsys_prof_rank,278,12,150
recsys_prof_rank,278,13,43
recsys_prof_rank,278,14,126
recsys_prof_rank,278,15,159
recsys_prof_rank,278,16,3
recsys_prof_rank,278,17,37
recsys_prof_rank,278,18,20
recsys_prof_rank,278,19,62
recsys_prof_rank,278,20,17
recsys_prof_rank,279,1,36
recsys_prof_rank,279,2,61
recsys_prof_rank,279,3,62
recsys_prof_rank,279,4,102
recsys_prof_rank,279,5,34
recsys_prof_rank,279,6,71
recsys_prof_rank,279,7,53
recsys_prof_rank,279,8,125
recsys_prof_rank,279,9,66
recsys_prof_rank,279,10,189
recsys_prof_rank,279,11,161
recsys_prof_rank,279,12,165
recsys_prof_rank,279,13,2
recsys_prof_rank,279,14,17
recsys_prof_rank,279,15,15
recsys_prof_rank,279,16,1
recsys_prof_rank,279,17,22
recsys_prof_rank,279,18,26
recsys_prof_rank,279,19,11
recsys_prof_rank,279,20,10
recsys_prof_rank,280,1,9
recsys_prof_rank,280,2,84
recsys_prof_rank,280,3,103
recsys_prof_rank,280,4,43
recsys_prof_rank,280,5,118
recsys_prof_rank,280,6,150
recsys_prof_rank,280,7,22
recsys_prof_rank,280,8,46
recsys_prof_rank,280,9,32
recsys_prof_rank,280,10,68
recsys_prof_rank,280,11,141
recsys_prof_rank,280,12,1
recsys_prof_rank,280,13,2
recsys_prof_rank,280,14,26
recsys_prof_rank,280,15,11
recsys_prof_rank,280,16,66
recsys_prof_rank,280,17,10
recsys_prof_rank,280,18,80
recsys_prof_rank,280,19,36
recsys_prof_rank,280,20,57
stable_matching,131,1,169
stable_matching,131,2,20
stable_matching,131,3,37
stable_matching,131,4,183
stable_matching,131,5,17
stable_matching,131,6,160
stable_matching,131,7,93
stable_matching,131,8,10
stable_matching,131,9,18
stable_matching,131,10,34
stable_matching,131,11,15
stable_matching,131,12,19
stable_matching,131,13,151
stable_matching,131,14,53
stable_matching,131,15,71
stable_matching,131,16,51
stable_matching,131,17,80
stable_matching,131,18,61
stable_matching,131,19,59
stable_matching,131,20,176
stable_matching,132,1,50
stable_matching,132,2,12
stable_matching,132,3,69
stable_matching,132,4,63
stable_matching,132,5,46
stable_matching,132,6,81
stable_matching,132,7,73
stable_matching,132,8,114
stable_matching,132,9,3
stable_matching,132,10,43
stable_matching,132,11,62
stable_matching,132,12,165
stable_matching,132,13,194
stable_matching,132,14,141
stable_matching,132,15,126
stable_matching,132,16,150
stable_matching,132,17,17
stable_matching,132,18,20
stable_matching,132,19,177
stable_matching,132,20,1
stable_matching,133,1,110
stable_matching,133,2,107
stable_matching,133,3,111
stable_matching,133,4,104
stable_matching,133,5,109
stable_matching,133,6,1
stable_matching,133,7,2
stable_matching,133,8,11
stable_matching,133,9,133
stable_matching,133,10,26
stable_matching,133,11,10
stable_matching,133,12,15
stable_matching,133,13,9
stable_matching,133,14,27
stable_matching,133,15,57
stable_matching,133,16,49
stable_matching,133,17,108
stable_matching,133,18,66
stable_matching,133,19,166
stable_matching,133,20,80
stable_matching,134,1,12
stable_matching,134,2,63
stable_matching,134,3,69
stable_matching,134,4,50
stable_matching,134,5,81
stable_matching,134,6,46
stable_matching,134,7,73
stable_matching,134,8,114
stable_matching,134,9,43
stable_matching,134,10,3
stable_matching,134,11,2
stable_matching,134,12,62
stable_matching,134,13,141
stable_matching,134,14,126
stable_matching,134,15,194
stable_matching,134,16,76
stable_matching,134,17,129
stable_matching,134,18,17
stable_matching,134,19,26
stable_matching,134,20,10
stable_matching,135,1,36
stable_matching,135,2,61
stable_matching,135,3,62
stable_matching,135,4,102
stable_matching,135,5,34
stable_matching,135,6,53
stable_matching,135,7,71
stable_matching,135,8,189
stable_matching,135,9,66
stable_matching,135,10,125
stable_matching,135,11,161
stable_matching,135,12,165
stable_matching,135,13,2
stable_matching,135,14,17
stable_matching,135,15,1
stable_matching,135,16,20
stable_matching,135,17,10
stable_matching,135,18,26
stable_matching,135,19,180
stable_matching,135,20,11
stable_matching,136,1,36
stable_matching,136,2,61
stable_matching,136,3,62
stable_matching,136,4,102
stable_matching,136,5,34
stable_matching,136,6,71
stable_matching,136,7,53
stable_matching,136,8,66
stable_matching,136,9,165
stable_matching,136,10,17
stable_matching,136,11,1
stable_matching,136,12,10
stable_matching,136,13,20
stable_matching,136,14,15
stable_matching,136,15,26
stable_matching,136,16,2
stable_matching,136,17,189
stable_matching,136,18,3
stable_matching,136,19,11
stable_matching,136,20,19
stable_matching,137,1,36
stable_matching,137,2,61
stable_matching,137,3,34
stable_matching,137,4,53
stable_matching,137,5,71
stable_matching,137,6,189
stable_matching,137,7,66
stable_matching,137,8,62
stable_matching,137,9,102
stable_matching,137,10,125
stable_matching,137,11,161
stable_matching,137,12,165
stable_matching,137,13,17
stable_matching,137,14,2
stable_matching,137,15,22
stable_matching,137,16,9
stable_matching,137,17,1
stable_matching,137,18,11
stable_matching,137,19,180
stable_matching,137,20,10
stable_matching,138,1,3
stable_matching,138,2,62
stable_matching,138,3,59
stable_matching,138,4,36
stable_matching,138,5,48
stable_matching,138,6,2
stable_matching,138,7,17
stable_matching,138,8,20
stable_matching,138,9,1
stable_matching,138,10,10
stable_matching,138,11,76
stable_matching,138,12,11
stable_matching,138,13,15
stable_matching,138,14,26
stable_matching,138,15,71
stable_matching,138,16,9
stable_matching,138,17,61
stable_matching,138,18,22
stable_matching,138,19,34
stable_matching,138,20,37
stable_matching,139,1,17
stable_matching,139,2,169
stable_matching,139,3,20
stable_matching,139,4,37
stable_matching,139,5,93
stable_matching,139,6,18
stable_matching,139,7,10
stable_matching,139,8,51
stable_matching,139,9,34
stable_matching,139,10,15
stable_matching,139,11,183
stable_matching,139,12,19
stable_matching,139,13,53
stable_matching,139,14,151
stable_matching,139,15,9
stable_matching,139,16,22
stable_matching,139,17,1
stable_matching,139,18,11
stable_matching,139,19,80
stable_matching,139,20,176
stable_matching,140,1,36
stable_matching,140,2,61
stable_matching,140,3,62
stable_matching,140,4,102
stable_matching,140,5,165
stable_matching,140,6,71
stable_matching,140,7,34
stable_matching,140,8,53
stable_matching,140,9,66
stable_matching,140,10,17
stable_matching,140,11,1
stable_matching,140,12,10
stable_matching,140,13,2
stable_matching,140,14,26
stable_matching,140,15,15
stable_matching,140,16,20
stable_matching,140,17,189
stable_matching,140,18,3
stable_matching,140,19,9
stable_matching,140,20,22
stable_matching,141,1,2
stable_matching,141,2,133
stable_matching,141,3,166
stable_matching,141,4,110
stable_matching,141,5,111
stable_matching,141,6,108
stable_matching,141,7,106
stable_matching,141,8,107
stable_matching,141,9,104
stable_matching,141,10,109
stable_matching,141,11,57
stable_matching,141,12,152
stable_matching,141,13,130
stable_matching,141,14,26
stable_matching,141,15,147
stable_matching,141,16,143
stable_matching,141,17,10
stable_matching,141,18,1
stable_matching,141,19,11
stable_matching,141,20,66
stable_matching,142,1,17
stable_matching,142,2,93
stable_matching,142,3,151
stable_matching,142,4,18
stable_matching,142,5,20
stable_matching,142,6,34
stable_matching,142,7,19
stable_matching,142,8,51
stable_matching,142,9,37
stable_matching,142,10,53
stable_matching,142,11,169
stable_matching,142,12,160
stable_matching,142,13,10
stable_matching,142,14,125
stable_matching,142,15,15
stable_matching,142,16,183
stable_matching,142,17,1
stable_matching,142,18,80
stable_matching,142,19,71
stable_matching,142,20,11
stable_matching,143,1,36
stable_matching,143,2,61
stable_matching,143,3,62
stable_matching,143,4,102
stable_matching,143,5,34
stable_matching,143,6,53
stable_matching,143,7,71
stable_matching,143,8,66
stable_matching,143,9,189
stable_matching,143,10,125
stable_matching,143,11,161
stable_matching,143,12,2
stable_matching,143,13,15
stable_matching,143,14,17
stable_matching,143,15,165
stable_matching,143,16,11
stable_matching,143,17,9
stable_matching,143,18,22
stable_matching,143,19,1
stable_matching,143,20,10
stable_matching,144,1,17
stable_matching,144,2,176
stable_matching,144,3,18
stable_matching,144,4,34
stable_matching,144,5,20
stable_matching,144,6,19
stable_matching,144,7,37
stable_matching,144,8,53
stable_matching,144,9,51
stable_matching,144,10,93
stable_matching,144,11,1
stable_matching,144,12,11
stable_matching,144,13,125
stable_matching,144,14,22
stable_matching,144,15,151
stable_matching,144,16,9
stable_matching,144,17,3
stable_matching,144,18,2
stable_matching,144,19,49
stable_matching,144,20,31
stable_matching,145,1,36
stable_matching,145,2,62
stable_matching,145,3,61
stable_matching,145,4,17
stable_matching,145,5,102
stable_matching,145,6,10
stable_matching,145,7,1
stable_matching,145,8,20
stable_matching,145,9,18
stable_matching,145,10,15
stable_matching,145,11,3
stable_matching,145,12,2
stable_matching,145,13,37
stable_matching,145,14,34
stable_matching,145,15,9
stable_matching,145,16,19
stable_matching,145,17,71
stable_matching,145,18,22
stable_matching,145,19,26
stable_matching,145,20,11
stable_matching,146,1,2
stable_matching,146,2,108
stable_matching,146,3,106
stable_matching,146,4,152
stable_matching,146,5,57
stable_matching,146,6,143
stable_matching,146,7,20
stable_matching,146,8,130
stable_matching,146,9,133
stable_matching,146,10,10
stable_matching,146,11,19
stable_matching,146,12,147
stable_matching,146,13,26
stable_matching,146,14,71
stable_matching,146,15,166
stable_matching,146,16,63
stable_matching,146,17,66
stable_matching,146,18,80
stable_matching,146,19,111
stable_matching,146,20,92
stable_matching,147,1,2
stable_matching,147,2,10
stable_matching,147,3,26
stable_matching,147,4,110
stable_matching,147,5,104
stable_matching,147,6,111
stable_matching,147,7,107
stable_matching,147,8,80
stable_matching,147,9,109
stable_matching,147,10,66
stable_matching,147,11,57
stable_matching,147,12,152
stable_matching,147,13,132
stable_matching,147,14,92
stable_matching,147,15,143
stable_matching,147,16,142
stable_matching,147,17,144
stable_matching,147,18,1
stable_matching,147,19,11
stable_matching,147,20,15
stable_matching,148,1,17
stable_matching,148,2,20
stable_matching,148,3,37
stable_matching,148,4,93
stable_matching,148,5,151
stable_matching,148,6,18
stable_matching,148,7,34
stable_matching,148,8,19
stable_matching,148,9,176
stable_matching,148,10,53
stable_matching,148,11,51
stable_matching,148,12,169
stable_matching,148,13,10
stable_matching,148,14,125
stable_matching,148,15,15
stable_matching,148,16,183
stable_matching,148,17,80
stable_matching,148,18,71
stable_matching,148,19,22
stable_matching,148,20,1
stable_matching,149,1,36
stable_matching,149,2,61
stable_matching,149,3,62
stable_matching,149,4,102
stable_matching,149,5,34
stable_matching,149,6,53
stable_matching,149,7,71
stable_matching,149,8,66
stable_matching,149,9,189
stable_matching,149,10,125
stable_matching,149,11,161
stable_matching,149,12,165
stable_matching,149,13,2
stable_matching,149,14,180
stable_matching,149,15,20
stable_matching,149,16,17
stable_matching,149,17,1
stable_matching,149,18,26
stable_matching,149,19,10
stable_matching,149,20,15
stable_matching,150,1,9
stable_matching,150,2,22
stable_matching,150,3,46
stable_matching,150,4,32
stable_matching,150,5,84
stable_matching,150,6,68
stable_matching,150,7,103
stable_matching,150,8,26
stable_matching,150,9,191
stable_matching,150,10,174
stable_matching,150,11,31
stable_matching,150,12,43
stable_matching,150,13,199
stable_matching,150,14,2
stable_matching,150,15,10
stable_matching,150,16,141
stable_matching,150,17,15
stable_matching,150,18,73
stable_matching,150,19,51
stable_matching,150,20,150
stable_matching,151,1,1
stable_matching,151,2,11
stable_matching,151,3,9
stable_matching,151,4,113
stable_matching,151,5,119
stable_matching,151,6,84
stable_matching,151,7,92
stable_matching,151,8,66
stable_matching,151,9,2
stable_matching,151,10,22
stable_matching,151,11,18
stable_matching,151,12,17
stable_matching,151,13,138
stable_matching,151,14,145
stable_matching,151,15,34
stable_matching,151,16,10
stable_matching,151,17,3
stable_matching,151,18,26
stable_matching,151,19,46
stable_matching,151,20,32
stable_matching,152,1,17
stable_matching,152,2,18
stable_matching,152,3,34
stable_matching,152,4,19
stable_matching,152,5,20
stable_matching,152,6,176
stable_matching,152,7,53
stable_matching,152,8,37
stable_matching,152,9,51
stable_matching,152,10,1
stable_matching,152,11,93
stable_matching,152,12,180
stable_matching,152,13,11
stable_matching,152,14,22
stable_matching,152,15,125
stable_matching,152,16,102
stable_matching,152,17,9
stable_matching,152,18,2
stable_matching,152,19,151
stable_matching,152,20,31
stable_matching,153,1,17
stable_matching,153,2,93
stable_matching,153,3,20
stable_matching,153,4,151
stable_matching,153,5,34
stable_matching,153,6,19
stable_matching,153,7,53
stable_matching,153,8,10
stable_matching,153,9,61
stable_matching,153,10,37
stable_matching,153,11,71
stable_matching,153,12,18
stable_matching,153,13,15
stable_matching,153,14,160
stable_matching,153,15,1
stable_matching,153,16,51
stable_matching,153,17,169
stable_matching,153,18,11
stable_matching,153,19,178
stable_matching,153,20,102
stable_matching,154,1,17
stable_matching,154,2,102
stable_matching,154,3,10
stable_matching,154,4,15
stable_matching,154,5,20
stable_matching,154,6,169
stable_matching,154,7,37
stable_matching,154,8,93
stable_matching,154,9,18
stable_matching,154,10,80
stable_matching,154,11,160
stable_matching,154,12,71
stable_matching,154,13,51
stable_matching,154,14,61
stable_matching,154,15,19
stable_matching,154,16,34
stable_matching,154,17,53
stable_matching,154,18,9
stable_matching,154,19,144
stable_matching,154,20,183
stable_matching,155,1,36
stable_matching,155,2,61
stable_matching,155,3,62
stable_matching,155,4,102
stable_matching,155,5,34
stable_matching,155,6,53
stable_matching,155,7,71
stable_matching,155,8,66
stable_matching,155,9,189
stable_matching,155,10,125
stable_matching,155,11,165
stable_matching,155,12,161
stable_matching,155,13,17
stable_matching,155,14,10
stable_matching,155,15,2
stable_matching,155,16,180
stable_matching,155,17,20
stable_matching,155,18,1
stable_matching,155,19,9
stable_matching,155,20,15
stable_matching,156,1,17
stable_matching,156,2,20
stable_matching,156,3,37
stable_matching,156,4,93
stable_matching,156,5,102
stable_matching,156,6,19
stable_matching,156,7,18
stable_matching,156,8,34
stable_matching,156,9,10
stable_matching,156,10,15
stable_matching,156,11,151
stable_matching,156,12,53
stable_matching,156,13,51
stable_matching,156,14,71
stable_matching,156,15,59
stable_matching,156,16,176
stable_matching,156,17,1
stable_matching,156,18,11
stable_matching,156,19,61
stable_matching,156,20,169
stable_matching,157,1,36
stable_matching,157,2,61
stable_matching,157,3,62
stable_matching,157,4,102
stable_matching,157,5,34
stable_matching,157,6,53
stable_matching,157,7,66
stable_matching,157,8,71
stable_matching,157,9,189
stable_matching,157,10,2
stable_matching,157,11,125
stable_matching,157,12,15
stable_matching,157,13,1
stable_matching,157,14,17
stable_matching,157,15,11
stable_matching,157,16,26
stable_matching,157,17,22
stable_matching,157,18,10
stable_matching,157,19,161
stable_matching,157,20,9
stable_matching,158,1,36
stable_matching,158,2,61
stable_matching,158,3,62
stable_matching,158,4,34
stable_matching,158,5,189
stable_matching,158,6,71
stable_matching,158,7,53
stable_matching,158,8,66
stable_matching,158,9,125
stable_matching,158,10,2
stable_matching,158,11,102
stable_matching,158,12,1
stable_matching,158,13,161
stable_matching,158,14,17
stable_matching,158,15,22
stable_matching,158,16,11
stable_matching,158,17,26
stable_matching,158,18,15
stable_matching,158,19,10
stable_matching,158,20,57
stable_matching,159,1,36
stable_matching,159,2,61
stable_matching,159,3,62
stable_matching,159,4,102
stable_matching,159,5,34
stable_matching,159,6,53
stable_matching,159,7,71
stable_matching,159,8,189
stable_matching,159,9,2
stable_matching,159,10,66
stable_matching,159,11,125
stable_matching,159,12,9
stable_matching,159,13,1
stable_matching,159,14,22
stable_matching,159,15,11
stable_matching,159,16,17
stable_matching,159,17,10
stable_matching,159,18,161
stable_matching,159,19,26
stable_matching,159,20,15
stable_matching,160,1,1
stable_matching,160,2,17
stable_matching,160,3,11
stable_matching,160,4,22
stable_matching,160,5,9
stable_matching,160,6,169
stable_matching,160,7,18
stable_matching,160,8,49
stable_matching,160,9,20
stable_matching,160,10,19
stable_matching,160,11,2
stable_matching,160,12,34
stable_matching,160,13,3
stable_matching,160,14,32
stable_matching,160,15,31
stable_matching,160,16,183
stable_matching,160,17,51
stable_matching,160,18,37
stable_matching,160,19,176
stable_matching,160,20,46
stable_matching,161,1,3
stable_matching,161,2,59
stable_matching,161,3,62
stable_matching,161,4,76
stable_matching,161,5,2
stable_matching,161,6,48
stable_matching,161,7,129
stable_matching,161,8,15
stable_matching,161,9,1
stable_matching,161,10,17
stable_matching,161,11,11
stable_matching,161,12,26
stable_matching,161,13,10
stable_matching,161,14,22
stable_matching,161,15,9
stable_matching,161,16,20
stable_matching,161,17,147
stable_matching,161,18,19
stable_matching,161,19,57
stable_matching,161,20,36
stable_matching,162,1,17
stable_matching,162,2,93
stable_matching,162,3,102
stable_matching,162,4,18
stable_matching,162,5,34
stable_matching,162,6,151
stable_matching,162,7,19
stable_matching,162,8,51
stable_matching,162,9,10
stable_matching,162,10,15
stable_matching,162,11,20
stable_matching,162,12,1
stable_matching,162,13,11
stable_matching,162,14,37
stable_matching,162,15,53
stable_matching,162,16,9
stable_matching,162,17,71
stable_matching,162,18,22
stable_matching,162,19,178
stable_matching,162,20,80
stable_matching,163,1,50
stable_matching,163,2,69
stable_matching,163,3,12
stable_matching,163,4,63
stable_matching,163,5,165
stable_matching,163,6,46
stable_matching,163,7,73
stable_matching,163,8,81
stable_matching,163,9,43
stable_matching,163,10,3
stable_matching,163,11,114
stable_matching,163,12,62
stable_matching,163,13,126
stable_matching,163,14,150
stable_matching,163,15,59
stable_matching,163,16,141
stable_matching,163,17,36
stable_matching,163,18,17
stable_matching,163,19,194
stable_matching,163,20,20
stable_matching,164,1,9
stable_matching,164,2,84
stable_matching,164,3,22
stable_matching,164,4,32
stable_matching,164,5,46
stable_matching,164,6,68
stable_matching,164,7,103
stable_matching,164,8,26
stable_matching,164,9,145
stable_matching,164,10,31
stable_matching,164,11,1
stable_matching,164,12,11
stable_matching,164,13,2
stable_matching,164,14,174
stable_matching,164,15,43
stable_matching,164,16,92
stable_matching,164,17,199
stable_matching,164,18,66
stable_matching,164,19,138
stable_matching,164,20,10
stable_matching,165,1,2
stable_matching,165,2,133
stable_matching,165,3,166
stable_matching,165,4,57
stable_matching,165,5,109
stable_matching,165,6,104
stable_matching,165,7,110
stable_matching,165,8,106
stable_matching,165,9,111
stable_matching,165,10,107
stable_matching,165,11,108
stable_matching,165,12,152
stable_matching,165,13,26
stable_matching,165,14,10
stable_matching,165,15,143
stable_matching,165,16,130
stable_matching,165,17,147
stable_matching,165,18,9
stable_matching,165,19,80
stable_matching,165,20,92
stable_matching,166,1,2
stable_matching,166,2,133
stable_matching,166,3,166
stable_matching,166,4,110
stable_matching,166,5,108
stable_matching,166,6,111
stable_matching,166,7,106
stable_matching,166,8,57
stable_matching,166,9,107
stable_matching,166,10,104
stable_matching,166,11,109
stable_matching,166,12,152
stable_matching,166,13,143
stable_matching,166,14,147
stable_matching,166,15,10
stable_matching,166,16,130
stable_matching,166,17,26
stable_matching,166,18,80
stable_matching,166,19,1
stable_matching,166,20,66
stable_matching,167,1,36
stable_matching,167,2,61
stable_matching,167,3,62
stable_matching,167,4,102
stable_matching,167,5,34
stable_matching,167,6,53
stable_matching,167,7,71
stable_matching,167,8,165
stable_matching,167,9,66
stable_matching,167,10,1
stable_matching,167,11,11
stable_matching,167,12,9
stable_matching,167,13,17
stable_matching,167,14,10
stable_matching,167,15,2
stable_matching,167,16,26
stable_matching,167,17,161
stable_matching,167,18,125
stable_matching,167,19,20
stable_matching,167,20,15
stable_matching,168,1,36
stable_matching,168,2,61
stable_matching,168,3,62
stable_matching,168,4,102
stable_matching,168,5,34
stable_matching,168,6,71
stable_matching,168,7,53
stable_matching,168,8,66
stable_matching,168,9,189
stable_matching,168,10,125
stable_matching,168,11,165
stable_matching,168,12,161
stable_matching,168,13,17
stable_matching,168,14,1
stable_matching,168,15,2
stable_matching,168,16,20
stable_matching,168,17,15
stable_matching,168,18,10
stable_matching,168,19,18
stable_matching,168,20,3
stable_matching,169,1,36
stable_matching,169,2,61
stable_matching,169,3,62
stable_matching,169,4,102
stable_matching,169,5,34
stable_matching,169,6,53
stable_matching,169,7,71
stable_matching,169,8,66
stable_matching,169,9,189
stable_matching,169,10,125
stable_matching,169,11,161
stable_matching,169,12,1
stable_matching,169,13,165
stable_matching,169,14,2
stable_matching,169,15,20
stable_matching,169,16,17
stable_matching,169,17,11
stable_matching,169,18,26
stable_matching,169,19,180
stable_matching,169,20,15
stable_matching,170,1,69
stable_matching,170,2,50
stable_matching,170,3,12
stable_matching,170,4,165
stable_matching,170,5,63
stable_matching,170,6,73
stable_matching,170,7,46
stable_matching,170,8,81
stable_matching,170,9,43
stable_matching,170,10,114
stable_matching,170,11,194
stable_matching,170,12,59
stable_matching,170,13,36
stable_matching,170,14,150
stable_matching,170,15,141
stable_matching,170,16,177
stable_matching,170,17,126
stable_matching,170,18,48
stable_matching,170,19,159
stable_matching,170,20,2
stable_matching,171,1,106
stable_matching,171,2,108
stable_matching,171,3,2
stable_matching,171,4,133
stable_matching,171,5,130
stable_matching,171,6,147
stable_matching,171,7,166
stable_matching,171,8,57
stable_matching,171,9,175
stable_matching,171,10,104
stable_matching,171,11,109
stable_matching,171,12,110
stable_matching,171,13,111
stable_matching,171,14,107
stable_matching,171,15,15
stable_matching,171,16,152
stable_matching,171,17,27
stable_matching,171,18,26
stable_matching,171,19,10
stable_matching,171,20,101
stable_matching,172,1,9
stable_matching,172,2,84
stable_matching,172,3,103
stable_matching,172,4,22
stable_matching,172,5,26
stable_matching,172,6,46
stable_matching,172,7,32
stable_matching,172,8,68
stable_matching,172,9,43
stable_matching,172,10,2
stable_matching,172,11,10
stable_matching,172,12,118
stable_matching,172,13,150
stable_matching,172,14,191
stable_matching,172,15,31
stable_matching,172,16,1
stable_matching,172,17,145
stable_matching,172,18,174
stable_matching,172,19,57
stable_matching,172,20,80
stable_matching,173,1,9
stable_matching,173,2,84
stable_matching,173,3,22
stable_matching,173,4,46
stable_matching,173,5,32
stable_matching,173,6,68
stable_matching,173,7,103
stable_matching,173,8,26
stable_matching,173,9,145
stable_matching,173,10,2
stable_matching,173,11,31
stable_matching,173,12,1
stable_matching,173,13,174
stable_matching,173,14,11
stable_matching,173,15,92
stable_matching,173,16,66
stable_matching,173,17,10
stable_matching,173,18,43
stable_matching,173,19,199
stable_matching,173,20,138
stable_matching,174,1,9
stable_matching,174,2,84
stable_matching,174,3,22
stable_matching,174,4,32
stable_matching,174,5,46
stable_matching,174,6,68
stable_matching,174,7,103
stable_matching,174,8,26
stable_matching,174,9,145
stable_matching,174,10,31
stable_matching,174,11,43
stable_matching,174,12,174
stable_matching,174,13,2
stable_matching,174,14,199
stable_matching,174,15,92
stable_matching,174,16,1
stable_matching,174,17,11
stable_matching,174,18,66
stable_matching,174,19,10
stable_matching,174,20,138
stable_matching,175,1,17
stable_matching,175,2,93
stable_matching,175,3,151
stable_matching,175,4,18
stable_matching,175,5,34
stable_matching,175,6,19
stable_matching,175,7,20
stable_matching,175,8,51
stable_matching,175,9,169
stable_matching,175,10,53
stable_matching,175,11,37
stable_matching,175,12,160
stable_matching,175,13,10
stable_matching,175,14,15
stable_matching,175,15,125
stable_matching,175,16,183
stable_matching,175,17,80
stable_matching,175,18,9
stable_matching,175,19,71
stable_matching,175,20,22
stable_matching,176,1,12
stable_matching,176,2,50
stable_matching,176,3,69
stable_matching,176,4,81
stable_matching,176,5,63
stable_matching,176,6,73
stable_matching,176,7,194
stable_matching,176,8,114
stable_matching,176,9,43
stable_matching,176,10,141
stable_matching,176,11,177
stable_matching,176,12,159
stable_matching,176,13,126
stable_matching,176,14,150
stable_matching,176,15,1
stable_matching,176,16,46
stable_matching,176,17,11
stable_matching,176,18,17
stable_matching,176,19,10
stable_matching,176,20,26
stable_matching,177,1,36
stable_matching,177,2,61
stable_matching,177,3,62
stable_matching,177,4,34
stable_matching,177,5,102
stable_matching,177,6,2
stable_matching,177,7,9
stable_matching,177,8,22
stable_matching,177,9,17
stable_matching,177,10,53
stable_matching,177,11,71
stable_matching,177,12,1
stable_matching,177,13,165
stable_matching,177,14,10
stable_matching,177,15,18
stable_matching,177,16,11
stable_matching,177,17,15
stable_matching,177,18,26
stable_matching,177,19,32
stable_matching,177,20,66
stable_matching,178,1,22
stable_matching,178,2,9
stable_matching,178,3,32
stable_matching,178,4,46
stable_matching,178,5,84
stable_matching,178,6,68
stable_matching,178,7,174
stable_matching,178,8,43
stable_matching,178,9,1
stable_matching,178,10,11
stable_matching,178,11,199
stable_matching,178,12,17
stable_matching,178,13,103
stable_matching,178,14,49
stable_matching,178,15,18
stable_matching,178,16,31
stable_matching,178,17,2
stable_matching,178,18,118
stable_matching,178,19,19
stable_matching,178,20,3
stable_matching,179,1,12
stable_matching,179,2,50
stable_matching,179,3,69
stable_matching,179,4,81
stable_matching,179,5,63
stable_matching,179,6,73
stable_matching,179,7,43
stable_matching,179,8,114
stable_matching,179,9,3
stable_matching,179,10,59
stable_matching,179,11,165
stable_matching,179,12,48
stable_matching,179,13,46
stable_matching,179,14,141
stable_matching,179,15,194
stable_matching,179,16,159
stable_matching,179,17,150
stable_matching,179,18,126
stable_matching,179,19,1
stable_matching,179,20,177
stable_matching,180,1,36
stable_matching,180,2,61
stable_matching,180,3,62
stable_matching,180,4,34
stable_matching,180,5,53
stable_matching,180,6,102
stable_matching,180,7,71
stable_matching,180,8,2
stable_matching,180,9,9
stable_matching,180,10,17
stable_matching,180,11,165
stable_matching,180,12,22
stable_matching,180,13,1
stable_matching,180,14,10
stable_matching,180,15,11
stable_matching,180,16,66
stable_matching,180,17,18
stable_matching,180,18,125
stable_matching,180,19,15
stable_matching,180,20,26
stable_matching,181,1,20
stable_matching,181,2,37
stable_matching,181,3,17
stable_matching,181,4,10
stable_matching,181,5,15
stable_matching,181,6,169
stable_matching,181,7,80
stable_matching,181,8,71
stable_matching,181,9,59
stable_matching,181,10,93
stable_matching,181,11,61
stable_matching,181,12,183
stable_matching,181,13,144
stable_matching,181,14,143
stable_matching,181,15,142
stable_matching,181,16,102
stable_matching,181,17,19
stable_matching,181,18,2
stable_matching,181,19,18
stable_matching,181,20,51
stable_matching,182,1,2
stable_matching,182,2,133
stable_matching,182,3,166
stable_matching,182,4,104
stable_matching,182,5,111
stable_matching,182,6,106
stable_matching,182,7,109
stable_matching,182,8,57
stable_matching,182,9,108
stable_matching,182,10,110
stable_matching,182,11,107
stable_matching,182,12,152
stable_matching,182,13,143
stable_matching,182,14,10
stable_matching,182,15,26
stable_matching,182,16,130
stable_matching,182,17,147
stable_matching,182,18,9
stable_matching,182,19,1
stable_matching,182,20,80
stable_matching,183,1,26
stable_matching,183,2,2
stable_matching,183,3,9
stable_matching,183,4,10
stable_matching,183,5,22
stable_matching,183,6,145
stable_matching,183,7,84
stable_matching,183,8,31
stable_matching,183,9,66
stable_matching,183,10,171
stable_matching,183,11,80
stable_matching,183,12,103
stable_matching,183,13,57
stable_matching,183,14,92
stable_matching,183,15,1
stable_matching,183,16,11
stable_matching,183,17,111
stable_matching,183,18,110
stable_matching,183,19,104
stable_matching,183,20,143
stable_matching,184,1,2
stable_matching,184,2,133
stable_matching,184,3,166
stable_matching,184,4,108
stable_matching,184,5,111
stable_matching,184,6,110
stable_matching,184,7,106
stable_matching,184,8,104
stable_matching,184,9,57
stable_matching,184,10,109
stable_matching,184,11,107
stable_matching,184,12,152
stable_matching,184,13,143
stable_matching,184,14,26
stable_matching,184,15,10
stable_matching,184,16,130
stable_matching,184,17,147
stable_matching,184,18,66
stable_matching,184,19,80
stable_matching,184,20,92
stable_matching,185,1,169
stable_matching,185,2,183
stable_matching,185,3,20
stable_matching,185,4,37
stable_matching,185,5,9
stable_matching,185,6,59
stable_matching,185,7,22
stable_matching,185,8,2
stable_matching,185,9,160
stable_matching,185,10,18
stable_matching,185,11,17
stable_matching,185,12,1
stable_matching,185,13,10
stable_matching,185,14,11
stable_matching,185,15,32
stable_matching,185,16,46
stable_matching,185,17,51
stable_matching,185,18,34
stable_matching,185,19,26
stable_matching,185,20,15
stable_matching,186,1,1
stable_matching,186,2,11
stable_matching,186,3,17
stable_matching,186,4,3
stable_matching,186,5,34
stable_matching,186,6,18
stable_matching,186,7,22
stable_matching,186,8,9
stable_matching,186,9,19
stable_matching,186,10,53
stable_matching,186,11,31
stable_matching,186,12,51
stable_matching,186,13,66
stable_matching,186,14,46
stable_matching,186,15,32
stable_matching,186,16,36
stable_matching,186,17,49
stable_matching,186,18,48
stable_matching,186,19,86
stable_matching,186,20,84
stable_matching,187,1,36
stable_matching,187,2,61
stable_matching,187,3,62
stable_matching,187,4,102
stable_matching,187,5,34
stable_matching,187,6,53
stable_matching,187,7,71
stable_matching,187,8,66
stable_matching,187,9,165
stable_matching,187,10,1
stable_matching,187,11,2
stable_matching,187,12,11
stable_matching,187,13,26
stable_matching,187,14,17
stable_matching,187,15,125
stable_matching,187,16,9
stable_matching,187,17,189
stable_matching,187,18,20
stable_matching,187,19,32
stable_matching,187,20,22
stable_matching,188,1,9
stable_matching,188,2,84
stable_matching,188,3,103
stable_matching,188,4,26
stable_matching,188,5,22
stable_matching,188,6,46
stable_matching,188,7,32
stable_matching,188,8,43
stable_matching,188,9,68
stable_matching,188,10,2
stable_matching,188,11,10
stable_matching,188,12,31
stable_matching,188,13,118
stable_matching,188,14,150
stable_matching,188,15,145
stable_matching,188,16,80
stable_matching,188,17,66
stable_matching,188,18,57
stable_matching,188,19,1
stable_matching,188,20,191
stable_matching,189,1,9
stable_matching,189,2,84
stable_matching,189,3,22
stable_matching,189,4,32
stable_matching,189,5,46
stable_matching,189,6,68
stable_matching,189,7,103
stable_matching,189,8,26
stable_matching,189,9,145
stable_matching,189,10,43
stable_matching,189,11,174
stable_matching,189,12,1
stable_matching,189,13,2
stable_matching,189,14,31
stable_matching,189,15,199
stable_matching,189,16,11
stable_matching,189,17,92
stable_matching,189,18,118
stable_matching,189,19,10
stable_matching,189,20,138
stable_matching,190,1,107
stable_matching,190,2,111
stable_matching,190,3,109
stable_matching,190,4,110
stable_matching,190,5,104
stable_matching,190,6,2
stable_matching,190,7,133
stable_matching,190,8,1
stable_matching,190,9,11
stable_matching,190,10,15
stable_matching,190,11,27
stable_matching,190,12,10
stable_matching,190,13,49
stable_matching,190,14,26
stable_matching,190,15,166
stable_matching,190,16,57
stable_matching,190,17,9
stable_matching,190,18,101
stable_matching,190,19,108
stable_matching,190,20,106
stable_matching,191,1,111
stable_matching,191,2,110
stable_matching,191,3,104
stable_matching,191,4,107
stable_matching,191,5,109
stable_matching,191,6,2
stable_matching,191,7,133
stable_matching,191,8,10
stable_matching,191,9,26
stable_matching,191,10,15
stable_matching,191,11,27
stable_matching,191,12,80
stable_matching,191,13,108
stable_matching,191,14,166
stable_matching,191,15,57
stable_matching,191,16,106
stable_matching,191,17,66
stable_matching,191,18,101
stable_matching,191,19,1
stable_matching,191,20,152
stable_matching,192,1,2
stable_matching,192,2,152
stable_matching,192,3,57
stable_matching,192,4,1
stable_matching,192,5,11
stable_matching,192,6,192
stable_matching,192,7,143
stable_matching,192,8,26
stable_matching,192,9,133
stable_matching,192,10,63
stable_matching,192,11,9
stable_matching,192,12,10
stable_matching,192,13,20
stable_matching,192,14,19
stable_matching,192,15,71
stable_matching,192,16,166
stable_matching,192,17,66
stable_matching,192,18,80
stable_matching,192,19,84
stable_matching,192,20,108
stable_matching,193,1,12
stable_matching,193,2,50
stable_matching,193,3,69
stable_matching,193,4,81
stable_matching,193,5,63
stable_matching,193,6,73
stable_matching,193,7,114
stable_matching,193,8,43
stable_matching,193,9,194
stable_matching,193,10,141
stable_matching,193,11,126
stable_matching,193,12,48
stable_matching,193,13,59
stable_matching,193,14,159
stable_matching,193,15,177
stable_matching,193,16,165
stable_matching,193,17,46
stable_matching,193,18,150
stable_matching,193,19,1
stable_matching,193,20,17
stable_matching,194,1,9
stable_matching,194,2,84
stable_matching,194,3,22
stable_matching,194,4,32
stable_matching,194,5,46
stable_matching,194,6,68
stable_matching,194,7,103
stable_matching,194,8,26
stable_matching,194,9,145
stable_matching,194,10,174
stable_matching,194,11,31
stable_matching,194,12,66
stable_matching,194,13,1
stable_matching,194,14,11
stable_matching,194,15,43
stable_matching,194,16,2
stable_matching,194,17,199
stable_matching,194,18,92
stable_matching,194,19,138
stable_matching,194,20,10
stable_matching,195,1,36
stable_matching,195,2,61
stable_matching,195,3,62
stable_matching,195,4,2
stable_matching,195,5,102
stable_matching,195,6,34
stable_matching,195,7,71
stable_matching,195,8,53
stable_matching,195,9,1
stable_matching,195,10,17
stable_matching,195,11,66
stable_matching,195,12,22
stable_matching,195,13,165
stable_matching,195,14,11
stable_matching,195,15,125
stable_matching,195,16,10
stable_matching,195,17,15
stable_matching,195,18,26
stable_matching,195,19,57
stable_matching,195,20,9
stable_matching,196,1,9
stable_matching,196,2,84
stable_matching,196,3,103
stable_matching,196,4,43
stable_matching,196,5,118
stable_matching,196,6,22
stable_matching,196,7,150
stable_matching,196,8,2
stable_matching,196,9,46
stable_matching,196,10,32
stable_matching,196,11,1
stable_matching,196,12,11
stable_matching,196,13,26
stable_matching,196,14,10
stable_matching,196,15,68
stable_matching,196,16,57
stable_matching,196,17,141
stable_matching,196,18,111
stable_matching,196,19,66
stable_matching,196,20,104
stable_matching,197,1,9
stable_matching,197,2,145
stable_matching,197,3,84
stable_matching,197,4,22
stable_matching,197,5,26
stable_matching,197,6,1
stable_matching,197,7,11
stable_matching,197,8,31
stable_matching,197,9,138
stable_matching,197,10,92
stable_matching,197,11,66
stable_matching,197,12,2
stable_matching,197,13,10
stable_matching,197,14,86
stable_matching,197,15,51
stable_matching,197,16,32
stable_matching,197,17,46
stable_matching,197,18,119
stable_matching,197,19,57
stable_matching,197,20,107
stable_matching,198,1,36
stable_matching,198,2,62
stable_matching,198,3,61
stable_matching,198,4,17
stable_matching,198,5,1
stable_matching,198,6,10
stable_matching,198,7,2
stable_matching,198,8,19
stable_matching,198,9,15
stable_matching,198,10,11
stable_matching,198,11,26
stable_matching,198,12,3
stable_matching,198,13,102
stable_matching,198,14,20
stable_matching,198,15,37
stable_matching,198,16,9
stable_matching,198,17,22
stable_matching,198,18,18
stable_matching,198,19,71
stable_matching,198,20,34
stable_matching,199,1,12
stable_matching,199,2,50
stable_matching,199,3,69
stable_matching,199,4,81
stable_matching,199,5,63
stable_matching,199,6,3
stable_matching,199,7,73
stable_matching,199,8,114
stable_matching,199,9,194
stable_matching,199,10,43
stable_matching,199,11,141
stable_matching,199,12,159
stable_matching,199,13,150
stable_matching,199,14,177
stable_matching,199,15,126
stable_matching,199,16,46
stable_matching,199,17,1
stable_matching,199,18,76
stable_matching,199,19,17
stable_matching,199,20,10
stable_matching,200,1,9
stable_matching,200,2,145
stable_matching,200,3,22
stable_matching,200,4,84
stable_matching,200,5,26
stable_matching,200,6,31
stable_matching,200,7,11
stable_matching,200,8,1
stable_matching,200,9,2
stable_matching,200,10,92
stable_matching,200,11,138
stable_matching,200,12,66
stable_matching,200,13,10
stable_matching,200,14,46
stable_matching,200,15,57
stable_matching,200,16,86
stable_matching,200,17,32
stable_matching,200,18,51
stable_matching,200,19,68
stable_matching,200,20,80
stable_matching,201,1,20
stable_matching,201,2,37
stable_matching,201,3,169
stable_matching,201,4,15
stable_matching,201,5,17
stable_matching,201,6,10
stable_matching,201,7,183
stable_matching,201,8,102
stable_matching,201,9,80
stable_matching,201,10,93
stable_matching,201,11,59
stable_matching,201,12,71
stable_matching,201,13,19
stable_matching,201,14,61
stable_matching,201,15,160
stable_matching,201,16,18
stable_matching,201,17,144
stable_matching,201,18,34
stable_matching,201,19,2
stable_matching,201,20,142
stable_matching,202,1,110
stable_matching,202,2,107
stable_matching,202,3,111
stable_matching,202,4,104
stable_matching,202,5,109
stable_matching,202,6,1
stable_matching,202,7,2
stable_matching,202,8,11
stable_matching,202,9,133
stable_matching,202,10,15
stable_matching,202,11,10
stable_matching,202,12,9
stable_matching,202,13,26
stable_matching,202,14,49
stable_matching,202,15,27
stable_matching,202,16,166
stable_matching,202,17,57
stable_matching,202,18,108
stable_matching,202,19,66
stable_matching,202,20,80
stable_matching,203,1,36
stable_matching,203,2,61
stable_matching,203,3,62
stable_matching,203,4,34
stable_matching,203,5,102
stable_matching,203,6,53
stable_matching,203,7,66
stable_matching,203,8,71
stable_matching,203,9,189
stable_matching,203,10,125
stable_matching,203,11,17
stable_matching,203,12,161
stable_matching,203,13,20
stable_matching,203,14,19
stable_matching,203,15,10
stable_matching,203,16,165
stable_matching,203,17,2
stable_matching,203,18,26
stable_matching,203,19,18
stable_matching,203,20,22
stable_matching,204,1,62
stable_matching,204,2,36
stable_matching,204,3,61
stable_matching,204,4,102
stable_matching,204,5,34
stable_matching,204,6,53
stable_matching,204,7,71
stable_matching,204,8,66
stable_matching,204,9,20
stable_matching,204,10,17
stable_matching,204,11,1
stable_matching,204,12,37
stable_matching,204,13,10
stable_matching,204,14,15
stable_matching,204,15,18
stable_matching,204,16,19
stable_matching,204,17,3
stable_matching,204,18,11
stable_matching,204,19,2
stable_matching,204,20,125
stable_matching,205,1,17
stable_matching,205,2,20
stable_matching,205,3,37
stable_matching,205,4,169
stable_matching,205,5,93
stable_matching,205,6,160
stable_matching,205,7,10
stable_matching,205,8,102
stable_matching,205,9,15
stable_matching,205,10,183
stable_matching,205,11,19
stable_matching,205,12,18
stable_matching,205,13,34
stable_matching,205,14,71
stable_matching,205,15,151
stable_matching,205,16,53
stable_matching,205,17,80
stable_matching,205,18,61
stable_matching,205,19,51
stable_matching,205,20,125
stable_matching,206,1,17
stable_matching,206,2,18
stable_matching,206,3,34
stable_matching,206,4,19
stable_matching,206,5,53
stable_matching,206,6,51
stable_matching,206,7,1
stable_matching,206,8,93
stable_matching,206,9,180
stable_matching,206,10,11
stable_matching,206,11,125
stable_matching,206,12,3
stable_matching,206,13,102
stable_matching,206,14,9
stable_matching,206,15,20
stable_matching,206,16,151
stable_matching,206,17,22
stable_matching,206,18,37
stable_matching,206,19,31
stable_matching,206,20,48
stable_matching,207,1,2
stable_matching,207,2,133
stable_matching,207,3,166
stable_matching,207,4,108
stable_matching,207,5,111
stable_matching,207,6,106
stable_matching,207,7,57
stable_matching,207,8,107
stable_matching,207,9,109
stable_matching,207,10,104
stable_matching,207,11,110
stable_matching,207,12,152
stable_matching,207,13,143
stable_matching,207,14,10
stable_matching,207,15,130
stable_matching,207,16,26
stable_matching,207,17,147
stable_matching,207,18,80
stable_matching,207,19,92
stable_matching,207,20,1
stable_matching,208,1,22
stable_matching,208,2,31
stable_matching,208,3,9
stable_matching,208,4,86
stable_matching,208,5,46
stable_matching,208,6,51
stable_matching,208,7,32
stable_matching,208,8,26
stable_matching,208,9,145
stable_matching,208,10,84
stable_matching,208,11,68
stable_matching,208,12,1
stable_matching,208,13,11
stable_matching,208,14,17
stable_matching,208,15,66
stable_matching,208,16,138
stable_matching,208,17,3
stable_matching,208,18,2
stable_matching,208,19,10
stable_matching,208,20,18
stable_matching,209,1,17
stable_matching,209,2,1
stable_matching,209,3,22
stable_matching,209,4,180
stable_matching,209,5,11
stable_matching,209,6,9
stable_matching,209,7,20
stable_matching,209,8,102
stable_matching,209,9,18
stable_matching,209,10,2
stable_matching,209,11,19
stable_matching,209,12,169
stable_matching,209,13,37
stable_matching,209,14,34
stable_matching,209,15,31
stable_matching,209,16,51
stable_matching,209,17,3
stable_matching,209,18,46
stable_matching,209,19,49
stable_matching,209,20,32
stable_matching,210,1,2
stable_matching,210,2,57
stable_matching,210,3,152
stable_matching,210,4,1
stable_matching,210,5,11
stable_matching,210,6,143
stable_matching,210,7,9
stable_matching,210,8,133
stable_matching,210,9,192
stable_matching,210,10,10
stable_matching,210,11,26
stable_matching,210,12,19
stable_matching,210,13,20
stable_matching,210,14,166
stable_matching,210,15,71
stable_matching,210,16,63
stable_matching,210,17,84
stable_matching,210,18,43
stable_matching,210,19,92
stable_matching,210,20,80
stable_matching,211,1,1
stable_matching,211,2,11
stable_matching,211,3,17
stable_matching,211,4,22
stable_matching,211,5,20
stable_matching,211,6,9
stable_matching,211,7,18
stable_matching,211,8,176
stable_matching,211,9,19
stable_matching,211,10,34
stable_matching,211,11,49
stable_matching,211,12,3
stable_matching,211,13,31
stable_matching,211,14,37
stable_matching,211,15,2
stable_matching,211,16,51
stable_matching,211,17,46
stable_matching,211,18,53
stable_matching,211,19,48
stable_matching,211,20,66
stable_matching,212,1,17
stable_matching,212,2,102
stable_matching,212,3,93
stable_matching,212,4,20
stable_matching,212,5,10
stable_matching,212,6,19
stable_matching,212,7,61
stable_matching,212,8,15
stable_matching,212,9,34
stable_matching,212,10,71
stable_matching,212,11,37
stable_matching,212,12,53
stable_matching,212,13,18
stable_matching,212,14,151
stable_matching,212,15,80
stable_matching,212,16,51
stable_matching,212,17,160
stable_matching,212,18,178
stable_matching,212,19,3
stable_matching,212,20,125
stable_matching,213,1,2
stable_matching,213,2,133
stable_matching,213,3,108
stable_matching,213,4,166
stable_matching,213,5,110
stable_matching,213,6,107
stable_matching,213,7,111
stable_matching,213,8,106
stable_matching,213,9,104
stable_matching,213,10,57
stable_matching,213,11,109
stable_matching,213,12,152
stable_matching,213,13,143
stable_matching,213,14,10
stable_matching,213,15,147
stable_matching,213,16,130
stable_matching,213,17,26
stable_matching,213,18,66
stable_matching,213,19,80
stable_matching,213,20,1
stable_matching,214,1,20
stable_matching,214,2,37
stable_matching,214,3,17
stable_matching,214,4,10
stable_matching,214,5,61
stable_matching,214,6,15
stable_matching,214,7,71
stable_matching,214,8,169
stable_matching,214,9,59
stable_matching,214,10,80
stable_matching,214,11,102
stable_matching,214,12,183
stable_matching,214,13,93
stable_matching,214,14,34
stable_matching,214,15,143
stable_matching,214,16,53
stable_matching,214,17,19
stable_matching,214,18,18
stable_matching,214,19,161
stable_matching,214,20,142
stable_matching,215,1,2
stable_matching,215,2,133
stable_matching,215,3,166
stable_matching,215,4,111
stable_matching,215,5,104
stable_matching,215,6,109
stable_matching,215,7,108
stable_matching,215,8,107
stable_matching,215,9,57
stable_matching,215,10,110
stable_matching,215,11,106
stable_matching,215,12,152
stable_matching,215,13,143
stable_matching,215,14,10
stable_matching,215,15,26
stable_matching,215,16,130
stable_matching,215,17,147
stable_matching,215,18,1
stable_matching,215,19,80
stable_matching,215,20,66
stable_matching,216,1,108
stable_matching,216,2,106
stable_matching,216,3,2
stable_matching,216,4,20
stable_matching,216,5,133
stable_matching,216,6,19
stable_matching,216,7,130
stable_matching,216,8,147
stable_matching,216,9,71
stable_matching,216,10,63
stable_matching,216,11,166
stable_matching,216,12,57
stable_matching,216,13,111
stable_matching,216,14,104
stable_matching,216,15,1
stable_matching,216,16,107
stable_matching,216,17,109
stable_matching,216,18,11
stable_matching,216,19,26
stable_matching,216,20,110
stable_matching,217,1,3
stable_matching,217,2,59
stable_matching,217,3,62
stable_matching,217,4,48
stable_matching,217,5,20
stable_matching,217,6,17
stable_matching,217,7,37
stable_matching,217,8,18
stable_matching,217,9,34
stable_matching,217,10,15
stable_matching,217,11,10
stable_matching,217,12,53
stable_matching,217,13,19
stable_matching,217,14,1
stable_matching,217,15,76
stable_matching,217,16,11
stable_matching,217,17,36
stable_matching,217,18,2
stable_matching,217,19,9
stable_matching,217,20,161
stable_matching,218,1,48
stable_matching,218,2,59
stable_matching,218,3,18
stable_matching,218,4,17
stable_matching,218,5,1
stable_matching,218,6,161
stable_matching,218,7,10
stable_matching,218,8,12
stable_matching,218,9,11
stable_matching,218,10,50
stable_matching,218,11,3
stable_matching,218,12,15
stable_matching,218,13,19
stable_matching,218,14,26
stable_matching,218,15,32
stable_matching,218,16,69
stable_matching,218,17,53
stable_matching,218,18,81
stable_matching,218,19,43
stable_matching,218,20,37
stable_matching,219,1,36
stable_matching,219,2,61
stable_matching,219,3,62
stable_matching,219,4,102
stable_matching,219,5,34
stable_matching,219,6,53
stable_matching,219,7,71
stable_matching,219,8,66
stable_matching,219,9,2
stable_matching,219,10,189
stable_matching,219,11,125
stable_matching,219,12,17
stable_matching,219,13,22
stable_matching,219,14,1
stable_matching,219,15,11
stable_matching,219,16,161
stable_matching,219,17,15
stable_matching,219,18,10
stable_matching,219,19,26
stable_matching,219,20,57
stable_matching,220,1,1
stable_matching,220,2,11
stable_matching,220,3,17
stable_matching,220,4,22
stable_matching,220,5,18
stable_matching,220,6,34
stable_matching,220,7,9
stable_matching,220,8,49
stable_matching,220,9,3
stable_matching,220,10,176
stable_matching,220,11,19
stable_matching,220,12,20
stable_matching,220,13,31
stable_matching,220,14,53
stable_matching,220,15,86
stable_matching,220,16,37
stable_matching,220,17,32
stable_matching,220,18,46
stable_matching,220,19,2
stable_matching,220,20,51
stable_matching,221,1,9
stable_matching,221,2,84
stable_matching,221,3,22
stable_matching,221,4,46
stable_matching,221,5,32
stable_matching,221,6,68
stable_matching,221,7,26
stable_matching,221,8,145
stable_matching,221,9,103
stable_matching,221,10,31
stable_matching,221,11,2
stable_matching,221,12,1
stable_matching,221,13,66
stable_matching,221,14,11
stable_matching,221,15,92
stable_matching,221,16,174
stable_matching,221,17,10
stable_matching,221,18,57
stable_matching,221,19,138
stable_matching,221,20,43
stable_matching,222,1,69
stable_matching,222,2,12
stable_matching,222,3,50
stable_matching,222,4,81
stable_matching,222,5,63
stable_matching,222,6,3
stable_matching,222,7,73
stable_matching,222,8,114
stable_matching,222,9,43
stable_matching,222,10,59
stable_matching,222,11,48
stable_matching,222,12,194
stable_matching,222,13,141
stable_matching,222,14,165
stable_matching,222,15,126
stable_matching,222,16,150
stable_matching,222,17,46
stable_matching,222,18,17
stable_matching,222,19,1
stable_matching,222,20,19
stable_matching,223,1,22
stable_matching,223,2,9
stable_matching,223,3,46
stable_matching,223,4,32
stable_matching,223,5,84
stable_matching,223,6,68
stable_matching,223,7,174
stable_matching,223,8,31
stable_matching,223,9,199
stable_matching,223,10,103
stable_matching,223,11,26
stable_matching,223,12,51
stable_matching,223,13,66
stable_matching,223,14,86
stable_matching,223,15,145
stable_matching,223,16,10
stable_matching,223,17,17
stable_matching,223,18,15
stable_matching,223,19,18
stable_matching,223,20,1
stable_matching,224,1,1
stable_matching,224,2,11
stable_matching,224,3,9
stable_matching,224,4,119
stable_matching,224,5,66
stable_matching,224,6,113
stable_matching,224,7,92
stable_matching,224,8,84
stable_matching,224,9,2
stable_matching,224,10,17
stable_matching,224,11,138
stable_matching,224,12,145
stable_matching,224,13,34
stable_matching,224,14,3
stable_matching,224,15,10
stable_matching,224,16,26
stable_matching,224,17,18
stable_matching,224,18,22
stable_matching,224,19,19
stable_matching,224,20,53
stable_matching,225,1,36
stable_matching,225,2,61
stable_matching,225,3,189
stable_matching,225,4,34
stable_matching,225,5,62
stable_matching,225,6,71
stable_matching,225,7,66
stable_matching,225,8,53
stable_matching,225,9,102
stable_matching,225,10,125
stable_matching,225,11,161
stable_matching,225,12,165
stable_matching,225,13,180
stable_matching,225,14,17
stable_matching,225,15,2
stable_matching,225,16,20
stable_matching,225,17,10
stable_matching,225,18,19
stable_matching,225,19,26
stable_matching,225,20,22
stable_matching,226,1,36
stable_matching,226,2,61
stable_matching,226,3,62
stable_matching,226,4,102
stable_matching,226,5,34
stable_matching,226,6,71
stable_matching,226,7,53
stable_matching,226,8,66
stable_matching,226,9,189
stable_matching,226,10,125
stable_matching,226,11,161
stable_matching,226,12,165
stable_matching,226,13,1
stable_matching,226,14,17
stable_matching,226,15,10
stable_matching,226,16,15
stable_matching,226,17,20
stable_matching,226,18,2
stable_matching,226,19,26
stable_matching,226,20,19
stable_matching,227,1,111
stable_matching,227,2,104
stable_matching,227,3,110
stable_matching,227,4,109
stable_matching,227,5,107
stable_matching,227,6,2
stable_matching,227,7,133
stable_matching,227,8,10
stable_matching,227,9,166
stable_matching,227,10,26
stable_matching,227,11,15
stable_matching,227,12,66
stable_matching,227,13,27
stable_matching,227,14,57
stable_matching,227,15,108
stable_matching,227,16,101
stable_matching,227,17,80
stable_matching,227,18,106
stable_matching,227,19,92
stable_matching,227,20,1
stable_matching,228,1,22
stable_matching,228,2,9
stable_matching,228,3,32
stable_matching,228,4,46
stable_matching,228,5,84
stable_matching,228,6,103
stable_matching,228,7,68
stable_matching,228,8,191
stable_matching,228,9,26
stable_matching,228,10,174
stable_matching,228,11,31
stable_matching,228,12,199
stable_matching,228,13,43
stable_matching,228,14,2
stable_matching,228,15,10
stable_matching,228,16,15
stable_matching,228,17,57
stable_matching,228,18,150
stable_matching,228,19,118
stable_matching,228,20,66
stable_matching,229,1,27
stable_matching,229,2,101
stable_matching,229,3,15
stable_matching,229,4,106
stable_matching,229,5,111
stable_matching,229,6,108
stable_matching,229,7,109
stable_matching,229,8,110
stable_matching,229,9,107
stable_matching,229,10,104
stable_matching,229,11,2
stable_matching,229,12,123
stable_matching,229,13,76
stable_matching,229,14,83
stable_matching,229,15,129
stable_matching,229,16,133
stable_matching,229,17,22
stable_matching,229,18,130
stable_matching,229,19,10
stable_matching,229,20,26
stable_matching,230,1,36
stable_matching,230,2,61
stable_matching,230,3,34
stable_matching,230,4,189
stable_matching,230,5,53
stable_matching,230,6,71
stable_matching,230,7,62
stable_matching,230,8,66
stable_matching,230,9,102
stable_matching,230,10,125
stable_matching,230,11,161
stable_matching,230,12,165
stable_matching,230,13,17
stable_matching,230,14,10
stable_matching,230,15,15
stable_matching,230,16,2
stable_matching,230,17,180
stable_matching,230,18,9
stable_matching,230,19,22
stable_matching,230,20,20
stable_matching,231,1,12
stable_matching,231,2,50
stable_matching,231,3,69
stable_matching,231,4,81
stable_matching,231,5,63
stable_matching,231,6,73
stable_matching,231,7,3
stable_matching,231,8,114
stable_matching,231,9,43
stable_matching,231,10,48
stable_matching,231,11,59
stable_matching,231,12,17
stable_matching,231,13,141
stable_matching,231,14,194
stable_matching,231,15,165
stable_matching,231,16,46
stable_matching,231,17,126
stable_matching,231,18,10
stable_matching,231,19,11
stable_matching,231,20,19
stable_matching,232,1,12
stable_matching,232,2,50
stable_matching,232,3,69
stable_matching,232,4,81
stable_matching,232,5,63
stable_matching,232,6,73
stable_matching,232,7,43
stable_matching,232,8,114
stable_matching,232,9,3
stable_matching,232,10,141
stable_matching,232,11,46
stable_matching,232,12,126
stable_matching,232,13,48
stable_matching,232,14,194
stable_matching,232,15,159
stable_matching,232,16,150
stable_matching,232,17,165
stable_matching,232,18,1
stable_matching,232,19,59
stable_matching,232,20,17
stable_matching,233,1,17
stable_matching,233,2,93
stable_matching,233,3,151
stable_matching,233,4,18
stable_matching,233,5,34
stable_matching,233,6,19
stable_matching,233,7,20
stable_matching,233,8,51
stable_matching,233,9,37
stable_matching,233,10,169
stable_matching,233,11,53
stable_matching,233,12,15
stable_matching,233,13,10
stable_matching,233,14,160
stable_matching,233,15,125
stable_matching,233,16,183
stable_matching,233,17,80
stable_matching,233,18,71
stable_matching,233,19,1
stable_matching,233,20,22
stable_matching,234,1,12
stable_matching,234,2,50
stable_matching,234,3,69
stable_matching,234,4,81
stable_matching,234,5,73
stable_matching,234,6,63
stable_matching,234,7,43
stable_matching,234,8,114
stable_matching,234,9,3
stable_matching,234,10,46
stable_matching,234,11,141
stable_matching,234,12,17
stable_matching,234,13,59
stable_matching,234,14,48
stable_matching,234,15,126
stable_matching,234,16,194
stable_matching,234,17,11
stable_matching,234,18,1
stable_matching,234,19,10
stable_matching,234,20,18
stable_matching,235,1,17
stable_matching,235,2,151
stable_matching,235,3,93
stable_matching,235,4,18
stable_matching,235,5,34
stable_matching,235,6,20
stable_matching,235,7,19
stable_matching,235,8,37
stable_matching,235,9,51
stable_matching,235,10,53
stable_matching,235,11,10
stable_matching,235,12,125
stable_matching,235,13,15
stable_matching,235,14,71
stable_matching,235,15,80
stable_matching,235,16,1
stable_matching,235,17,61
stable_matching,235,18,160
stable_matching,235,19,11
stable_matching,235,20,3
stable_matching,236,1,9
stable_matching,236,2,84
stable_matching,236,3,22
stable_matching,236,4,1
stable_matching,236,5,46
stable_matching,236,6,32
stable_matching,236,7,11
stable_matching,236,8,43
stable_matching,236,9,68
stable_matching,236,10,103
stable_matching,236,11,118
stable_matching,236,12,2
stable_matching,236,13,92
stable_matching,236,14,150
stable_matching,236,15,119
stable_matching,236,16,174
stable_matching,236,17,66
stable_matching,236,18,113
stable_matching,236,19,17
stable_matching,236,20,10
stable_matching,237,1,15
stable_matching,237,2,27
stable_matching,237,3,108
stable_matching,237,4,104
stable_matching,237,5,101
stable_matching,237,6,107
stable_matching,237,7,111
stable_matching,237,8,110
stable_matching,237,9,106
stable_matching,237,10,109
stable_matching,237,11,10
stable_matching,237,12,129
stable_matching,237,13,76
stable_matching,237,14,83
stable_matching,237,15,123
stable_matching,237,16,2
stable_matching,237,17,133
stable_matching,237,18,130
stable_matching,237,19,22
stable_matching,237,20,26
stable_matching,238,1,2
stable_matching,238,2,133
stable_matching,238,3,166
stable_matching,238,4,108
stable_matching,238,5,111
stable_matching,238,6,107
stable_matching,238,7,104
stable_matching,238,8,110
stable_matching,238,9,106
stable_matching,238,10,109
stable_matching,238,11,57
stable_matching,238,12,152
stable_matching,238,13,143
stable_matching,238,14,10
stable_matching,238,15,130
stable_matching,238,16,26
stable_matching,238,17,147
stable_matching,238,18,66
stable_matching,238,19,20
stable_matching,238,20,80
stable_matching,239,1,102
stable_matching,239,2,2
stable_matching,239,3,17
stable_matching,239,4,22
stable_matching,239,5,9
stable_matching,239,6,10
stable_matching,239,7,180
stable_matching,239,8,1
stable_matching,239,9,26
stable_matching,239,10,169
stable_matching,239,11,15
stable_matching,239,12,11
stable_matching,239,13,20
stable_matching,239,14,18
stable_matching,239,15,19
stable_matching,239,16,57
stable_matching,239,17,46
stable_matching,239,18,36
stable_matching,239,19,34
stable_matching,239,20,183
stable_matching,240,1,9
stable_matching,240,2,145
stable_matching,240,3,26
stable_matching,240,4,84
stable_matching,240,5,22
stable_matching,240,6,1
stable_matching,240,7,31
stable_matching,240,8,11
stable_matching,240,9,66
stable_matching,240,10,138
stable_matching,240,11,2
stable_matching,240,12,92
stable_matching,240,13,10
stable_matching,240,14,46
stable_matching,240,15,51
stable_matching,240,16,57
stable_matching,240,17,86
stable_matching,240,18,113
stable_matching,240,19,119
stable_matching,240,20,32
stable_matching,241,1,2
stable_matching,241,2,133
stable_matching,241,3,166
stable_matching,241,4,108
stable_matching,241,5,111
stable_matching,241,6,107
stable_matching,241,7,110
stable_matching,241,8,106
stable_matching,241,9,104
stable_matching,241,10,57
stable_matching,241,11,109
stable_matching,241,12,152
stable_matching,241,13,143
stable_matching,241,14,10
stable_matching,241,15,130
stable_matching,241,16,26
stable_matching,241,17,147
stable_matching,241,18,66
stable_matching,241,19,80
stable_matching,241,20,20
stable_matching,242,1,2
stable_matching,242,2,108
stable_matching,242,3,106
stable_matching,242,4,152
stable_matching,242,5,57
stable_matching,242,6,143
stable_matching,242,7,10
stable_matching,242,8,20
stable_matching,242,9,19
stable_matching,242,10,130
stable_matching,242,11,133
stable_matching,242,12,71
stable_matching,242,13,26
stable_matching,242,14,147
stable_matching,242,15,166
stable_matching,242,16,66
stable_matching,242,17,63
stable_matching,242,18,80
stable_matching,242,19,92
stable_matching,242,20,175
stable_matching,243,1,9
stable_matching,243,2,84
stable_matching,243,3,22
stable_matching,243,4,46
stable_matching,243,5,32
stable_matching,243,6,68
stable_matching,243,7,103
stable_matching,243,8,145
stable_matching,243,9,26
stable_matching,243,10,31
stable_matching,243,11,66
stable_matching,243,12,1
stable_matching,243,13,11
stable_matching,243,14,174
stable_matching,243,15,2
stable_matching,243,16,92
stable_matching,243,17,10
stable_matching,243,18,138
stable_matching,243,19,43
stable_matching,243,20,199
stable_matching,244,1,2
stable_matching,244,2,133
stable_matching,244,3,166
stable_matching,244,4,108
stable_matching,244,5,106
stable_matching,244,6,111
stable_matching,244,7,110
stable_matching,244,8,57
stable_matching,244,9,104
stable_matching,244,10,107
stable_matching,244,11,109
stable_matching,244,12,152
stable_matching,244,13,143
stable_matching,244,14,26
stable_matching,244,15,10
stable_matching,244,16,147
stable_matching,244,17,130
stable_matching,244,18,66
stable_matching,244,19,80
stable_matching,244,20,1
stable_matching,245,1,36
stable_matching,245,2,62
stable_matching,245,3,61
stable_matching,245,4,102
stable_matching,245,5,34
stable_matching,245,6,2
stable_matching,245,7,71
stable_matching,245,8,53
stable_matching,245,9,15
stable_matching,245,10,17
stable_matching,245,11,66
stable_matching,245,12,1
stable_matching,245,13,10
stable_matching,245,14,11
stable_matching,245,15,26
stable_matching,245,16,20
stable_matching,245,17,22
stable_matching,245,18,125
stable_matching,245,19,9
stable_matching,245,20,19
stable_matching,246,1,26
stable_matching,246,2,9
stable_matching,246,3,2
stable_matching,246,4,10
stable_matching,246,5,145
stable_matching,246,6,22
stable_matching,246,7,57
stable_matching,246,8,103
stable_matching,246,9,31
stable_matching,246,10,84
stable_matching,246,11,1
stable_matching,246,12,171
stable_matching,246,13,107
stable_matching,246,14,111
stable_matching,246,15,80
stable_matching,246,16,11
stable_matching,246,17,109
stable_matching,246,18,104
stable_matching,246,19,92
stable_matching,246,20,110
stable_matching,247,1,18
stable_matching,247,2,34
stable_matching,247,3,17
stable_matching,247,4,19
stable_matching,247,5,53
stable_matching,247,6,51
stable_matching,247,7,93
stable_matching,247,8,151
stable_matching,247,9,125
stable_matching,247,10,9
stable_matching,247,11,1
stable_matching,247,12,11
stable_matching,247,13,22
stable_matching,247,14,3
stable_matching,247,15,20
stable_matching,247,16,176
stable_matching,247,17,46
stable_matching,247,18,49
stable_matching,247,19,32
stable_matching,247,20,37
stable_matching,248,1,108
stable_matching,248,2,106
stable_matching,248,3,2
stable_matching,248,4,133
stable_matching,248,5,130
stable_matching,248,6,147
stable_matching,248,7,166
stable_matching,248,8,111
stable_matching,248,9,104
stable_matching,248,10,57
stable_matching,248,11,107
stable_matching,248,12,110
stable_matching,248,13,109
stable_matching,248,14,175
stable_matching,248,15,19
stable_matching,248,16,10
stable_matching,248,17,143
stable_matching,248,18,15
stable_matching,248,19,152
stable_matching,248,20,20
stable_matching,249,1,9
stable_matching,249,2,84
stable_matching,249,3,22
stable_matching,249,4,46
stable_matching,249,5,32
stable_matching,249,6,68
stable_matching,249,7,26
stable_matching,249,8,103
stable_matching,249,9,145
stable_matching,249,10,2
stable_matching,249,11,31
stable_matching,249,12,66
stable_matching,249,13,92
stable_matching,249,14,174
stable_matching,249,15,1
stable_matching,249,16,10
stable_matching,249,17,57
stable_matching,249,18,11
stable_matching,249,19,43
stable_matching,249,20,138
stable_matching,250,1,69
stable_matching,250,2,50
stable_matching,250,3,12
stable_matching,250,4,63
stable_matching,250,5,165
stable_matching,250,6,46
stable_matching,250,7,73
stable_matching,250,8,81
stable_matching,250,9,3
stable_matching,250,10,114
stable_matching,250,11,43
stable_matching,250,12,62
stable_matching,250,13,59
stable_matching,250,14,48
stable_matching,250,15,17
stable_matching,250,16,126
stable_matching,250,17,194
stable_matching,250,18,141
stable_matching,250,19,1
stable_matching,250,20,76
stable_matching,251,1,111
stable_matching,251,2,109
stable_matching,251,3,107
stable_matching,251,4,104
stable_matching,251,5,110
stable_matching,251,6,133
stable_matching,251,7,2
stable_matching,251,8,1
stable_matching,251,9,11
stable_matching,251,10,9
stable_matching,251,11,15
stable_matching,251,12,10
stable_matching,251,13,26
stable_matching,251,14,49
stable_matching,251,15,27
stable_matching,251,16,166
stable_matching,251,17,57
stable_matching,251,18,108
stable_matching,251,19,101
stable_matching,251,20,92
stable_matching,252,1,36
stable_matching,252,2,61
stable_matching,252,3,62
stable_matching,252,4,34
stable_matching,252,5,102
stable_matching,252,6,53
stable_matching,252,7,71
stable_matching,252,8,66
stable_matching,252,9,165
stable_matching,252,10,2
stable_matching,252,11,125
stable_matching,252,12,17
stable_matching,252,13,22
stable_matching,252,14,9
stable_matching,252,15,10
stable_matching,252,16,1
stable_matching,252,17,11
stable_matching,252,18,26
stable_matching,252,19,15
stable_matching,252,20,18
stable_matching,253,1,9
stable_matching,253,2,84
stable_matching,253,3,22
stable_matching,253,4,32
stable_matching,253,5,46
stable_matching,253,6,68
stable_matching,253,7,103
stable_matching,253,8,26
stable_matching,253,9,145
stable_matching,253,10,31
stable_matching,253,11,66
stable_matching,253,12,1
stable_matching,253,13,92
stable_matching,253,14,11
stable_matching,253,15,174
stable_matching,253,16,10
stable_matching,253,17,2
stable_matching,253,18,138
stable_matching,253,19,43
stable_matching,253,20,199
stable_matching,254,1,36
stable_matching,254,2,61
stable_matching,254,3,62
stable_matching,254,4,102
stable_matching,254,5,34
stable_matching,254,6,53
stable_matching,254,7,71
stable_matching,254,8,66
stable_matching,254,9,189
stable_matching,254,10,125
stable_matching,254,11,2
stable_matching,254,12,161
stable_matching,254,13,17
stable_matching,254,14,1
stable_matching,254,15,22
stable_matching,254,16,11
stable_matching,254,17,26
stable_matching,254,18,165
stable_matching,254,19,10
stable_matching,254,20,9
stable_matching,255,1,12
stable_matching,255,2,50
stable_matching,255,3,69
stable_matching,255,4,81
stable_matching,255,5,63
stable_matching,255,6,73
stable_matching,255,7,114
stable_matching,255,8,194
stable_matching,255,9,59
stable_matching,255,10,43
stable_matching,255,11,48
stable_matching,255,12,141
stable_matching,255,13,165
stable_matching,255,14,159
stable_matching,255,15,46
stable_matching,255,16,177
stable_matching,255,17,150
stable_matching,255,18,126
stable_matching,255,19,1
stable_matching,255,20,11
stable_matching,256,1,2
stable_matching,256,2,57
stable_matching,256,3,152
stable_matching,256,4,143
stable_matching,256,5,10
stable_matching,256,6,9
stable_matching,256,7,1
stable_matching,256,8,133
stable_matching,256,9,11
stable_matching,256,10,192
stable_matching,256,11,20
stable_matching,256,12,26
stable_matching,256,13,19
stable_matching,256,14,71
stable_matching,256,15,166
stable_matching,256,16,80
stable_matching,256,17,92
stable_matching,256,18,43
stable_matching,256,19,66
stable_matching,256,20,63
stable_matching,257,1,12
stable_matching,257,2,50
stable_matching,257,3,69
stable_matching,257,4,81
stable_matching,257,5,63
stable_matching,257,6,73
stable_matching,257,7,114
stable_matching,257,8,3
stable_matching,257,9,43
stable_matching,257,10,141
stable_matching,257,11,194
stable_matching,257,12,46
stable_matching,257,13,150
stable_matching,257,14,159
stable_matching,257,15,126
stable_matching,257,16,177
stable_matching,257,17,1
stable_matching,257,18,11
stable_matching,257,19,17
stable_matching,257,20,18
stable_matching,258,1,9
stable_matching,258,2,84
stable_matching,258,3,22
stable_matching,258,4,46
stable_matching,258,5,32
stable_matching,258,6,103
stable_matching,258,7,68
stable_matching,258,8,26
stable_matching,258,9,145
stable_matching,258,10,31
stable_matching,258,11,66
stable_matching,258,12,2
stable_matching,258,13,1
stable_matching,258,14,11
stable_matching,258,15,174
stable_matching,258,16,92
stable_matching,258,17,10
stable_matching,258,18,43
stable_matching,258,19,57
stable_matching,258,20,199
stable_matching,259,1,22
stable_matching,259,2,9
stable_matching,259,3,46
stable_matching,259,4,32
stable_matching,259,5,84
stable_matching,259,6,103
stable_matching,259,7,68
stable_matching,259,8,26
stable_matching,259,9,2
stable_matching,259,10,191
stable_matching,259,11,31
stable_matching,259,12,174
stable_matching,259,13,57
stable_matching,259,14,10
stable_matching,259,15,15
stable_matching,259,16,43
stable_matching,259,17,199
stable_matching,259,18,145
stable_matching,259,19,118
stable_matching,259,20,126
stable_matching,260,1,36
stable_matching,260,2,62
stable_matching,260,3,2
stable_matching,260,4,61
stable_matching,260,5,17
stable_matching,260,6,1
stable_matching,260,7,10
stable_matching,260,8,22
stable_matching,260,9,11
stable_matching,260,10,26
stable_matching,260,11,9
stable_matching,260,12,15
stable_matching,260,13,20
stable_matching,260,14,102
stable_matching,260,15,19
stable_matching,260,16,57
stable_matching,260,17,18
stable_matching,260,18,37
stable_matching,260,19,31
stable_matching,260,20,3
stable_matching,261,1,36
stable_matching,261,2,61
stable_matching,261,3,62
stable_matching,261,4,34
stable_matching,261,5,102
stable_matching,261,6,53
stable_matching,261,7,71
stable_matching,261,8,66
stable_matching,261,9,189
stable_matching,261,10,125
stable_matching,261,11,161
stable_matching,261,12,165
stable_matching,261,13,17
stable_matching,261,14,2
stable_matching,261,15,1
stable_matching,261,16,20
stable_matching,261,17,19
stable_matching,261,18,11
stable_matching,261,19,180
stable_matching,261,20,26
stable_matching,262,1,9
stable_matching,262,2,145
stable_matching,262,3,22
stable_matching,262,4,84
stable_matching,262,5,26
stable_matching,262,6,1
stable_matching,262,7,11
stable_matching,262,8,31
stable_matching,262,9,138
stable_matching,262,10,2
stable_matching,262,11,92
stable_matching,262,12,66
stable_matching,262,13,10
stable_matching,262,14,46
stable_matching,262,15,51
stable_matching,262,16,86
stable_matching,262,17,32
stable_matching,262,18,57
stable_matching,262,19,119
stable_matching,262,20,113
stable_matching,263,1,169
stable_matching,263,2,183
stable_matching,263,3,20
stable_matching,263,4,37
stable_matching,263,5,9
stable_matching,263,6,22
stable_matching,263,7,59
stable_matching,263,8,2
stable_matching,263,9,17
stable_matching,263,10,1
stable_matching,263,11,160
stable_matching,263,12,18
stable_matching,263,13,10
stable_matching,263,14,11
stable_matching,263,15,15
stable_matching,263,16,26
stable_matching,263,17,34
stable_matching,263,18,51
stable_matching,263,19,32
stable_matching,263,20,19
stable_matching,264,1,26
stable_matching,264,2,2
stable_matching,264,3,9
stable_matching,264,4,10
stable_matching,264,5,145
stable_matching,264,6,22
stable_matching,264,7,84
stable_matching,264,8,103
stable_matching,264,9,66
stable_matching,264,10,31
stable_matching,264,11,57
stable_matching,264,12,80
stable_matching,264,13,171
stable_matching,264,14,1
stable_matching,264,15,92
stable_matching,264,16,11
stable_matching,264,17,104
stable_matching,264,18,138
stable_matching,264,19,111
stable_matching,264,20,110
stable_matching,265,1,2
stable_matching,265,2,133
stable_matching,265,3,166
stable_matching,265,4,111
stable_matching,265,5,108
stable_matching,265,6,104
stable_matching,265,7,109
stable_matching,265,8,57
stable_matching,265,9,107
stable_matching,265,10,106
stable_matching,265,11,110
stable_matching,265,12,152
stable_matching,265,13,143
stable_matching,265,14,10
stable_matching,265,15,26
stable_matching,265,16,130
stable_matching,265,17,147
stable_matching,265,18,80
stable_matching,265,19,9
stable_matching,265,20,66
stable_matching,266,1,9
stable_matching,266,2,84
stable_matching,266,3,22
stable_matching,266,4,46
stable_matching,266,5,32
stable_matching,266,6,103
stable_matching,266,7,68
stable_matching,266,8,26
stable_matching,266,9,145
stable_matching,266,10,66
stable_matching,266,11,31
stable_matching,266,12,1
stable_matching,266,13,2
stable_matching,266,14,11
stable_matching,266,15,174
stable_matching,266,16,92
stable_matching,266,17,138
stable_matching,266,18,10
stable_matching,266,19,199
stable_matching,266,20,43
stable_matching,267,1,36
stable_matching,267,2,61
stable_matching,267,3,165
stable_matching,267,4,34
stable_matching,267,5,71
stable_matching,267,6,53
stable_matching,267,7,62
stable_matching,267,8,66
stable_matching,267,9,1
stable_matching,267,10,17
stable_matching,267,11,2
stable_matching,267,12,10
stable_matching,267,13,20
stable_matching,267,14,15
stable_matching,267,15,189
stable_matching,267,16,46
stable_matching,267,17,19
stable_matching,267,18,26
stable_matching,267,19,125
stable_matching,267,20,3
stable_matching,268,1,36
stable_matching,268,2,61
stable_matching,268,3,62
stable_matching,268,4,34
stable_matching,268,5,102
stable_matching,268,6,53
stable_matching,268,7,71
stable_matching,268,8,66
stable_matching,268,9,22
stable_matching,268,10,189
stable_matching,268,11,2
stable_matching,268,12,9
stable_matching,268,13,125
stable_matching,268,14,17
stable_matching,268,15,1
stable_matching,268,16,10
stable_matching,268,17,11
stable_matching,268,18,26
stable_matching,268,19,18
stable_matching,268,20,57
stable_matching,269,1,17
stable_matching,269,2,20
stable_matching,269,3,37
stable_matching,269,4,160
stable_matching,269,5,93
stable_matching,269,6,10
stable_matching,269,7,169
stable_matching,269,8,15
stable_matching,269,9,102
stable_matching,269,10,19
stable_matching,269,11,183
stable_matching,269,12,18
stable_matching,269,13,71
stable_matching,269,14,34
stable_matching,269,15,151
stable_matching,269,16,53
stable_matching,269,17,80
stable_matching,269,18,61
stable_matching,269,19,51
stable_matching,269,20,125
stable_matching,270,1,106
stable_matching,270,2,108
stable_matching,270,3,2
stable_matching,270,4,133
stable_matching,270,5,130
stable_matching,270,6,147
stable_matching,270,7,166
stable_matching,270,8,57
stable_matching,270,9,111
stable_matching,270,10,109
stable_matching,270,11,104
stable_matching,270,12,107
stable_matching,270,13,175
stable_matching,270,14,110
stable_matching,270,15,15
stable_matching,270,16,152
stable_matching,270,17,27
stable_matching,270,18,26
stable_matching,270,19,10
stable_matching,270,20,143
stable_matching,271,1,9
stable_matching,271,2,84
stable_matching,271,3,103
stable_matching,271,4,22
stable_matching,271,5,26
stable_matching,271,6,46
stable_matching,271,7,32
stable_matching,271,8,43
stable_matching,271,9,68
stable_matching,271,10,2
stable_matching,271,11,10
stable_matching,271,12,118
stable_matching,271,13,145
stable_matching,271,14,150
stable_matching,271,15,57
stable_matching,271,16,191
stable_matching,271,17,31
stable_matching,271,18,80
stable_matching,271,19,1
stable_matching,271,20,11
stable_matching,272,1,2
stable_matching,272,2,133
stable_matching,272,3,166
stable_matching,272,4,108
stable_matching,272,5,109
stable_matching,272,6,111
stable_matching,272,7,104
stable_matching,272,8,107
stable_matching,272,9,110
stable_matching,272,10,106
stable_matching,272,11,57
stable_matching,272,12,152
stable_matching,272,13,130
stable_matching,272,14,143
stable_matching,272,15,26
stable_matching,272,16,147
stable_matching,272,17,10
stable_matching,272,18,66
stable_matching,272,19,80
stable_matching,272,20,175
stable_matching,273,1,36
stable_matching,273,2,34
stable_matching,273,3,2
stable_matching,273,4,53
stable_matching,273,5,9
stable_matching,273,6,61
stable_matching,273,7,62
stable_matching,273,8,71
stable_matching,273,9,66
stable_matching,273,10,22
stable_matching,273,11,17
stable_matching,273,12,1
stable_matching,273,13,10
stable_matching,273,14,26
stable_matching,273,15,11
stable_matching,273,16,125
stable_matching,273,17,102
stable_matching,273,18,20
stable_matching,273,19,31
stable_matching,273,20,19
stable_matching,274,1,12
stable_matching,274,2,50
stable_matching,274,3,69
stable_matching,274,4,63
stable_matching,274,5,81
stable_matching,274,6,46
stable_matching,274,7,73
stable_matching,274,8,43
stable_matching,274,9,3
stable_matching,274,10,114
stable_matching,274,11,165
stable_matching,274,12,141
stable_matching,274,13,194
stable_matching,274,14,159
stable_matching,274,15,126
stable_matching,274,16,150
stable_matching,274,17,62
stable_matching,274,18,177
stable_matching,274,19,76
stable_matching,274,20,1
stable_matching,275,1,9
stable_matching,275,2,145
stable_matching,275,3,84
stable_matching,275,4,26
stable_matching,275,5,22
stable_matching,275,6,1
stable_matching,275,7,11
stable_matching,275,8,138
stable_matching,275,9,66
stable_matching,275,10,31
stable_matching,275,11,2
stable_matching,275,12,92
stable_matching,275,13,10
stable_matching,275,14,46
stable_matching,275,15,51
stable_matching,275,16,86
stable_matching,275,17,32
stable_matching,275,18,119
stable_matching,275,19,57
stable_matching,275,20,113
stable_matching,276,1,36
stable_matching,276,2,61
stable_matching,276,3,62
stable_matching,276,4,17
stable_matching,276,5,22
stable_matching,276,6,2
stable_matching,276,7,9
stable_matching,276,8,1
stable_matching,276,9,10
stable_matching,276,10,11
stable_matching,276,11,18
stable_matching,276,12,20
stable_matching,276,13,102
stable_matching,276,14,34
stable_matching,276,15,19
stable_matching,276,16,26
stable_matching,276,17,15
stable_matching,276,18,53
stable_matching,276,19,46
stable_matching,276,20,37
stable_matching,277,1,20
stable_matching,277,2,37
stable_matching,277,3,17
stable_matching,277,4,169
stable_matching,277,5,93
stable_matching,277,6,183
stable_matching,277,7,34
stable_matching,277,8,151
stable_matching,277,9,18
stable_matching,277,10,53
stable_matching,277,11,19
stable_matching,277,12,61
stable_matching,277,13,10
stable_matching,277,14,71
stable_matching,277,15,15
stable_matching,277,16,59
stable_matching,277,17,51
stable_matching,277,18,160
stable_matching,277,19,176
stable_matching,277,20,80
stable_matching,278,1,12
stable_matching,278,2,69
stable_matching,278,3,50
stable_matching,278,4,63
stable_matching,278,5,81
stable_matching,278,6,46
stable_matching,278,7,114
stable_matching,278,8,3
stable_matching,278,9,73
stable_matching,278,10,43
stable_matching,278,11,141
stable_matching,278,12,165
stable_matching,278,13,194
stable_matching,278,14,62
stable_matching,278,15,126
stable_matching,278,16,150
stable_matching,278,17,20
stable_matching,278,18,159
stable_matching,278,19,37
stable_matching,278,20,17
stable_matching,279,1,36
stable_matching,279,2,61
stable_matching,279,3,62
stable_matching,279,4,102
stable_matching,279,5,34
stable_matching,279,6,53
stable_matching,279,7,71
stable_matching,279,8,66
stable_matching,279,9,189
stable_matching,279,10,125
stable_matching,279,11,2
stable_matching,279,12,1
stable_matching,279,13,161
stable_matching,279,14,17
stable_matching,279,15,11
stable_matching,279,16,22
stable_matching,279,17,15
stable_matching,279,18,10
stable_matching,279,19,26
stable_matching,279,20,165
stable_matching,280,1,9
stable_matching,280,2,84
stable_matching,280,3,43
stable_matching,280,4,103
stable_matching,280,5,118
stable_matching,280,6,150
stable_matching,280,7,22
stable_matching,280,8,1
stable_matching,280,9,46
stable_matching,280,10,2
stable_matching,280,11,32
stable_matching,280,12,11
stable_matching,280,13,10
stable_matching,280,14,26
stable_matching,280,15,66
stable_matching,280,16,68
stable_matching,280,17,36
stable_matching,280,18,80
stable_matching,280,19,57
stable_matching,280,20,141
hybrid,131,1,169
hybrid,131,2,20
hybrid,131,3,37
hybrid,131,4,183
hybrid,131,5,17
hybrid,131,6,160
hybrid,131,7,93
hybrid,131,8,10
hybrid,131,9,18
hybrid,131,10,34
hybrid,131,11,15
hybrid,131,12,19
hybrid,131,13,151
hybrid,131,14,53
hybrid,131,15,71
hybrid,131,16,51
hybrid,131,17,80
hybrid,131,18,61
hybrid,131,19,59
hybrid,131,20,176
hybrid,132,1,50
hybrid,132,2,12
hybrid,132,3,69
hybrid,132,4,63
hybrid,132,5,46
hybrid,132,6,81
hybrid,132,7,73
hybrid,132,8,114
hybrid,132,9,3
hybrid,132,10,43
hybrid,132,11,62
hybrid,132,12,165
hybrid,132,13,194
hybrid,132,14,141
hybrid,132,15,126
hybrid,132,16,150
hybrid,132,17,17
hybrid,132,18,20
hybrid,132,19,177
hybrid,132,20,1
hybrid,133,1,107
hybrid,133,2,110
hybrid,133,3,111
hybrid,133,4,104
hybrid,133,5,109
hybrid,133,6,1
hybrid,133,7,2
hybrid,133,8,11
hybrid,133,9,133
hybrid,133,10,26
hybrid,133,11,10
hybrid,133,12,15
hybrid,133,13,9
hybrid,133,14,27
hybrid,133,15,57
hybrid,133,16,49
hybrid,133,17,108
hybrid,133,18,66
hybrid,133,19,166
hybrid,133,20,80
hybrid,134,1,63
hybrid,134,2,12
hybrid,134,3,69
hybrid,134,4,50
hybrid,134,5,81
hybrid,134,6,46
hybrid,134,7,73
hybrid,134,8,114
hybrid,134,9,43
hybrid,134,10,3
hybrid,134,11,2
hybrid,134,12,62
hybrid,134,13,141
hybrid,134,14,126
hybrid,134,15,194
hybrid,134,16,76
hybrid,134,17,129
hybrid,134,18,17
hybrid,134,19,26
hybrid,134,20,10
hybrid,135,1,61
hybrid,135,2,36
hybrid,135,3,62
hybrid,135,4,102
hybrid,135,5,34
hybrid,135,6,53
hybrid,135,7,71
hybrid,135,8,189
hybrid,135,9,66
hybrid,135,10,125
hybrid,135,11,161
hybrid,135,12,165
hybrid,135,13,2
hybrid,135,14,17
hybrid,135,15,1
hybrid,135,16,20
hybrid,135,17,10
hybrid,135,18,26
hybrid,135,19,180
hybrid,135,20,11
hybrid,136,1,36
hybrid,136,2,61
hybrid,136,3,62
hybrid,136,4,102
hybrid,136,5,34
hybrid,136,6,71
hybrid,136,7,53
hybrid,136,8,66
hybrid,136,9,165
hybrid,136,10,17
hybrid,136,11,1
hybrid,136,12,10
hybrid,136,13,20
hybrid,136,14,15
hybrid,136,15,26
hybrid,136,16,2
hybrid,136,17,189
hybrid,136,18,3
hybrid,136,19,11
hybrid,136,20,19
hybrid,137,1,34
hybrid,137,2,36
hybrid,137,3,61
hybrid,137,4,53
hybrid,137,5,71
hybrid,137,6,189
hybrid,137,7,66
hybrid,137,8,62
hybrid,137,9,102
hybrid,137,10,125
hybrid,137,11,161
hybrid,137,12,165
hybrid,137,13,17
hybrid,137,14,2
hybrid,137,15,22
hybrid,137,16,9
hybrid,137,17,1
hybrid,137,18,11
hybrid,137,19,180
hybrid,137,20,10
hybrid,138,1,3
hybrid,138,2,62
hybrid,138,3,59
hybrid,138,4,36
hybrid,138,5,48
hybrid,138,6,2
hybrid,138,7,17
hybrid,138,8,20
hybrid,138,9,1
hybrid,138,10,10
hybrid,138,11,76
hybrid,138,12,11
hybrid,138,13,15
hybrid,138,14,26
hybrid,138,15,71
hybrid,138,16,9
hybrid,138,17,61
hybrid,138,18,22
hybrid,138,19,34
hybrid,138,20,37
hybrid,139,1,169
hybrid,139,2,17
hybrid,139,3,20
hybrid,139,4,37
hybrid,139,5,93
hybrid,139,6,18
hybrid,139,7,10
hybrid,139,8,51
hybrid,139,9,34
hybrid,139,10,15
hybrid,139,11,183
hybrid,139,12,19
hybrid,139,13,53
hybrid,139,14,151
hybrid,139,15,9
hybrid,139,16,22
hybrid,139,17,1
hybrid,139,18,11
hybrid,139,19,80
hybrid,139,20,176
hybrid,140,1,165
hybrid,140,2,36
hybrid,140,3,61
hybrid,140,4,62
hybrid,140,5,102
hybrid,140,6,71
hybrid,140,7,34
hybrid,140,8,53
hybrid,140,9,66
hybrid,140,10,17
hybrid,140,11,1
hybrid,140,12,10
hybrid,140,13,2
hybrid,140,14,26
hybrid,140,15,15
hybrid,140,16,20
hybrid,140,17,189
hybrid,140,18,3
hybrid,140,19,9
hybrid,140,20,22
hybrid,141,1,133
hybrid,141,2,2
hybrid,141,3,166
hybrid,141,4,110
hybrid,141,5,111
hybrid,141,6,108
hybrid,141,7,106
hybrid,141,8,107
hybrid,141,9,104
hybrid,141,10,109
hybrid,141,11,57
hybrid,141,12,152
hybrid,141,13,130
hybrid,141,14,26
hybrid,141,15,147
hybrid,141,16,143
hybrid,141,17,10
hybrid,141,18,1
hybrid,141,19,11
hybrid,141,20,66
hybrid,142,1,93
hybrid,142,2,17
hybrid,142,3,151
hybrid,142,4,18
hybrid,142,5,20
hybrid,142,6,34
hybrid,142,7,19
hybrid,142,8,51
hybrid,142,9,37
hybrid,142,10,53
hybrid,142,11,169
hybrid,142,12,160
hybrid,142,13,10
hybrid,142,14,125
hybrid,142,15,15
hybrid,142,16,183
hybrid,142,17,1
hybrid,142,18,80
hybrid,142,19,71
hybrid,142,20,11
hybrid,143,1,102
hybrid,143,2,36
hybrid,143,3,61
hybrid,143,4,62
hybrid,143,5,34
hybrid,143,6,53
hybrid,143,7,71
hybrid,143,8,66
hybrid,143,9,189
hybrid,143,10,125
hybrid,143,11,161
hybrid,143,12,2
hybrid,143,13,15
hybrid,143,14,17
hybrid,143,15,165
hybrid,143,16,11
hybrid,143,17,9
hybrid,143,18,22
hybrid,143,19,1
hybrid,143,20,10
hybrid,144,1,176
hybrid,144,2,17
hybrid,144,3,18
hybrid,144,4,34
hybrid,144,5,20
hybrid,144,6,19
hybrid,144,7,37
hybrid,144,8,53
hybrid,144,9,51
hybrid,144,10,93
hybrid,144,11,1
hybrid,144,12,11
hybrid,144,13,125
hybrid,144,14,22
hybrid,144,15,151
hybrid,144,16,9
hybrid,144,17,3
hybrid,144,18,2
hybrid,144,19,49
hybrid,144,20,31
hybrid,145,1,36
hybrid,145,2,62
hybrid,145,3,61
hybrid,145,4,17
hybrid,145,5,102
hybrid,145,6,10
hybrid,145,7,1
hybrid,145,8,20
hybrid,145,9,18
hybrid,145,10,15
hybrid,145,11,3
hybrid,145,12,2
hybrid,145,13,37
hybrid,145,14,34
hybrid,145,15,9
hybrid,145,16,19
hybrid,145,17,71
hybrid,145,18,22
hybrid,145,19,26
hybrid,145,20,11
hybrid,146,1,2
hybrid,146,2,108
hybrid,146,3,106
hybrid,146,4,152
hybrid,146,5,57
hybrid,146,6,143
hybrid,146,7,20
hybrid,146,8,130
hybrid,146,9,133
hybrid,146,10,10
hybrid,146,11,19
hybrid,146,12,147
hybrid,146,13,26
hybrid,146,14,71
hybrid,146,15,166
hybrid,146,16,63
hybrid,146,17,66
hybrid,146,18,80
hybrid,146,19,111
hybrid,146,20,92
hybrid,147,1,10
hybrid,147,2,2
hybrid,147,3,26
hybrid,147,4,110
hybrid,147,5,104
hybrid,147,6,111
hybrid,147,7,107
hybrid,147,8,80
hybrid,147,9,109
hybrid,147,10,66
hybrid,147,11,57
hybrid,147,12,152
hybrid,147,13,132
hybrid,147,14,92
hybrid,147,15,143
hybrid,147,16,142
hybrid,147,17,144
hybrid,147,18,1
hybrid,147,19,11
hybrid,147,20,15
hybrid,148,1,20
hybrid,148,2,17
hybrid,148,3,37
hybrid,148,4,93
hybrid,148,5,151
hybrid,148,6,18
hybrid,148,7,34
hybrid,148,8,19
hybrid,148,9,176
hybrid,148,10,53
hybrid,148,11,51
hybrid,148,12,169
hybrid,148,13,10
hybrid,148,14,125
hybrid,148,15,15
hybrid,148,16,183
hybrid,148,17,80
hybrid,148,18,71
hybrid,148,19,22
hybrid,148,20,1
hybrid,149,1,36
hybrid,149,2,61
hybrid,149,3,62
hybrid,149,4,102
hybrid,149,5,34
hybrid,149,6,53
hybrid,149,7,71
hybrid,149,8,66
hybrid,149,9,189
hybrid,149,10,125
hybrid,149,11,161
hybrid,149,12,165
hybrid,149,13,2
hybrid,149,14,180
hybrid,149,15,20
hybrid,149,16,17
hybrid,149,17,1
hybrid,149,18,26
hybrid,149,19,10
hybrid,149,20,15
hybrid,150,1,46
hybrid,150,2,9
hybrid,150,3,22
hybrid,150,4,32
hybrid,150,5,84
hybrid,150,6,68
hybrid,150,7,103
hybrid,150,8,26
hybrid,150,9,191
hybrid,150,10,174
hybrid,150,11,31
hybrid,150,12,43
hybrid,150,13,199
hybrid,150,14,2
hybrid,150,15,10
hybrid,150,16,141
hybrid,150,17,15
hybrid,150,18,73
hybrid,150,19,51
hybrid,150,20,150
hybrid,151,1,1
hybrid,151,2,11
hybrid,151,3,9
hybrid,151,4,113
hybrid,151,5,119
hybrid,151,6,84
hybrid,151,7,92
hybrid,151,8,66
hybrid,151,9,2
hybrid,151,10,22
hybrid,151,11,18
hybrid,151,12,17
hybrid,151,13,138
hybrid,151,14,145
hybrid,151,15,34
hybrid,151,16,10
hybrid,151,17,3
hybrid,151,18,26
hybrid,151,19,46
hybrid,151,20,32
hybrid,152,1,18
hybrid,152,2,17
hybrid,152,3,34
hybrid,152,4,19
hybrid,152,5,20
hybrid,152,6,176
hybrid,152,7,53
hybrid,152,8,37
hybrid,152,9,51
hybrid,152,10,1
hybrid,152,11,93
hybrid,152,12,180
hybrid,152,13,11
hybrid,152,14,22
hybrid,152,15,125
hybrid,152,16,102
hybrid,152,17,9
hybrid,152,18,2
hybrid,152,19,151
hybrid,152,20,31
hybrid,153,1,93
hybrid,153,2,17
hybrid,153,3,20
hybrid,153,4,151
hybrid,153,5,34
hybrid,153,6,19
hybrid,153,7,53
hybrid,153,8,10
hybrid,153,9,61
hybrid,153,10,37
hybrid,153,11,71
hybrid,153,12,18
hybrid,153,13,15
hybrid,153,14,160
hybrid,153,15,1
hybrid,153,16,51
hybrid,153,17,169
hybrid,153,18,11
hybrid,153,19,178
hybrid,153,20,102
hybrid,154,1,10
hybrid,154,2,17
hybrid,154,3,102
hybrid,154,4,15
hybrid,154,5,20
hybrid,154,6,169
hybrid,154,7,37
hybrid,154,8,93
hybrid,154,9,18
hybrid,154,10,80
hybrid,154,11,160
hybrid,154,12,71
hybrid,154,13,51
hybrid,154,14,61
hybrid,154,15,19
hybrid,154,16,34
hybrid,154,17,53
hybrid,154,18,9
hybrid,154,19,144
hybrid,154,20,183
hybrid,155,1,61
hybrid,155,2,36
hybrid,155,3,62
hybrid,155,4,102
hybrid,155,5,34
hybrid,155,6,53
hybrid,155,7,71
hybrid,155,8,66
hybrid,155,9,189
hybrid,155,10,125
hybrid,155,11,165
hybrid,155,12,161
hybrid,155,13,17
hybrid,155,14,10
hybrid,155,15,2
hybrid,155,16,180
hybrid,155,17,20
hybrid,155,18,1
hybrid,155,19,9
hybrid,155,20,15
hybrid,156,1,37
hybrid,156,2,17
hybrid,156,3,20
hybrid,156,4,93
hybrid,156,5,102
hybrid,156,6,19
hybrid,156,7,18
hybrid,156,8,34
hybrid,156,9,10
hybrid,156,10,15
hybrid,156,11,151
hybrid,156,12,53
hybrid,156,13,51
hybrid,156,14,71
hybrid,156,15,59
hybrid,156,16,176
hybrid,156,17,1
hybrid,156,18,11
hybrid,156,19,61
hybrid,156,20,169
hybrid,157,1,36
hybrid,157,2,61
hybrid,157,3,62
hybrid,157,4,102
hybrid,157,5,34
hybrid,157,6,53
hybrid,157,7,66
hybrid,157,8,71
hybrid,157,9,189
hybrid,157,10,2
hybrid,157,11,125
hybrid,157,12,15
hybrid,157,13,1
hybrid,157,14,17
hybrid,157,15,11
hybrid,157,16,26
hybrid,157,17,22
hybrid,157,18,10
hybrid,157,19,161
hybrid,157,20,9
hybrid,158,1,189
hybrid,158,2,36
hybrid,158,3,61
hybrid,158,4,62
hybrid,158,5,34
hybrid,158,6,71
hybrid,158,7,53
hybrid,158,8,66
hybrid,158,9,125
hybrid,158,10,2
hybrid,158,11,102
hybrid,158,12,1
hybrid,158,13,161
hybrid,158,14,17
hybrid,158,15,22
hybrid,158,16,11
hybrid,158,17,26
hybrid,158,18,15
hybrid,158,19,10
hybrid,158,20,57
hybrid,159,1,36
hybrid,159,2,61
hybrid,159,3,62
hybrid,159,4,102
hybrid,159,5,34
hybrid,159,6,53
hybrid,159,7,71
hybrid,159,8,189
hybrid,159,9,2
hybrid,159,10,66
hybrid,159,11,125
hybrid,159,12,9
hybrid,159,13,1
hybrid,159,14,22
hybrid,159,15,11
hybrid,159,16,17
hybrid,159,17,10
hybrid,159,18,161
hybrid,159,19,26
hybrid,159,20,15
hybrid,160,1,11
hybrid,160,2,1
hybrid,160,3,17
hybrid,160,4,22
hybrid,160,5,9
hybrid,160,6,169
hybrid,160,7,18
hybrid,160,8,49
hybrid,160,9,20
hybrid,160,10,19
hybrid,160,11,2
hybrid,160,12,34
hybrid,160,13,3
hybrid,160,14,32
hybrid,160,15,31
hybrid,160,16,183
hybrid,160,17,51
hybrid,160,18,37
hybrid,160,19,176
hybrid,160,20,46
hybrid,161,1,3
hybrid,161,2,59
hybrid,161,3,62
hybrid,161,4,76
hybrid,161,5,2
hybrid,161,6,48
hybrid,161,7,129
hybrid,161,8,15
hybrid,161,9,1
hybrid,161,10,17
hybrid,161,11,11
hybrid,161,12,26
hybrid,161,13,10
hybrid,161,14,22
hybrid,161,15,9
hybrid,161,16,20
hybrid,161,17,147
hybrid,161,18,19
hybrid,161,19,57
hybrid,161,20,36
hybrid,162,1,93
hybrid,162,2,17
hybrid,162,3,102
hybrid,162,4,18
hybrid,162,5,34
hybrid,162,6,151
hybrid,162,7,19
hybrid,162,8,51
hybrid,162,9,10
hybrid,162,10,15
hybrid,162,11,20
hybrid,162,12,1
hybrid,162,13,11
hybrid,162,14,37
hybrid,162,15,53
hybrid,162,16,9
hybrid,162,17,71
hybrid,162,18,22
hybrid,162,19,178
hybrid,162,20,80
hybrid,163,1,63
hybrid,163,2,50
hybrid,163,3,69
hybrid,163,4,12
hybrid,163,5,165
hybrid,163,6,46
hybrid,163,7,73
hybrid,163,8,81
hybrid,163,9,43
hybrid,163,10,3
hybrid,163,11,114
hybrid,163,12,62
hybrid,163,13,126
hybrid,163,14,150
hybrid,163,15,59
hybrid,163,16,141
hybrid,163,17,36
hybrid,163,18,17
hybrid,163,19,194
hybrid,163,20,20
hybrid,164,1,84
hybrid,164,2,9
hybrid,164,3,22
hybrid,164,4,32
hybrid,164,5,46
hybrid,164,6,68
hybrid,164,7,103
hybrid,164,8,26
hybrid,164,9,145
hybrid,164,10,31
hybrid,164,11,1
hybrid,164,12,11
hybrid,164,13,2
hybrid,164,14,174
hybrid,164,15,43
hybrid,164,16,92
hybrid,164,17,199
hybrid,164,18,66
hybrid,164,19,138
hybrid,164,20,10
hybrid,165,1,166
hybrid,165,2,2
hybrid,165,3,133
hybrid,165,4,57
hybrid,165,5,109
hybrid,165,6,104
hybrid,165,7,110
hybrid,165,8,106
hybrid,165,9,111
hybrid,165,10,107
hybrid,165,11,108
hybrid,165,12,152
hybrid,165,13,26
hybrid,165,14,10
hybrid,165,15,143
hybrid,165,16,130
hybrid,165,17,147
hybrid,165,18,9
hybrid,165,19,80
hybrid,165,20,92
hybrid,166,1,110
hybrid,166,2,2
hybrid,166,3,133
hybrid,166,4,166
hybrid,166,5,108
hybrid,166,6,111
hybrid,166,7,106
hybrid,166,8,57
hybrid,166,9,107
hybrid,166,10,104
hybrid,166,11,109
hybrid,166,12,152
hybrid,166,13,143
hybrid,166,14,147
hybrid,166,15,10
hybrid,166,16,130
hybrid,166,17,26
hybrid,166,18,80
hybrid,166,19,1
hybrid,166,20,66
hybrid,167,1,62
hybrid,167,2,36
hybrid,167,3,61
hybrid,167,4,102
hybrid,167,5,34
hybrid,167,6,53
hybrid,167,7,71
hybrid,167,8,165
hybrid,167,9,66
hybrid,167,10,1
hybrid,167,11,11
hybrid,167,12,9
hybrid,167,13,17
hybrid,167,14,10
hybrid,167,15,2
hybrid,167,16,26
hybrid,167,17,161
hybrid,167,18,125
hybrid,167,19,20
hybrid,167,20,15
hybrid,168,1,36
hybrid,168,2,61
hybrid,168,3,62
hybrid,168,4,102
hybrid,168,5,34
hybrid,168,6,71
hybrid,168,7,53
hybrid,168,8,66
hybrid,168,9,189
hybrid,168,10,125
hybrid,168,11,165
hybrid,168,12,161
hybrid,168,13,17
hybrid,168,14,1
hybrid,168,15,2
hybrid,168,16,20
hybrid,168,17,15
hybrid,168,18,10
hybrid,168,19,18
hybrid,168,20,3
hybrid,169,1,36
hybrid,169,2,61
hybrid,169,3,62
hybrid,169,4,102
hybrid,169,5,34
hybrid,169,6,53
hybrid,169,7,71
hybrid,169,8,66
hybrid,169,9,189
hybrid,169,10,125
hybrid,169,11,161
hybrid,169,12,1
hybrid,169,13,165
hybrid,169,14,2
hybrid,169,15,20
hybrid,169,16,17
hybrid,169,17,11
hybrid,169,18,26
hybrid,169,19,180
hybrid,169,20,15
hybrid,170,1,69
hybrid,170,2,50
hybrid,170,3,12
hybrid,170,4,165
hybrid,170,5,63
hybrid,170,6,73
hybrid,170,7,46
hybrid,170,8,81
hybrid,170,9,43
hybrid,170,10,114
hybrid,170,11,194
hybrid,170,12,59
hybrid,170,13,36
hybrid,170,14,150
hybrid,170,15,141
hybrid,170,16,177
hybrid,170,17,126
hybrid,170,18,48
hybrid,170,19,159
hybrid,170,20,2
hybrid,171,1,106
hybrid,171,2,108
hybrid,171,3,2
hybrid,171,4,133
hybrid,171,5,130
hybrid,171,6,147
hybrid,171,7,166
hybrid,171,8,57
hybrid,171,9,175
hybrid,171,10,104
hybrid,171,11,109
hybrid,171,12,110
hybrid,171,13,111
hybrid,171,14,107
hybrid,171,15,15
hybrid,171,16,152
hybrid,171,17,27
hybrid,171,18,26
hybrid,171,19,10
hybrid,171,20,101
hybrid,172,1,103
hybrid,172,2,9
hybrid,172,3,84
hybrid,172,4,22
hybrid,172,5,26
hybrid,172,6,46
hybrid,172,7,32
hybrid,172,8,68
hybrid,172,9,43
hybrid,172,10,2
hybrid,172,11,10
hybrid,172,12,118
hybrid,172,13,150
hybrid,172,14,191
hybrid,172,15,31
hybrid,172,16,1
hybrid,172,17,145
hybrid,172,18,174
hybrid,172,19,57
hybrid,172,20,80
hybrid,173,1,9
hybrid,173,2,84
hybrid,173,3,22
hybrid,173,4,46
hybrid,173,5,32
hybrid,173,6,68
hybrid,173,7,103
hybrid,173,8,26
hybrid,173,9,145
hybrid,173,10,2
hybrid,173,11,31
hybrid,173,12,1
hybrid,173,13,174
hybrid,173,14,11
hybrid,173,15,92
hybrid,173,16,66
hybrid,173,17,10
hybrid,173,18,43
hybrid,173,19,199
hybrid,173,20,138
hybrid,174,1,9
hybrid,174,2,84
hybrid,174,3,22
hybrid,174,4,32
hybrid,174,5,46
hybrid,174,6,68
hybrid,174,7,103
hybrid,174,8,26
hybrid,174,9,145
hybrid,174,10,31
hybrid,174,11,43
hybrid,174,12,174
hybrid,174,13,2
hybrid,174,14,199
hybrid,174,15,92
hybrid,174,16,1
hybrid,174,17,11
hybrid,174,18,66
hybrid,174,19,10
hybrid,174,20,138
hybrid,175,1,17
hybrid,175,2,93
hybrid,175,3,151
hybrid,175,4,18
hybrid,175,5,34
hybrid,175,6,19
hybrid,175,7,20
hybrid,175,8,51
hybrid,175,9,169
hybrid,175,10,53
hybrid,175,11,37
hybrid,175,12,160
hybrid,175,13,10
hybrid,175,14,15
hybrid,175,15,125
hybrid,175,16,183
hybrid,175,17,80
hybrid,175,18,9
hybrid,175,19,71
hybrid,175,20,22
hybrid,176,1,12
hybrid,176,2,50
hybrid,176,3,69
hybrid,176,4,81
hybrid,176,5,63
hybrid,176,6,73
hybrid,176,7,194
hybrid,176,8,114
hybrid,176,9,43
hybrid,176,10,141
hybrid,176,11,177
hybrid,176,12,159
hybrid,176,13,126
hybrid,176,14,150
hybrid,176,15,1
hybrid,176,16,46
hybrid,176,17,11
hybrid,176,18,17
hybrid,176,19,10
hybrid,176,20,26
hybrid,177,1,36
hybrid,177,2,61
hybrid,177,3,62
hybrid,177,4,34
hybrid,177,5,102
hybrid,177,6,2
hybrid,177,7,9
hybrid,177,8,22
hybrid,177,9,17
hybrid,177,10,53
hybrid,177,11,71
hybrid,177,12,1
hybrid,177,13,165
hybrid,177,14,10
hybrid,177,15,18
hybrid,177,16,11
hybrid,177,17,15
hybrid,177,18,26
hybrid,177,19,32
hybrid,177,20,66
hybrid,178,1,22
hybrid,178,2,9
hybrid,178,3,32
hybrid,178,4,46
hybrid,178,5,84
hybrid,178,6,68
hybrid,178,7,174
hybrid,178,8,43
hybrid,178,9,1
hybrid,178,10,11
hybrid,178,11,199
hybrid,178,12,17
hybrid,178,13,103
hybrid,178,14,49
hybrid,178,15,18
hybrid,178,16,31
hybrid,178,17,2
hybrid,178,18,118
hybrid,178,19,19
hybrid,178,20,3
hybrid,179,1,81
hybrid,179,2,12
hybrid,179,3,50
hybrid,179,4,69
hybrid,179,5,63
hybrid,179,6,73
hybrid,179,7,43
hybrid,179,8,114
hybrid,179,9,3
hybrid,179,10,59
hybrid,179,11,165
hybrid,179,12,48
hybrid,179,13,46
hybrid,179,14,141
hybrid,179,15,194
hybrid,179,16,159
hybrid,179,17,150
hybrid,179,18,126
hybrid,179,19,1
hybrid,179,20,177
hybrid,180,1,53
hybrid,180,2,36
hybrid,180,3,61
hybrid,180,4,62
hybrid,180,5,34
hybrid,180,6,102
hybrid,180,7,71
hybrid,180,8,2
hybrid,180,9,9
hybrid,180,10,17
hybrid,180,11,165
hybrid,180,12,22
hybrid,180,13,1
hybrid,180,14,10
hybrid,180,15,11
hybrid,180,16,66
hybrid,180,17,18
hybrid,180,18,125
hybrid,180,19,15
hybrid,180,20,26
hybrid,181,1,20
hybrid,181,2,37
hybrid,181,3,17
hybrid,181,4,10
hybrid,181,5,15
hybrid,181,6,169
hybrid,181,7,80
hybrid,181,8,71
hybrid,181,9,59
hybrid,181,10,93
hybrid,181,11,61
hybrid,181,12,183
hybrid,181,13,144
hybrid,181,14,143
hybrid,181,15,142
hybrid,181,16,102
hybrid,181,17,19
hybrid,181,18,2
hybrid,181,19,18
hybrid,181,20,51
hybrid,182,1,2
hybrid,182,2,133
hybrid,182,3,166
hybrid,182,4,104
hybrid,182,5,111
hybrid,182,6,106
hybrid,182,7,109
hybrid,182,8,57
hybrid,182,9,108
hybrid,182,10,110
hybrid,182,11,107
hybrid,182,12,152
hybrid,182,13,143
hybrid,182,14,10
hybrid,182,15,26
hybrid,182,16,130
hybrid,182,17,147
hybrid,182,18,9
hybrid,182,19,1
hybrid,182,20,80
hybrid,183,1,26
hybrid,183,2,2
hybrid,183,3,9
hybrid,183,4,10
hybrid,183,5,22
hybrid,183,6,145
hybrid,183,7,84
hybrid,183,8,31
hybrid,183,9,66
hybrid,183,10,171
hybrid,183,11,80
hybrid,183,12,103
hybrid,183,13,57
hybrid,183,14,92
hybrid,183,15,1
hybrid,183,16,11
hybrid,183,17,111
hybrid,183,18,110
hybrid,183,19,104
hybrid,183,20,143
hybrid,184,1,166
hybrid,184,2,2
hybrid,184,3,133
hybrid,184,4,108
hybrid,184,5,111
hybrid,184,6,110
hybrid,184,7,106
hybrid,184,8,104
hybrid,184,9,57
hybrid,184,10,109
hybrid,184,11,107
hybrid,184,12,152
hybrid,184,13,143
hybrid,184,14,26
hybrid,184,15,10
hybrid,184,16,130
hybrid,184,17,147
hybrid,184,18,66
hybrid,184,19,80
hybrid,184,20,92
hybrid,185,1,169
hybrid,185,2,183
hybrid,185,3,20
hybrid,185,4,37
hybrid,185,5,9
hybrid,185,6,59
hybrid,185,7,22
hybrid,185,8,2
hybrid,185,9,160
hybrid,185,10,18
hybrid,185,11,17
hybrid,185,12,1
hybrid,185,13,10
hybrid,185,14,11
hybrid,185,15,32
hybrid,185,16,46
hybrid,185,17,51
hybrid,185,18,34
hybrid,185,19,26
hybrid,185,20,15
hybrid,186,1,11
hybrid,186,2,1
hybrid,186,3,17
hybrid,186,4,3
hybrid,186,5,34
hybrid,186,6,18
hybrid,186,7,22
hybrid,186,8,9
hybrid,186,9,19
hybrid,186,10,53
hybrid,186,11,31
hybrid,186,12,51
hybrid,186,13,66
hybrid,186,14,46
hybrid,186,15,32
hybrid,186,16,36
hybrid,186,17,49
hybrid,186,18,48
hybrid,186,19,86
hybrid,186,20,84
hybrid,187,1,102
hybrid,187,2,36
hybrid,187,3,61
hybrid,187,4,62
hybrid,187,5,34
hybrid,187,6,53
hybrid,187,7,71
hybrid,187,8,66
hybrid,187,9,165
hybrid,187,10,1
hybrid,187,11,2
hybrid,187,12,11
hybrid,187,13,26
hybrid,187,14,17
hybrid,187,15,125
hybrid,187,16,9
hybrid,187,17,189
hybrid,187,18,20
hybrid,187,19,32
hybrid,187,20,22
hybrid,188,1,103
hybrid,188,2,9
hybrid,188,3,84
hybrid,188,4,26
hybrid,188,5,22
hybrid,188,6,46
hybrid,188,7,32
hybrid,188,8,43
hybrid,188,9,68
hybrid,188,10,2
hybrid,188,11,10
hybrid,188,12,31
hybrid,188,13,118
hybrid,188,14,150
hybrid,188,15,145
hybrid,188,16,80
hybrid,188,17,66
hybrid,188,18,57
hybrid,188,19,1
hybrid,188,20,191
hybrid,189,1,9
hybrid,189,2,84
hybrid,189,3,22
hybrid,189,4,32
hybrid,189,5,46
hybrid,189,6,68
hybrid,189,7,103
hybrid,189,8,26
hybrid,189,9,145
hybrid,189,10,43
hybrid,189,11,174
hybrid,189,12,1
hybrid,189,13,2
hybrid,189,14,31
hybrid,189,15,199
hybrid,189,16,11
hybrid,189,17,92
hybrid,189,18,118
hybrid,189,19,10
hybrid,189,20,138
hybrid,190,1,107
hybrid,190,2,111
hybrid,190,3,109
hybrid,190,4,110
hybrid,190,5,104
hybrid,190,6,2
hybrid,190,7,133
hybrid,190,8,1
hybrid,190,9,11
hybrid,190,10,15
hybrid,190,11,27
hybrid,190,12,10
hybrid,190,13,49
hybrid,190,14,26
hybrid,190,15,166
hybrid,190,16,57
hybrid,190,17,9
hybrid,190,18,101
hybrid,190,19,108
hybrid,190,20,106
hybrid,191,1,110
hybrid,191,2,111
hybrid,191,3,104
hybrid,191,4,107
hybrid,191,5,109
hybrid,191,6,2
hybrid,191,7,133
hybrid,191,8,10
hybrid,191,9,26
hybrid,191,10,15
hybrid,191,11,27
hybrid,191,12,80
hybrid,191,13,108
hybrid,191,14,166
hybrid,191,15,57
hybrid,191,16,106
hybrid,191,17,66
hybrid,191,18,101
hybrid,191,19,1
hybrid,191,20,152
hybrid,192,1,152
hybrid,192,2,2
hybrid,192,3,57
hybrid,192,4,1
hybrid,192,5,11
hybrid,192,6,192
hybrid,192,7,143
hybrid,192,8,26
hybrid,192,9,133
hybrid,192,10,63
hybrid,192,11,9
hybrid,192,12,10
hybrid,192,13,20
hybrid,192,14,19
hybrid,192,15,71
hybrid,192,16,166
hybrid,192,17,66
hybrid,192,18,80
hybrid,192,19,84
hybrid,192,20,108
hybrid,193,1,12
hybrid,193,2,50
hybrid,193,3,69
hybrid,193,4,81
hybrid,193,5,63
hybrid,193,6,73
hybrid,193,7,114
hybrid,193,8,43
hybrid,193,9,194
hybrid,193,10,141
hybrid,193,11,126
hybrid,193,12,48
hybrid,193,13,59
hybrid,193,14,159
hybrid,193,15,177
hybrid,193,16,165
hybrid,193,17,46
hybrid,193,18,150
hybrid,193,19,1
hybrid,193,20,17
hybrid,194,1,84
hybrid,194,2,9
hybrid,194,3,22
hybrid,194,4,32
hybrid,194,5,46
hybrid,194,6,68
hybrid,194,7,103
hybrid,194,8,26
hybrid,194,9,145
hybrid,194,10,174
hybrid,194,11,31
hybrid,194,12,66
hybrid,194,13,1
hybrid,194,14,11
hybrid,194,15,43
hybrid,194,16,2
hybrid,194,17,199
hybrid,194,18,92
hybrid,194,19,138
hybrid,194,20,10
hybrid,195,1,61
hybrid,195,2,36
hybrid,195,3,62
hybrid,195,4,2
hybrid,195,5,102
hybrid,195,6,34
hybrid,195,7,71
hybrid,195,8,53
hybrid,195,9,1
hybrid,195,10,17
hybrid,195,11,66
hybrid,195,12,22
hybrid,195,13,165
hybrid,195,14,11
hybrid,195,15,125
hybrid,195,16,10
hybrid,195,17,15
hybrid,195,18,26
hybrid,195,19,57
hybrid,195,20,9
hybrid,196,1,43
hybrid,196,2,9
hybrid,196,3,84
hybrid,196,4,103
hybrid,196,5,118
hybrid,196,6,22
hybrid,196,7,150
hybrid,196,8,2
hybrid,196,9,46
hybrid,196,10,32
hybrid,196,11,1
hybrid,196,12,11
hybrid,196,13,26
hybrid,196,14,10
hybrid,196,15,68
hybrid,196,16,57
hybrid,196,17,141
hybrid,196,18,111
hybrid,196,19,66
hybrid,196,20,104
hybrid,197,1,145
hybrid,197,2,9
hybrid,197,3,84
hybrid,197,4,22
hybrid,197,5,26
hybrid,197,6,1
hybrid,197,7,11
hybrid,197,8,31
hybrid,197,9,138
hybrid,197,10,92
hybrid,197,11,66
hybrid,197,12,2
hybrid,197,13,10
hybrid,197,14,86
hybrid,197,15,51
hybrid,197,16,32
hybrid,197,17,46
hybrid,197,18,119
hybrid,197,19,57
hybrid,197,20,107
hybrid,198,1,36
hybrid,198,2,62
hybrid,198,3,61
hybrid,198,4,17
hybrid,198,5,1
hybrid,198,6,10
hybrid,198,7,2
hybrid,198,8,19
hybrid,198,9,15
hybrid,198,10,11
hybrid,198,11,26
hybrid,198,12,3
hybrid,198,13,102
hybrid,198,14,20
hybrid,198,15,37
hybrid,198,16,9
hybrid,198,17,22
hybrid,198,18,18
hybrid,198,19,71
hybrid,198,20,34
hybrid,199,1,50
hybrid,199,2,12
hybrid,199,3,69
hybrid,199,4,81
hybrid,199,5,63
hybrid,199,6,3
hybrid,199,7,73
hybrid,199,8,114
hybrid,199,9,194
hybrid,199,10,43
hybrid,199,11,141
hybrid,199,12,159
hybrid,199,13,150
hybrid,199,14,177
hybrid,199,15,126
hybrid,199,16,46
hybrid,199,17,1
hybrid,199,18,76
hybrid,199,19,17
hybrid,199,20,10
hybrid,200,1,145
hybrid,200,2,9
hybrid,200,3,22
hybrid,200,4,84
hybrid,200,5,26
hybrid,200,6,31
hybrid,200,7,11
hybrid,200,8,1
hybrid,200,9,2
hybrid,200,10,92
hybrid,200,11,138
hybrid,200,12,66
hybrid,200,13,10
hybrid,200,14,46
hybrid,200,15,57
hybrid,200,16,86
hybrid,200,17,32
hybrid,200,18,51
hybrid,200,19,68
hybrid,200,20,80
hybrid,201,1,37
hybrid,201,2,20
hybrid,201,3,169
hybrid,201,4,15
hybrid,201,5,17
hybrid,201,6,10
hybrid,201,7,183
hybrid,201,8,102
hybrid,201,9,80
hybrid,201,10,93
hybrid,201,11,59
hybrid,201,12,71
hybrid,201,13,19
hybrid,201,14,61
hybrid,201,15,160
hybrid,201,16,18
hybrid,201,17,144
hybrid,201,18,34
hybrid,201,19,2
hybrid,201,20,142
hybrid,202,1,110
hybrid,202,2,107
hybrid,202,3,111
hybrid,202,4,104
hybrid,202,5,109
hybrid,202,6,1
hybrid,202,7,2
hybrid,202,8,11
hybrid,202,9,133
hybrid,202,10,15
hybrid,202,11,10
hybrid,202,12,9
hybrid,202,13,26
hybrid,202,14,49
hybrid,202,15,27
hybrid,202,16,166
hybrid,202,17,57
hybrid,202,18,108
hybrid,202,19,66
hybrid,202,20,80
hybrid,203,1,36
hybrid,203,2,61
hybrid,203,3,62
hybrid,203,4,34
hybrid,203,5,102
hybrid,203,6,53
hybrid,203,7,66
hybrid,203,8,71
hybrid,203,9,189
hybrid,203,10,125
hybrid,203,11,17
hybrid,203,12,161
hybrid,203,13,20
hybrid,203,14,19
hybrid,203,15,10
hybrid,203,16,165
hybrid,203,17,2
hybrid,203,18,26
hybrid,203,19,18
hybrid,203,20,22
hybrid,204,1,62
hybrid,204,2,36
hybrid,204,3,61
hybrid,204,4,102
hybrid,204,5,34
hybrid,204,6,53
hybrid,204,7,71
hybrid,204,8,66
hybrid,204,9,20
hybrid,204,10,17
hybrid,204,11,1
hybrid,204,12,37
hybrid,204,13,10
hybrid,204,14,15
hybrid,204,15,18
hybrid,204,16,19
hybrid,204,17,3
hybrid,204,18,11
hybrid,204,19,2
hybrid,204,20,125
hybrid,205,1,17
hybrid,205,2,20
hybrid,205,3,37
hybrid,205,4,169
hybrid,205,5,93
hybrid,205,6,160
hybrid,205,7,10
hybrid,205,8,102
hybrid,205,9,15
hybrid,205,10,183
hybrid,205,11,19
hybrid,205,12,18
hybrid,205,13,34
hybrid,205,14,71
hybrid,205,15,151
hybrid,205,16,53
hybrid,205,17,80
hybrid,205,18,61
hybrid,205,19,51
hybrid,205,20,125
hybrid,206,1,18
hybrid,206,2,17
hybrid,206,3,34
hybrid,206,4,19
hybrid,206,5,53
hybrid,206,6,51
hybrid,206,7,1
hybrid,206,8,93
hybrid,206,9,180
hybrid,206,10,11
hybrid,206,11,125
hybrid,206,12,3
hybrid,206,13,102
hybrid,206,14,9
hybrid,206,15,20
hybrid,206,16,151
hybrid,206,17,22
hybrid,206,18,37
hybrid,206,19,31
hybrid,206,20,48
hybrid,207,1,2
hybrid,207,2,133
hybrid,207,3,166
hybrid,207,4,108
hybrid,207,5,111
hybrid,207,6,106
hybrid,207,7,57
hybrid,207,8,107
hybrid,207,9,109
hybrid,207,10,104
hybrid,207,11,110
hybrid,207,12,152
hybrid,207,13,143
hybrid,207,14,10
hybrid,207,15,130
hybrid,207,16,26
hybrid,207,17,147
hybrid,207,18,80
hybrid,207,19,92
hybrid,207,20,1
hybrid,208,1,31
hybrid,208,2,22
hybrid,208,3,9
hybrid,208,4,86
hybrid,208,5,46
hybrid,208,6,51
hybrid,208,7,32
hybrid,208,8,26
hybrid,208,9,145
hybrid,208,10,84
hybrid,208,11,68
hybrid,208,12,1
hybrid,208,13,11
hybrid,208,14,17
hybrid,208,15,66
hybrid,208,16,138
hybrid,208,17,3
hybrid,208,18,2
hybrid,208,19,10
hybrid,208,20,18
hybrid,209,1,180
hybrid,209,2,17
hybrid,209,3,1
hybrid,209,4,22
hybrid,209,5,11
hybrid,209,6,9
hybrid,209,7,20
hybrid,209,8,102
hybrid,209,9,18
hybrid,209,10,2
hybrid,209,11,19
hybrid,209,12,169
hybrid,209,13,37
hybrid,209,14,34
hybrid,209,15,31
hybrid,209,16,51
hybrid,209,17,3
hybrid,209,18,46
hybrid,209,19,49
hybrid,209,20,32
hybrid,210,1,57
hybrid,210,2,2
hybrid,210,3,152
hybrid,210,4,1
hybrid,210,5,11
hybrid,210,6,143
hybrid,210,7,9
hybrid,210,8,133
hybrid,210,9,192
hybrid,210,10,10
hybrid,210,11,26
hybrid,210,12,19
hybrid,210,13,20
hybrid,210,14,166
hybrid,210,15,71
hybrid,210,16,63
hybrid,210,17,84
hybrid,210,18,43
hybrid,210,19,92
hybrid,210,20,80
hybrid,211,1,1
hybrid,211,2,11
hybrid,211,3,17
hybrid,211,4,22
hybrid,211,5,20
hybrid,211,6,9
hybrid,211,7,18
hybrid,211,8,176
hybrid,211,9,19
hybrid,211,10,34
hybrid,211,11,49
hybrid,211,12,3
hybrid,211,13,31
hybrid,211,14,37
hybrid,211,15,2
hybrid,211,16,51
hybrid,211,17,46
hybrid,211,18,53
hybrid,211,19,48
hybrid,211,20,66
hybrid,212,1,102
hybrid,212,2,17
hybrid,212,3,93
hybrid,212,4,20
hybrid,212,5,10
hybrid,212,6,19
hybrid,212,7,61
hybrid,212,8,15
hybrid,212,9,34
hybrid,212,10,71
hybrid,212,11,37
hybrid,212,12,53
hybrid,212,13,18
hybrid,212,14,151
hybrid,212,15,80
hybrid,212,16,51
hybrid,212,17,160
hybrid,212,18,178
hybrid,212,19,3
hybrid,212,20,125
hybrid,213,1,108
hybrid,213,2,2
hybrid,213,3,133
hybrid,213,4,166
hybrid,213,5,110
hybrid,213,6,107
hybrid,213,7,111
hybrid,213,8,106
hybrid,213,9,104
hybrid,213,10,57
hybrid,213,11,109
hybrid,213,12,152
hybrid,213,13,143
hybrid,213,14,10
hybrid,213,15,147
hybrid,213,16,130
hybrid,213,17,26
hybrid,213,18,66
hybrid,213,19,80
hybrid,213,20,1
hybrid,214,1,37
hybrid,214,2,20
hybrid,214,3,17
hybrid,214,4,10
hybrid,214,5,61
hybrid,214,6,15
hybrid,214,7,71
hybrid,214,8,169
hybrid,214,9,59
hybrid,214,10,80
hybrid,214,11,102
hybrid,214,12,183
hybrid,214,13,93
hybrid,214,14,34
hybrid,214,15,143
hybrid,214,16,53
hybrid,214,17,19
hybrid,214,18,18
hybrid,214,19,161
hybrid,214,20,142
hybrid,215,1,111
hybrid,215,2,2
hybrid,215,3,133
hybrid,215,4,166
hybrid,215,5,104
hybrid,215,6,109
hybrid,215,7,108
hybrid,215,8,107
hybrid,215,9,57
hybrid,215,10,110
hybrid,215,11,106
hybrid,215,12,152
hybrid,215,13,143
hybrid,215,14,10
hybrid,215,15,26
hybrid,215,16,130
hybrid,215,17,147
hybrid,215,18,1
hybrid,215,19,80
hybrid,215,20,66
hybrid,216,1,108
hybrid,216,2,106
hybrid,216,3,2
hybrid,216,4,20
hybrid,216,5,133
hybrid,216,6,19
hybrid,216,7,130
hybrid,216,8,147
hybrid,216,9,71
hybrid,216,10,63
hybrid,216,11,166
hybrid,216,12,57
hybrid,216,13,111
hybrid,216,14,104
hybrid,216,15,1
hybrid,216,16,107
hybrid,216,17,109
hybrid,216,18,11
hybrid,216,19,26
hybrid,216,20,110
hybrid,217,1,3
hybrid,217,2,59
hybrid,217,3,62
hybrid,217,4,48
hybrid,217,5,20
hybrid,217,6,17
hybrid,217,7,37
hybrid,217,8,18
hybrid,217,9,34
hybrid,217,10,15
hybrid,217,11,10
hybrid,217,12,53
hybrid,217,13,19
hybrid,217,14,1
hybrid,217,15,76
hybrid,217,16,11
hybrid,217,17,36
hybrid,217,18,2
hybrid,217,19,9
hybrid,217,20,161
hybrid,218,1,48
hybrid,218,2,59
hybrid,218,3,18
hybrid,218,4,17
hybrid,218,5,1
hybrid,218,6,161
hybrid,218,7,10
hybrid,218,8,12
hybrid,218,9,11
hybrid,218,10,50
hybrid,218,11,3
hybrid,218,12,15
hybrid,218,13,19
hybrid,218,14,26
hybrid,218,15,32
hybrid,218,16,69
hybrid,218,17,53
hybrid,218,18,81
hybrid,218,19,43
hybrid,218,20,37
hybrid,219,1,36
hybrid,219,2,61
hybrid,219,3,62
hybrid,219,4,102
hybrid,219,5,34
hybrid,219,6,53
hybrid,219,7,71
hybrid,219,8,66
hybrid,219,9,2
hybrid,219,10,189
hybrid,219,11,125
hybrid,219,12,17
hybrid,219,13,22
hybrid,219,14,1
hybrid,219,15,11
hybrid,219,16,161
hybrid,219,17,15
hybrid,219,18,10
hybrid,219,19,26
hybrid,219,20,57
hybrid,220,1,11
hybrid,220,2,1
hybrid,220,3,17
hybrid,220,4,22
hybrid,220,5,18
hybrid,220,6,34
hybrid,220,7,9
hybrid,220,8,49
hybrid,220,9,3
hybrid,220,10,176
hybrid,220,11,19
hybrid,220,12,20
hybrid,220,13,31
hybrid,220,14,53
hybrid,220,15,86
hybrid,220,16,37
hybrid,220,17,32
hybrid,220,18,46
hybrid,220,19,2
hybrid,220,20,51
hybrid,221,1,9
hybrid,221,2,84
hybrid,221,3,22
hybrid,221,4,46
hybrid,221,5,32
hybrid,221,6,68
hybrid,221,7,26
hybrid,221,8,145
hybrid,221,9,103
hybrid,221,10,31
hybrid,221,11,2
hybrid,221,12,1
hybrid,221,13,66
hybrid,221,14,11
hybrid,221,15,92
hybrid,221,16,174
hybrid,221,17,10
hybrid,221,18,57
hybrid,221,19,138
hybrid,221,20,43
hybrid,222,1,69
hybrid,222,2,12
hybrid,222,3,50
hybrid,222,4,81
hybrid,222,5,63
hybrid,222,6,3
hybrid,222,7,73
hybrid,222,8,114
hybrid,222,9,43
hybrid,222,10,59
hybrid,222,11,48
hybrid,222,12,194
hybrid,222,13,141
hybrid,222,14,165
hybrid,222,15,126
hybrid,222,16,150
hybrid,222,17,46
hybrid,222,18,17
hybrid,222,19,1
hybrid,222,20,19
hybrid,223,1,46
hybrid,223,2,22
hybrid,223,3,9
hybrid,223,4,32
hybrid,223,5,84
hybrid,223,6,68
hybrid,223,7,174
hybrid,223,8,31
hybrid,223,9,199
hybrid,223,10,103
hybrid,223,11,26
hybrid,223,12,51
hybrid,223,13,66
hybrid,223,14,86
hybrid,223,15,145
hybrid,223,16,10
hybrid,223,17,17
hybrid,223,18,15
hybrid,223,19,18
hybrid,223,20,1
hybrid,224,1,1
hybrid,224,2,11
hybrid,224,3,9
hybrid,224,4,119
hybrid,224,5,66
hybrid,224,6,113
hybrid,224,7,92
hybrid,224,8,84
hybrid,224,9,2
hybrid,224,10,17
hybrid,224,11,138
hybrid,224,12,145
hybrid,224,13,34
hybrid,224,14,3
hybrid,224,15,10
hybrid,224,16,26
hybrid,224,17,18
hybrid,224,18,22
hybrid,224,19,19
hybrid,224,20,53
hybrid,225,1,189
hybrid,225,2,36
hybrid,225,3,61
hybrid,225,4,34
hybrid,225,5,62
hybrid,225,6,71
hybrid,225,7,66
hybrid,225,8,53
hybrid,225,9,102
hybrid,225,10,125
hybrid,225,11,161
hybrid,225,12,165
hybrid,225,13,180
hybrid,225,14,17
hybrid,225,15,2
hybrid,225,16,20
hybrid,225,17,10
hybrid,225,18,19
hybrid,225,19,26
hybrid,225,20,22
hybrid,226,1,62
hybrid,226,2,36
hybrid,226,3,61
hybrid,226,4,102
hybrid,226,5,34
hybrid,226,6,71
hybrid,226,7,53
hybrid,226,8,66
hybrid,226,9,189
hybrid,226,10,125
hybrid,226,11,161
hybrid,226,12,165
hybrid,226,13,1
hybrid,226,14,17
hybrid,226,15,10
hybrid,226,16,15
hybrid,226,17,20
hybrid,226,18,2
hybrid,226,19,26
hybrid,226,20,19
hybrid,227,1,104
hybrid,227,2,111
hybrid,227,3,110
hybrid,227,4,109
hybrid,227,5,107
hybrid,227,6,2
hybrid,227,7,133
hybrid,227,8,10
hybrid,227,9,166
hybrid,227,10,26
hybrid,227,11,15
hybrid,227,12,66
hybrid,227,13,27
hybrid,227,14,57
hybrid,227,15,108
hybrid,227,16,101
hybrid,227,17,80
hybrid,227,18,106
hybrid,227,19,92
hybrid,227,20,1
hybrid,228,1,32
hybrid,228,2,22
hybrid,228,3,9
hybrid,228,4,46
hybrid,228,5,84
hybrid,228,6,103
hybrid,228,7,68
hybrid,228,8,191
hybrid,228,9,26
hybrid,228,10,174
hybrid,228,11,31
hybrid,228,12,199
hybrid,228,13,43
hybrid,228,14,2
hybrid,228,15,10
hybrid,228,16,15
hybrid,228,17,57
hybrid,228,18,150
hybrid,228,19,118
hybrid,228,20,66
hybrid,229,1,27
hybrid,229,2,101
hybrid,229,3,15
hybrid,229,4,106
hybrid,229,5,111
hybrid,229,6,108
hybrid,229,7,109
hybrid,229,8,110
hybrid,229,9,107
hybrid,229,10,104
hybrid,229,11,2
hybrid,229,12,123
hybrid,229,13,76
hybrid,229,14,83
hybrid,229,15,129
hybrid,229,16,133
hybrid,229,17,22
hybrid,229,18,130
hybrid,229,19,10
hybrid,229,20,26
hybrid,230,1,189
hybrid,230,2,36
hybrid,230,3,61
hybrid,230,4,34
hybrid,230,5,53
hybrid,230,6,71
hybrid,230,7,62
hybrid,230,8,66
hybrid,230,9,102
hybrid,230,10,125
hybrid,230,11,161
hybrid,230,12,165
hybrid,230,13,17
hybrid,230,14,10
hybrid,230,15,15
hybrid,230,16,2
hybrid,230,17,180
hybrid,230,18,9
hybrid,230,19,22
hybrid,230,20,20
hybrid,231,1,63
hybrid,231,2,12
hybrid,231,3,50
hybrid,231,4,69
hybrid,231,5,81
hybrid,231,6,73
hybrid,231,7,3
hybrid,231,8,114
hybrid,231,9,43
hybrid,231,10,48
hybrid,231,11,59
hybrid,231,12,17
hybrid,231,13,141
hybrid,231,14,194
hybrid,231,15,165
hybrid,231,16,46
hybrid,231,17,126
hybrid,231,18,10
hybrid,231,19,11
hybrid,231,20,19
hybrid,232,1,81
hybrid,232,2,12
hybrid,232,3,50
hybrid,232,4,69
hybrid,232,5,63
hybrid,232,6,73
hybrid,232,7,43
hybrid,232,8,114
hybrid,232,9,3
hybrid,232,10,141
hybrid,232,11,46
hybrid,232,12,126
hybrid,232,13,48
hybrid,232,14,194
hybrid,232,15,159
hybrid,232,16,150
hybrid,232,17,165
hybrid,232,18,1
hybrid,232,19,59
hybrid,232,20,17
hybrid,233,1,17
hybrid,233,2,93
hybrid,233,3,151
hybrid,233,4,18
hybrid,233,5,34
hybrid,233,6,19
hybrid,233,7,20
hybrid,233,8,51
hybrid,233,9,37
hybrid,233,10,169
hybrid,233,11,53
hybrid,233,12,15
hybrid,233,13,10
hybrid,233,14,160
hybrid,233,15,125
hybrid,233,16,183
hybrid,233,17,80
hybrid,233,18,71
hybrid,233,19,1
hybrid,233,20,22
hybrid,234,1,81
hybrid,234,2,12
hybrid,234,3,50
hybrid,234,4,69
hybrid,234,5,73
hybrid,234,6,63
hybrid,234,7,43
hybrid,234,8,114
hybrid,234,9,3
hybrid,234,10,46
hybrid,234,11,141
hybrid,234,12,17
hybrid,234,13,59
hybrid,234,14,48
hybrid,234,15,126
hybrid,234,16,194
hybrid,234,17,11
hybrid,234,18,1
hybrid,234,19,10
hybrid,234,20,18
hybrid,235,1,151
hybrid,235,2,17
hybrid,235,3,93
hybrid,235,4,18
hybrid,235,5,34
hybrid,235,6,20
hybrid,235,7,19
hybrid,235,8,37
hybrid,235,9,51
hybrid,235,10,53
hybrid,235,11,10
hybrid,235,12,125
hybrid,235,13,15
hybrid,235,14,71
hybrid,235,15,80
hybrid,235,16,1
hybrid,235,17,61
hybrid,235,18,160
hybrid,235,19,11
hybrid,235,20,3
hybrid,236,1,84
hybrid,236,2,9
hybrid,236,3,22
hybrid,236,4,1
hybrid,236,5,46
hybrid,236,6,32
hybrid,236,7,11
hybrid,236,8,43
hybrid,236,9,68
hybrid,236,10,103
hybrid,236,11,118
hybrid,236,12,2
hybrid,236,13,92
hybrid,236,14,150
hybrid,236,15,119
hybrid,236,16,174
hybrid,236,17,66
hybrid,236,18,113
hybrid,236,19,17
hybrid,236,20,10
hybrid,237,1,15
hybrid,237,2,27
hybrid,237,3,108
hybrid,237,4,104
hybrid,237,5,101
hybrid,237,6,107
hybrid,237,7,111
hybrid,237,8,110
hybrid,237,9,106
hybrid,237,10,109
hybrid,237,11,10
hybrid,237,12,129
hybrid,237,13,76
hybrid,237,14,83
hybrid,237,15,123
hybrid,237,16,2
hybrid,237,17,133
hybrid,237,18,130
hybrid,237,19,22
hybrid,237,20,26
hybrid,238,1,111
hybrid,238,2,2
hybrid,238,3,133
hybrid,238,4,166
hybrid,238,5,108
hybrid,238,6,107
hybrid,238,7,104
hybrid,238,8,110
hybrid,238,9,106
hybrid,238,10,109
hybrid,238,11,57
hybrid,238,12,152
hybrid,238,13,143
hybrid,238,14,10
hybrid,238,15,130
hybrid,238,16,26
hybrid,238,17,147
hybrid,238,18,66
hybrid,238,19,20
hybrid,238,20,80
hybrid,239,1,102
hybrid,239,2,2
hybrid,239,3,17
hybrid,239,4,22
hybrid,239,5,9
hybrid,239,6,10
hybrid,239,7,180
hybrid,239,8,1
hybrid,239,9,26
hybrid,239,10,169
hybrid,239,11,15
hybrid,239,12,11
hybrid,239,13,20
hybrid,239,14,18
hybrid,239,15,19
hybrid,239,16,57
hybrid,239,17,46
hybrid,239,18,36
hybrid,239,19,34
hybrid,239,20,183
hybrid,240,1,145
hybrid,240,2,9
hybrid,240,3,26
hybrid,240,4,84
hybrid,240,5,22
hybrid,240,6,1
hybrid,240,7,31
hybrid,240,8,11
hybrid,240,9,66
hybrid,240,10,138
hybrid,240,11,2
hybrid,240,12,92
hybrid,240,13,10
hybrid,240,14,46
hybrid,240,15,51
hybrid,240,16,57
hybrid,240,17,86
hybrid,240,18,113
hybrid,240,19,119
hybrid,240,20,32
hybrid,241,1,166
hybrid,241,2,2
hybrid,241,3,133
hybrid,241,4,108
hybrid,241,5,111
hybrid,241,6,107
hybrid,241,7,110
hybrid,241,8,106
hybrid,241,9,104
hybrid,241,10,57
hybrid,241,11,109
hybrid,241,12,152
hybrid,241,13,143
hybrid,241,14,10
hybrid,241,15,130
hybrid,241,16,26
hybrid,241,17,147
hybrid,241,18,66
hybrid,241,19,80
hybrid,241,20,20
hybrid,242,1,106
hybrid,242,2,2
hybrid,242,3,108
hybrid,242,4,152
hybrid,242,5,57
hybrid,242,6,143
hybrid,242,7,10
hybrid,242,8,20
hybrid,242,9,19
hybrid,242,10,130
hybrid,242,11,133
hybrid,242,12,71
hybrid,242,13,26
hybrid,242,14,147
hybrid,242,15,166
hybrid,242,16,66
hybrid,242,17,63
hybrid,242,18,80
hybrid,242,19,92
hybrid,242,20,175
hybrid,243,1,22
hybrid,243,2,9
hybrid,243,3,84
hybrid,243,4,46
hybrid,243,5,32
hybrid,243,6,68
hybrid,243,7,103
hybrid,243,8,145
hybrid,243,9,26
hybrid,243,10,31
hybrid,243,11,66
hybrid,243,12,1
hybrid,243,13,11
hybrid,243,14,174
hybrid,243,15,2
hybrid,243,16,92
hybrid,243,17,10
hybrid,243,18,138
hybrid,243,19,43
hybrid,243,20,199
hybrid,244,1,2
hybrid,244,2,133
hybrid,244,3,166
hybrid,244,4,108
hybrid,244,5,106
hybrid,244,6,111
hybrid,244,7,110
hybrid,244,8,57
hybrid,244,9,104
hybrid,244,10,107
hybrid,244,11,109
hybrid,244,12,152
hybrid,244,13,143
hybrid,244,14,26
hybrid,244,15,10
hybrid,244,16,147
hybrid,244,17,130
hybrid,244,18,66
hybrid,244,19,80
hybrid,244,20,1
hybrid,245,1,36
hybrid,245,2,62
hybrid,245,3,61
hybrid,245,4,102
hybrid,245,5,34
hybrid,245,6,2
hybrid,245,7,71
hybrid,245,8,53
hybrid,245,9,15
hybrid,245,10,17
hybrid,245,11,66
hybrid,245,12,1
hybrid,245,13,10
hybrid,245,14,11
hybrid,245,15,26
hybrid,245,16,20
hybrid,245,17,22
hybrid,245,18,125
hybrid,245,19,9
hybrid,245,20,19
hybrid,246,1,26
hybrid,246,2,9
hybrid,246,3,2
hybrid,246,4,10
hybrid,246,5,145
hybrid,246,6,22
hybrid,246,7,57
hybrid,246,8,103
hybrid,246,9,31
hybrid,246,10,84
hybrid,246,11,1
hybrid,246,12,171
hybrid,246,13,107
hybrid,246,14,111
hybrid,246,15,80
hybrid,246,16,11
hybrid,246,17,109
hybrid,246,18,104
hybrid,246,19,92
hybrid,246,20,110
hybrid,247,1,18
hybrid,247,2,34
hybrid,247,3,17
hybrid,247,4,19
hybrid,247,5,53
hybrid,247,6,51
hybrid,247,7,93
hybrid,247,8,151
hybrid,247,9,125
hybrid,247,10,9
hybrid,247,11,1
hybrid,247,12,11
hybrid,247,13,22
hybrid,247,14,3
hybrid,247,15,20
hybrid,247,16,176
hybrid,247,17,46
hybrid,247,18,49
hybrid,247,19,32
hybrid,247,20,37
hybrid,248,1,108
hybrid,248,2,106
hybrid,248,3,2
hybrid,248,4,133
hybrid,248,5,130
hybrid,248,6,147
hybrid,248,7,166
hybrid,248,8,111
hybrid,248,9,104
hybrid,248,10,57
hybrid,248,11,107
hybrid,248,12,110
hybrid,248,13,109
hybrid,248,14,175
hybrid,248,15,19
hybrid,248,16,10
hybrid,248,17,143
hybrid,248,18,15
hybrid,248,19,152
hybrid,248,20,20
hybrid,249,1,22
hybrid,249,2,9
hybrid,249,3,84
hybrid,249,4,46
hybrid,249,5,32
hybrid,249,6,68
hybrid,249,7,26
hybrid,249,8,103
hybrid,249,9,145
hybrid,249,10,2
hybrid,249,11,31
hybrid,249,12,66
hybrid,249,13,92
hybrid,249,14,174
hybrid,249,15,1
hybrid,249,16,10
hybrid,249,17,57
hybrid,249,18,11
hybrid,249,19,43
hybrid,249,20,138
hybrid,250,1,165
hybrid,250,2,69
hybrid,250,3,50
hybrid,250,4,12
hybrid,250,5,63
hybrid,250,6,46
hybrid,250,7,73
hybrid,250,8,81
hybrid,250,9,3
hybrid,250,10,114
hybrid,250,11,43
hybrid,250,12,62
hybrid,250,13,59
hybrid,250,14,48
hybrid,250,15,17
hybrid,250,16,126
hybrid,250,17,194
hybrid,250,18,141
hybrid,250,19,1
hybrid,250,20,76
hybrid,251,1,111
hybrid,251,2,109
hybrid,251,3,107
hybrid,251,4,104
hybrid,251,5,110
hybrid,251,6,133
hybrid,251,7,2
hybrid,251,8,1
hybrid,251,9,11
hybrid,251,10,9
hybrid,251,11,15
hybrid,251,12,10
hybrid,251,13,26
hybrid,251,14,49
hybrid,251,15,27
hybrid,251,16,166
hybrid,251,17,57
hybrid,251,18,108
hybrid,251,19,101
hybrid,251,20,92
hybrid,252,1,34
hybrid,252,2,36
hybrid,252,3,61
hybrid,252,4,62
hybrid,252,5,102
hybrid,252,6,53
hybrid,252,7,71
hybrid,252,8,66
hybrid,252,9,165
hybrid,252,10,2
hybrid,252,11,125
hybrid,252,12,17
hybrid,252,13,22
hybrid,252,14,9
hybrid,252,15,10
hybrid,252,16,1
hybrid,252,17,11
hybrid,252,18,26
hybrid,252,19,15
hybrid,252,20,18
hybrid,253,1,32
hybrid,253,2,9
hybrid,253,3,84
hybrid,253,4,22
hybrid,253,5,46
hybrid,253,6,68
hybrid,253,7,103
hybrid,253,8,26
hybrid,253,9,145
hybrid,253,10,31
hybrid,253,11,66
hybrid,253,12,1
hybrid,253,13,92
hybrid,253,14,11
hybrid,253,15,174
hybrid,253,16,10
hybrid,253,17,2
hybrid,253,18,138
hybrid,253,19,43
hybrid,253,20,199
hybrid,254,1,36
hybrid,254,2,61
hybrid,254,3,62
hybrid,254,4,102
hybrid,254,5,34
hybrid,254,6,53
hybrid,254,7,71
hybrid,254,8,66
hybrid,254,9,189
hybrid,254,10,125
hybrid,254,11,2
hybrid,254,12,161
hybrid,254,13,17
hybrid,254,14,1
hybrid,254,15,22
hybrid,254,16,11
hybrid,254,17,26
hybrid,254,18,165
hybrid,254,19,10
hybrid,254,20,9
hybrid,255,1,12
hybrid,255,2,50
hybrid,255,3,69
hybrid,255,4,81
hybrid,255,5,63
hybrid,255,6,73
hybrid,255,7,114
hybrid,255,8,194
hybrid,255,9,59
hybrid,255,10,43
hybrid,255,11,48
hybrid,255,12,141
hybrid,255,13,165
hybrid,255,14,159
hybrid,255,15,46
hybrid,255,16,177
hybrid,255,17,150
hybrid,255,18,126
hybrid,255,19,1
hybrid,255,20,11
hybrid,256,1,57
hybrid,256,2,2
hybrid,256,3,152
hybrid,256,4,143
hybrid,256,5,10
hybrid,256,6,9
hybrid,256,7,1
hybrid,256,8,133
hybrid,256,9,11
hybrid,256,10,192
hybrid,256,11,20
hybrid,256,12,26
hybrid,256,13,19
hybrid,256,14,71
hybrid,256,15,166
hybrid,256,16,80
hybrid,256,17,92
hybrid,256,18,43
hybrid,256,19,66
hybrid,256,20,63
hybrid,257,1,69
hybrid,257,2,12
hybrid,257,3,50
hybrid,257,4,81
hybrid,257,5,63
hybrid,257,6,73
hybrid,257,7,114
hybrid,257,8,3
hybrid,257,9,43
hybrid,257,10,141
hybrid,257,11,194
hybrid,257,12,46
hybrid,257,13,150
hybrid,257,14,159
hybrid,257,15,126
hybrid,257,16,177
hybrid,257,17,1
hybrid,257,18,11
hybrid,257,19,17
hybrid,257,20,18
hybrid,258,1,46
hybrid,258,2,9
hybrid,258,3,84
hybrid,258,4,22
hybrid,258,5,32
hybrid,258,6,103
hybrid,258,7,68
hybrid,258,8,26
hybrid,258,9,145
hybrid,258,10,31
hybrid,258,11,66
hybrid,258,12,2
hybrid,258,13,1
hybrid,258,14,11
hybrid,258,15,174
hybrid,258,16,92
hybrid,258,17,10
hybrid,258,18,43
hybrid,258,19,57
hybrid,258,20,199
hybrid,259,1,32
hybrid,259,2,22
hybrid,259,3,9
hybrid,259,4,46
hybrid,259,5,84
hybrid,259,6,103
hybrid,259,7,68
hybrid,259,8,26
hybrid,259,9,2
hybrid,259,10,191
hybrid,259,11,31
hybrid,259,12,174
hybrid,259,13,57
hybrid,259,14,10
hybrid,259,15,15
hybrid,259,16,43
hybrid,259,17,199
hybrid,259,18,145
hybrid,259,19,118
hybrid,259,20,126
hybrid,260,1,36
hybrid,260,2,62
hybrid,260,3,2
hybrid,260,4,61
hybrid,260,5,17
hybrid,260,6,1
hybrid,260,7,10
hybrid,260,8,22
hybrid,260,9,11
hybrid,260,10,26
hybrid,260,11,9
hybrid,260,12,15
hybrid,260,13,20
hybrid,260,14,102
hybrid,260,15,19
hybrid,260,16,57
hybrid,260,17,18
hybrid,260,18,37
hybrid,260,19,31
hybrid,260,20,3
hybrid,261,1,34
hybrid,261,2,36
hybrid,261,3,61
hybrid,261,4,62
hybrid,261,5,102
hybrid,261,6,53
hybrid,261,7,71
hybrid,261,8,66
hybrid,261,9,189
hybrid,261,10,125
hybrid,261,11,161
hybrid,261,12,165
hybrid,261,13,17
hybrid,261,14,2
hybrid,261,15,1
hybrid,261,16,20
hybrid,261,17,19
hybrid,261,18,11
hybrid,261,19,180
hybrid,261,20,26
hybrid,262,1,9
hybrid,262,2,145
hybrid,262,3,22
hybrid,262,4,84
hybrid,262,5,26
hybrid,262,6,1
hybrid,262,7,11
hybrid,262,8,31
hybrid,262,9,138
hybrid,262,10,2
hybrid,262,11,92
hybrid,262,12,66
hybrid,262,13,10
hybrid,262,14,46
hybrid,262,15,51
hybrid,262,16,86
hybrid,262,17,32
hybrid,262,18,57
hybrid,262,19,119
hybrid,262,20,113
hybrid,263,1,183
hybrid,263,2,169
hybrid,263,3,20
hybrid,263,4,37
hybrid,263,5,9
hybrid,263,6,22
hybrid,263,7,59
hybrid,263,8,2
hybrid,263,9,17
hybrid,263,10,1
hybrid,263,11,160
hybrid,263,12,18
hybrid,263,13,10
hybrid,263,14,11
hybrid,263,15,15
hybrid,263,16,26
hybrid,263,17,34
hybrid,263,18,51
hybrid,263,19,32
hybrid,263,20,19
hybrid,264,1,26
hybrid,264,2,2
hybrid,264,3,9
hybrid,264,4,10
hybrid,264,5,145
hybrid,264,6,22
hybrid,264,7,84
hybrid,264,8,103
hybrid,264,9,66
hybrid,264,10,31
hybrid,264,11,57
hybrid,264,12,80
hybrid,264,13,171
hybrid,264,14,1
hybrid,264,15,92
hybrid,264,16,11
hybrid,264,17,104
hybrid,264,18,138
hybrid,264,19,111
hybrid,264,20,110
hybrid,265,1,133
hybrid,265,2,2
hybrid,265,3,166
hybrid,265,4,111
hybrid,265,5,108
hybrid,265,6,104
hybrid,265,7,109
hybrid,265,8,57
hybrid,265,9,107
hybrid,265,10,106
hybrid,265,11,110
hybrid,265,12,152
hybrid,265,13,143
hybrid,265,14,10
hybrid,265,15,26
hybrid,265,16,130
hybrid,265,17,147
hybrid,265,18,80
hybrid,265,19,9
hybrid,265,20,66
hybrid,266,1,9
hybrid,266,2,84
hybrid,266,3,22
hybrid,266,4,46
hybrid,266,5,32
hybrid,266,6,103
hybrid,266,7,68
hybrid,266,8,26
hybrid,266,9,145
hybrid,266,10,66
hybrid,266,11,31
hybrid,266,12,1
hybrid,266,13,2
hybrid,266,14,11
hybrid,266,15,174
hybrid,266,16,92
hybrid,266,17,138
hybrid,266,18,10
hybrid,266,19,199
hybrid,266,20,43
hybrid,267,1,165
hybrid,267,2,36
hybrid,267,3,61
hybrid,267,4,34
hybrid,267,5,71
hybrid,267,6,53
hybrid,267,7,62
hybrid,267,8,66
hybrid,267,9,1
hybrid,267,10,17
hybrid,267,11,2
hybrid,267,12,10
hybrid,267,13,20
hybrid,267,14,15
hybrid,267,15,189
hybrid,267,16,46
hybrid,267,17,19
hybrid,267,18,26
hybrid,267,19,125
hybrid,267,20,3
hybrid,268,1,36
hybrid,268,2,61
hybrid,268,3,62
hybrid,268,4,34
hybrid,268,5,102
hybrid,268,6,53
hybrid,268,7,71
hybrid,268,8,66
hybrid,268,9,22
hybrid,268,10,189
hybrid,268,11,2
hybrid,268,12,9
hybrid,268,13,125
hybrid,268,14,17
hybrid,268,15,1
hybrid,268,16,10
hybrid,268,17,11
hybrid,268,18,26
hybrid,268,19,18
hybrid,268,20,57
hybrid,269,1,17
hybrid,269,2,20
hybrid,269,3,37
hybrid,269,4,160
hybrid,269,5,93
hybrid,269,6,10
hybrid,269,7,169
hybrid,269,8,15
hybrid,269,9,102
hybrid,269,10,19
hybrid,269,11,183
hybrid,269,12,18
hybrid,269,13,71
hybrid,269,14,34
hybrid,269,15,151
hybrid,269,16,53
hybrid,269,17,80
hybrid,269,18,61
hybrid,269,19,51
hybrid,269,20,125
hybrid,270,1,106
hybrid,270,2,108
hybrid,270,3,2
hybrid,270,4,133
hybrid,270,5,130
hybrid,270,6,147
hybrid,270,7,166
hybrid,270,8,57
hybrid,270,9,111
hybrid,270,10,109
hybrid,270,11,104
hybrid,270,12,107
hybrid,270,13,175
hybrid,270,14,110
hybrid,270,15,15
hybrid,270,16,152
hybrid,270,17,27
hybrid,270,18,26
hybrid,270,19,10
hybrid,270,20,143
hybrid,271,1,103
hybrid,271,2,9
hybrid,271,3,84
hybrid,271,4,22
hybrid,271,5,26
hybrid,271,6,46
hybrid,271,7,32
hybrid,271,8,43
hybrid,271,9,68
hybrid,271,10,2
hybrid,271,11,10
hybrid,271,12,118
hybrid,271,13,145
hybrid,271,14,150
hybrid,271,15,57
hybrid,271,16,191
hybrid,271,17,31
hybrid,271,18,80
hybrid,271,19,1
hybrid,271,20,11
hybrid,272,1,133
hybrid,272,2,2
hybrid,272,3,166
hybrid,272,4,108
hybrid,272,5,109
hybrid,272,6,111
hybrid,272,7,104
hybrid,272,8,107
hybrid,272,9,110
hybrid,272,10,106
hybrid,272,11,57
hybrid,272,12,152
hybrid,272,13,130
hybrid,272,14,143
hybrid,272,15,26
hybrid,272,16,147
hybrid,272,17,10
hybrid,272,18,66
hybrid,272,19,80
hybrid,272,20,175
hybrid,273,1,53
hybrid,273,2,36
hybrid,273,3,34
hybrid,273,4,2
hybrid,273,5,9
hybrid,273,6,61
hybrid,273,7,62
hybrid,273,8,71
hybrid,273,9,66
hybrid,273,10,22
hybrid,273,11,17
hybrid,273,12,1
hybrid,273,13,10
hybrid,273,14,26
hybrid,273,15,11
hybrid,273,16,125
hybrid,273,17,102
hybrid,273,18,20
hybrid,273,19,31
hybrid,273,20,19
hybrid,274,1,50
hybrid,274,2,12
hybrid,274,3,69
hybrid,274,4,63
hybrid,274,5,81
hybrid,274,6,46
hybrid,274,7,73
hybrid,274,8,43
hybrid,274,9,3
hybrid,274,10,114
hybrid,274,11,165
hybrid,274,12,141
hybrid,274,13,194
hybrid,274,14,159
hybrid,274,15,126
hybrid,274,16,150
hybrid,274,17,62
hybrid,274,18,177
hybrid,274,19,76
hybrid,274,20,1
hybrid,275,1,9
hybrid,275,2,145
hybrid,275,3,84
hybrid,275,4,26
hybrid,275,5,22
hybrid,275,6,1
hybrid,275,7,11
hybrid,275,8,138
hybrid,275,9,66
hybrid,275,10,31
hybrid,275,11,2
hybrid,275,12,92
hybrid,275,13,10
hybrid,275,14,46
hybrid,275,15,51
hybrid,275,16,86
hybrid,275,17,32
hybrid,275,18,119
hybrid,275,19,57
hybrid,275,20,113
hybrid,276,1,36
hybrid,276,2,61
hybrid,276,3,62
hybrid,276,4,17
hybrid,276,5,22
hybrid,276,6,2
hybrid,276,7,9
hybrid,276,8,1
hybrid,276,9,10
hybrid,276,10,11
hybrid,276,11,18
hybrid,276,12,20
hybrid,276,13,102
hybrid,276,14,34
hybrid,276,15,19
hybrid,276,16,26
hybrid,276,17,15
hybrid,276,18,53
hybrid,276,19,46
hybrid,276,20,37
hybrid,277,1,20
hybrid,277,2,37
hybrid,277,3,17
hybrid,277,4,169
hybrid,277,5,93
hybrid,277,6,183
hybrid,277,7,34
hybrid,277,8,151
hybrid,277,9,18
hybrid,277,10,53
hybrid,277,11,19
hybrid,277,12,61
hybrid,277,13,10
hybrid,277,14,71
hybrid,277,15,15
hybrid,277,16,59
hybrid,277,17,51
hybrid,277,18,160
hybrid,277,19,176
hybrid,277,20,80
hybrid,278,1,69
hybrid,278,2,12
hybrid,278,3,50
hybrid,278,4,63
hybrid,278,5,81
hybrid,278,6,46
hybrid,278,7,114
hybrid,278,8,3
hybrid,278,9,73
hybrid,278,10,43
hybrid,278,11,141
hybrid,278,12,165
hybrid,278,13,194
hybrid,278,14,62
hybrid,278,15,126
hybrid,278,16,150
hybrid,278,17,20
hybrid,278,18,159
hybrid,278,19,37
hybrid,278,20,17
hybrid,279,1,62
hybrid,279,2,36
hybrid,279,3,61
hybrid,279,4,102
hybrid,279,5,34
hybrid,279,6,53
hybrid,279,7,71
hybrid,279,8,66
hybrid,279,9,189
hybrid,279,10,125
hybrid,279,11,2
hybrid,279,12,1
hybrid,279,13,161
hybrid,279,14,17
hybrid,279,15,11
hybrid,279,16,22
hybrid,279,17,15
hybrid,279,18,10
hybrid,279,19,26
hybrid,279,20,165
hybrid,280,1,43
hybrid,280,2,9
hybrid,280,3,84
hybrid,280,4,103
hybrid,280,5,118
hybrid,280,6,150
hybrid,280,7,22
hybrid,280,8,1
hybrid,280,9,46
hybrid,280,10,2
hybrid,280,11,32
hybrid,280,12,11
hybrid,280,13,10
hybrid,280,14,26
hybrid,280,15,66
hybrid,280,16,68
hybrid,280,17,36
hybrid,280,18,80
hybrid,280,19,57
hybrid,280,20,141
